total_price,total_freight,average_price,average_freight,item_count,customer_state,order_month,order_dayofweek,order_year,actual_delivery_days,predicted_delivery_days,prediction_error,risk_level
28.68,94.74,4.78,15.79,6,RJ,1,4,2018,7.981712962962963,22.9708657888587,14.989152825895736,High Risk
137.7,63.449999999999996,45.9,21.15,3,RN,12,1,2017,15.414733796296296,21.466532075806597,6.051798279510301,High Risk
146.99,33.48,146.99,33.48,1,PA,11,4,2017,24.11454861111111,23.584437757788194,0.5301108533229169,High Risk
121.97,21.25,121.97,21.25,1,RS,12,0,2017,9.804293981481482,22.356344413888788,12.552050432407306,High Risk
89.9,17.88,89.9,17.88,1,RJ,11,5,2017,17.067372685185184,21.374366872508695,4.306994187323511,High Risk
39.99,15.1,39.99,15.1,1,RS,2,6,2018,24.316979166666666,21.296363205823422,3.0206159608432444,High Risk
189.0,17.76,189.0,17.76,1,MS,11,2,2017,15.782534722222222,20.44137835152436,4.6588436293021385,High Risk
86.9,33.06,86.9,33.06,1,CE,1,2,2018,23.574467592592594,27.185344359839174,3.6108767672465802,High Risk
250.0,62.49,250.0,62.49,1,RS,2,4,2018,38.82273148148148,22.24991982484472,16.572811656636762,High Risk
13.65,17.63,13.65,17.63,1,CE,2,6,2018,31.05119212962963,26.347531557946677,4.703660571682953,High Risk
99.9,21.19,99.9,21.19,1,RJ,11,3,2017,12.812048611111111,21.621837125537365,8.809788514426254,High Risk
219.0,65.77,219.0,65.77,1,MA,3,5,2018,16.16337962962963,23.51563270495214,7.352253075322508,High Risk
339.96,108.24,84.99,27.06,4,MT,3,2,2017,26.95576388888889,21.098287955218407,5.857475933670482,High Risk
949.9,104.73,949.9,104.73,1,PE,1,0,2018,14.992835648148148,34.19603384645682,19.203198198308673,High Risk
359.0,29.36,359.0,29.36,1,PE,3,0,2018,8.336736111111112,21.741121453451274,13.404385342340163,High Risk
161.7,52.89,53.9,17.63,3,RS,2,3,2018,20.21474537037037,21.349821045357263,1.1350756749868935,High Risk
139.99,28.34,139.99,28.34,1,RJ,2,1,2018,80.51341435185185,24.87480215595761,55.63861219589424,High Risk
221.5,17.31,221.5,17.31,1,RJ,2,0,2018,31.691099537037037,26.55689439805668,5.134205138980356,High Risk
79.9,27.29,79.9,27.29,1,BA,3,2,2018,30.110127314814815,21.93652598417814,8.173601330636675,High Risk
412.91,40.44,412.91,40.44,1,CE,12,4,2017,21.056284722222223,24.688360312561258,3.632075590339035,High Risk
199.9,20.89,199.9,20.89,1,RJ,11,0,2017,11.668969907407407,21.119734477928723,9.450764570521317,High Risk
70.0,16.25,70.0,16.25,1,RJ,3,3,2018,36.95842592592592,25.684893292056174,11.273532633869749,High Risk
380.9,22.72,380.9,22.72,1,CE,3,1,2018,9.474988425925925,26.73500072071577,17.260012294789846,High Risk
85.0,16.84,85.0,16.84,1,RJ,11,0,2017,9.411180555555555,20.416047090366483,11.004866534810928,High Risk
78.0,18.43,78.0,18.43,1,RJ,3,3,2018,25.979363425925925,25.884426728043135,0.09493669788279036,High Risk
79.9,17.81,79.9,17.81,1,RJ,11,5,2017,19.124027777777776,21.435842933406164,2.3118151556283877,High Risk
27.9,25.63,27.9,25.63,1,CE,2,6,2018,36.093472222222225,27.164749452610852,8.928722769611372,High Risk
40.5,26.79,40.5,26.79,1,CE,3,3,2018,7.114583333333333,27.509176167920693,20.39459283458736,High Risk
296.0,25.72,296.0,25.72,1,RJ,3,6,2018,13.737118055555555,25.449821023443427,11.712702967887871,High Risk
94.99,17.94,94.99,17.94,1,CE,2,0,2018,34.735416666666666,27.061897854107755,7.67351881255891,High Risk
10.99,34.15,10.99,34.15,1,AL,2,1,2018,14.793275462962963,21.997305082942848,7.204029619979885,High Risk
122.99,18.74,122.99,18.74,1,GO,3,0,2018,9.535462962962963,21.349821045357263,11.8143580823943,High Risk
83.49,18.46,83.49,18.46,1,RJ,3,1,2018,14.121701388888889,25.884426728043135,11.762725339154246,High Risk
129.0,23.77,129.0,23.77,1,ES,12,2,2017,38.4666087962963,21.839923729846113,16.626685066450186,High Risk
199.98,26.68,199.98,26.68,1,CE,12,6,2017,25.985381944444445,23.376821912416926,2.608560032027519,High Risk
107.0,58.54,107.0,58.54,1,ES,1,5,2018,19.478993055555556,24.193850978703413,4.714857923147857,High Risk
49.9,15.1,49.9,15.1,1,SC,2,3,2018,35.025729166666665,21.269407490544424,13.75632167612224,High Risk
43.0,16.6,43.0,16.6,1,RJ,12,4,2017,20.77625,21.874698497322285,1.0984484973222841,High Risk
160.99,21.62,160.99,21.62,1,RJ,11,5,2017,10.099502314814815,22.58691764369873,12.487415328883914,High Risk
56.85,16.84,56.85,16.84,1,MT,11,3,2017,11.306909722222223,20.339350916086648,9.032441193864425,High Risk
59.9,17.67,59.9,17.67,1,RS,11,1,2017,15.0853125,20.52475256819225,5.439440068192248,High Risk
15.0,17.63,15.0,17.63,1,PE,11,2,2017,8.566493055555556,20.211259032457928,11.644765976902372,High Risk
89.99,18.2,89.99,18.2,1,BA,11,1,2017,14.106145833333333,20.36238607651339,6.256240243180056,High Risk
99.0,20.74,99.0,20.74,1,CE,3,1,2018,6.084224537037037,26.698870091022414,20.614645553985376,High Risk
114.9,33.25,114.9,33.25,1,TO,2,6,2018,36.12929398148148,21.80708154419944,14.32221243728204,High Risk
299.9,29.48,299.9,29.48,1,RS,11,3,2017,15.246307870370371,21.89543763518236,6.64912976481199,High Risk
194.8,15.11,194.8,15.11,1,RJ,2,0,2018,10.097870370370371,26.222055410901895,16.124185040531522,High Risk
457.99,17.96,457.99,17.96,1,RJ,2,2,2018,19.18255787037037,26.61745902129638,7.4349011509260094,High Risk
108.0,19.3,108.0,19.3,1,BA,2,5,2018,9.487407407407407,21.349821045357263,11.862413637949857,High Risk
169.0,57.85,169.0,57.85,1,RJ,12,1,2017,39.73864583333334,24.770745782185685,14.967900051147652,High Risk
149.99,18.62,149.99,18.62,1,MS,11,5,2017,23.365023148148147,20.787076800516438,2.577946347631709,High Risk
149.9,25.18,149.9,25.18,1,PA,3,1,2018,14.507013888888888,36.615003934640335,22.107990045751446,High Risk
759.9,21.89,759.9,21.89,1,BA,2,2,2018,16.789548611111112,21.349821045357263,4.560272434246151,High Risk
86.9,21.1,86.9,21.1,1,DF,2,0,2018,16.74375,21.349821045357263,4.606071045357265,High Risk
49.0,21.15,49.0,21.15,1,PB,2,4,2018,12.944988425925926,21.349821045357263,8.404832619431337,High Risk
44.88,41.11,44.88,41.11,1,SC,3,1,2018,10.289606481481481,21.923899060183068,11.634292578701587,High Risk
100.4,35.83,100.4,35.83,1,MS,3,0,2018,28.283796296296295,21.849790041352353,6.434006254943942,High Risk
149.9,20.02,149.9,20.02,1,PB,3,4,2018,6.257314814814815,21.349821045357263,15.092506230542448,High Risk
61.5,18.31,61.5,18.31,1,RJ,3,3,2018,35.808113425925924,25.884426728043135,9.92368669788279,High Risk
190.9,16.09,190.9,16.09,1,RJ,11,6,2017,19.853078703703705,20.968853831071584,1.115775127367879,High Risk
229.04,43.97,229.04,43.97,1,MT,2,0,2018,21.062326388888888,21.94148203567081,0.8791556467819213,High Risk
169.9,82.01,169.9,82.01,1,PE,12,6,2017,11.166435185185184,23.703951184542515,12.53751599935733,High Risk
112.0,16.54,112.0,16.54,1,ES,11,3,2017,12.4246875,20.09069289995407,7.666005399954072,High Risk
2649.99,83.64,2649.99,83.64,1,RJ,12,3,2017,36.21347222222222,27.86077373026608,8.352698491956144,High Risk
53.9,52.95,53.9,52.95,1,RO,3,6,2018,24.00747685185185,22.293274659981147,1.7142021918707044,High Risk
42.9,22.67,42.9,22.67,1,RN,11,2,2017,13.347152777777778,21.114141017990246,7.766988240212468,High Risk
15.12,16.95,15.12,16.95,1,SC,3,5,2018,11.149016203703704,21.349821045357263,10.200804841653559,High Risk
348.8,16.19,348.8,16.19,1,RJ,12,5,2017,18.367337962962964,22.570749713642417,4.203411750679454,High Risk
277.0,20.48,277.0,20.48,1,CE,2,4,2018,33.13975694444444,26.958482497686386,6.1812744467580565,High Risk
166.99,23.49,166.99,23.49,1,RJ,12,5,2017,46.75597222222222,23.6450521899558,23.11092003226642,High Risk
429.9,29.74,429.9,29.74,1,BA,3,3,2018,32.45792824074074,21.741121453451274,10.716806787289467,High Risk
136.68,18.21,136.68,18.21,1,ES,12,1,2017,15.377152777777777,21.143763524660713,5.766610746882936,High Risk
59.0,15.29,59.0,15.29,1,ES,3,4,2018,20.05582175925926,21.269407490544424,1.2135857312851641,High Risk
86.99,17.86,86.99,17.86,1,GO,12,1,2017,29.557141203703704,21.336217852535125,8.22092335116858,High Risk
24.5,15.1,24.5,15.1,1,RJ,12,1,2017,14.03704861111111,20.987276634640708,6.950228023529597,High Risk
39.99,9.34,39.99,9.34,1,SP,11,2,2017,2.1983912037037037,28.50650222626789,26.308111022564187,High Risk
29.3,15.23,29.3,15.23,1,RJ,3,5,2018,18.092858796296298,25.271189824960956,7.178331028664658,High Risk
159.9,21.61,159.9,21.61,1,RJ,12,0,2017,49.23653935185185,23.656210246961212,25.58032910489064,High Risk
440.55,11.44,440.55,11.44,1,SP,5,3,2018,6.26974537037037,34.46861101903863,28.198865648668264,High Risk
29.9,16.79,29.9,16.79,1,BA,2,0,2018,7.898043981481481,21.349821045357263,13.451777063875781,High Risk
80.0,28.96,80.0,28.96,1,MT,11,5,2017,10.45619212962963,21.72286973493722,11.26667760530759,High Risk
179.0,62.89,179.0,62.89,1,RJ,3,2,2018,44.15643518518519,24.573775268796588,19.5826599163886,High Risk
1699.99,98.02,1699.99,98.02,1,ES,11,4,2017,20.545034722222223,41.332435063693175,20.787400341470953,High Risk
37.99,17.63,37.99,17.63,1,CE,1,5,2018,13.20019675925926,23.835992824620334,10.635796065361074,High Risk
105.0,27.27,105.0,27.27,1,PE,2,5,2018,24.95457175925926,21.93652598417814,3.01804577508112,High Risk
27.9,15.1,27.9,15.1,1,ES,2,3,2018,20.23763888888889,21.269407490544424,1.0317686016555356,High Risk
35.9,16.11,35.9,16.11,1,MS,2,0,2018,18.402013888888888,21.303904265882114,2.901890376993226,High Risk
14.9,25.63,14.9,25.63,1,PA,12,4,2017,21.025104166666665,22.7653355373768,1.7402313707101342,High Risk
179.9,26.1,179.9,26.1,1,RJ,11,3,2017,9.134189814814814,21.635573117402192,12.501383302587378,High Risk
49.0,17.64,49.0,17.64,1,RJ,11,5,2017,18.907685185185183,21.354571195371204,2.44688601018602,High Risk
125.0,20.11,125.0,20.11,1,MT,2,0,2018,17.816122685185185,21.349821045357263,3.533698360172078,High Risk
17.53,15.23,17.53,15.23,1,RJ,3,0,2018,10.35224537037037,25.174949678126833,14.822704307756462,High Risk
47.7,15.23,47.7,15.23,1,RJ,3,1,2018,26.351550925925928,25.271189824960956,1.0803611009649714,High Risk
103.9,17.98,103.9,17.98,1,DF,2,0,2018,23.305949074074075,21.349821045357263,1.9561280287168117,High Risk
116.6,35.19,116.6,35.19,1,MT,2,0,2018,27.909537037037037,21.849790041352353,6.059746995684684,High Risk
109.9,57.44,109.9,57.44,1,SC,3,6,2018,30.181550925925926,22.14962263750182,8.031928288424105,High Risk
193.8,35.86,96.9,17.93,2,RJ,12,5,2017,65.4022337962963,22.057542345897424,43.34469145039888,High Risk
419.9,20.22,419.9,20.22,1,PE,3,3,2018,36.77560185185185,21.349821045357263,15.42578080649459,High Risk
179.0,19.13,179.0,19.13,1,ES,3,2,2018,20.86113425925926,21.349821045357263,0.488686786098004,High Risk
149.99,38.57,149.99,38.57,1,MT,12,5,2017,27.235046296296296,22.917238881719626,4.31780741457667,High Risk
59.0,17.66,59.0,17.66,1,ES,12,4,2017,27.06011574074074,21.938442812972497,5.121672927768245,High Risk
134.57,45.4,134.57,45.4,1,RJ,12,6,2017,17.11162037037037,22.906827467843456,5.795207097473085,High Risk
39.9,16.6,39.9,16.6,1,RS,2,4,2018,18.845972222222223,21.349821045357263,2.5038488231350406,High Risk
59.9,15.17,59.9,15.17,1,DF,2,0,2018,16.65619212962963,21.269407490544424,4.6132153609147935,High Risk
249.99,18.85,249.99,18.85,1,RJ,12,3,2017,12.353993055555556,22.0452766681105,9.691283612554944,High Risk
25.99,15.1,25.99,15.1,1,RS,2,4,2018,26.158726851851853,21.269407490544424,4.889319361307429,High Risk
27.5,22.06,27.5,22.06,1,BA,3,2,2018,19.024641203703705,21.363143446990698,2.3385022432869924,High Risk
59.9,16.18,59.9,16.18,1,RJ,12,2,2017,29.277916666666666,21.513761972860674,7.764154693805992,High Risk
89.9,68.99,89.9,68.99,1,RJ,2,1,2018,9.9396875,24.24487957078677,14.305192070786772,High Risk
248.99,60.29,248.99,60.29,1,RJ,12,3,2017,11.098530092592593,23.97548635593179,12.876956263339196,High Risk
188.0,17.97,188.0,17.97,1,SC,2,6,2018,8.188530092592593,21.37677676063626,13.188246668043668,High Risk
86.9,21.1,86.9,21.1,1,SC,3,0,2018,16.58068287037037,21.349821045357263,4.769138174986892,High Risk
349.9,31.96,349.9,31.96,1,CE,3,6,2018,58.11417824074074,28.803120725441588,29.311057515299154,High Risk
49.9,17.6,49.9,17.6,1,RJ,2,3,2018,34.09027777777778,25.70270763594126,8.38757014183652,High Risk
289.0,39.16,289.0,39.16,1,PE,12,5,2017,18.567569444444445,23.023264312841444,4.455694868397,High Risk
48.0,24.35,48.0,24.35,1,MA,4,0,2017,15.451157407407408,21.518744749333777,6.0675873419263695,High Risk
369.49,70.74,369.49,70.74,1,BA,1,6,2018,22.38800925925926,25.06293290192267,2.674923642663412,High Risk
159.0,18.36,159.0,18.36,1,RJ,11,2,2017,12.453287037037038,20.411364989641456,7.958077952604418,High Risk
29.9,20.75,29.9,20.75,1,PA,12,4,2017,35.041990740740744,22.046855868031766,12.995134872708977,High Risk
49.9,25.63,49.9,25.63,1,PA,1,4,2018,27.721145833333335,22.555388775408254,5.165757057925081,High Risk
239.9,26.96,239.9,26.96,1,RS,2,3,2018,11.546782407407408,21.500079935058082,9.953297527650674,High Risk
499.99,25.66,499.99,25.66,1,CE,4,0,2018,22.93167824074074,22.59696211200318,0.3347161287375613,High Risk
229.99,27.93,229.99,27.93,1,RJ,11,4,2017,12.804444444444444,21.629072545984403,8.82462810153996,High Risk
89.9,21.12,89.9,21.12,1,RS,11,4,2017,41.325381944444445,21.48064598952278,19.844735954921664,High Risk
215.0,22.59,215.0,22.59,1,RJ,3,4,2018,9.946319444444445,26.416318334396795,16.46999888995235,High Risk
98.99,51.19,98.99,51.19,1,PB,3,4,2018,27.02394675925926,21.964784638085426,5.059162121173834,High Risk
235.0,22.45,235.0,22.45,1,MS,2,6,2018,18.19900462962963,21.407682137757448,3.208677508127817,High Risk
12.9,15.1,12.9,15.1,1,RJ,2,0,2018,51.38824074074074,25.184688283740073,26.20355245700067,High Risk
279.99,37.32,279.99,37.32,1,PA,9,5,2017,18.23675925925926,20.70431604635322,2.4675567870939616,High Risk
219.9,18.79,219.9,18.79,1,RS,12,2,2017,16.849097222222223,21.31910330762635,4.470006085404126,High Risk
179.98,90.18,89.99,45.09,2,RJ,11,5,2017,15.476539351851851,21.945937334033275,6.469397982181423,High Risk
69.9,17.74,69.9,17.74,1,SC,11,4,2017,33.98096064814815,20.653810408097556,13.327150240050592,High Risk
15.9,16.79,15.9,16.79,1,GO,2,6,2018,22.326886574074074,21.37677676063626,0.9501098134378125,High Risk
99.95,18.28,99.95,18.28,1,DF,3,6,2018,10.028344907407407,21.37677676063626,11.348431853228854,High Risk
49.9,19.32,49.9,19.32,1,RJ,3,3,2018,29.91034722222222,25.795681883910547,4.114665338311674,High Risk
79.99,19.53,79.99,19.53,1,SC,3,6,2018,5.380729166666667,21.37677676063626,15.996047593969594,High Risk
64.0,36.46,32.0,18.23,2,RS,3,6,2018,12.792939814814815,21.37677676063626,8.583836945821446,High Risk
19.99,20.8,19.99,20.8,1,AL,4,5,2017,16.824537037037036,24.174591372978707,7.350054335941671,High Risk
278.0,26.5,278.0,26.5,1,PA,12,5,2017,33.08896990740741,23.18788153517411,9.9010883722333,High Risk
325.0,18.71,325.0,18.71,1,BA,3,4,2018,25.78144675925926,21.349821045357263,4.431625713901997,High Risk
79.79,15.31,79.79,15.31,1,ES,2,3,2018,14.504583333333333,21.269407490544424,6.764824157211091,High Risk
79.9,19.53,79.9,19.53,1,GO,3,2,2018,26.20741898148148,21.349821045357263,4.857597936124218,High Risk
269.9,23.6,269.9,23.6,1,BA,3,0,2018,22.9215625,21.442063591693614,1.479498908306386,High Risk
38.9,14.1,38.9,14.1,1,RJ,2,6,2018,16.53959490740741,20.17081592313255,3.631221015725142,High Risk
209.9,18.72,209.9,18.72,1,RJ,2,0,2018,35.071099537037036,26.61745902129638,8.453640515740656,High Risk
24.99,14.1,24.99,14.1,1,RJ,11,1,2017,9.366840277777778,20.072035038112038,10.70519476033426,High Risk
65.9,34.26,65.9,34.26,1,RS,12,1,2017,17.337141203703705,22.515301729800946,5.1781605260972405,High Risk
199.0,18.96,199.0,18.96,1,MT,12,5,2017,11.285208333333333,21.78298699443545,10.497778661102117,High Risk
117.0,17.07,117.0,17.07,1,RS,2,4,2018,26.529189814814814,21.349821045357263,5.17936876945755,High Risk
56.99,15.84,56.99,15.84,1,BA,12,6,2017,22.116400462962964,21.55162602029398,0.564774442668984,High Risk
126.99,37.85,126.99,37.85,1,PA,3,3,2017,14.78207175925926,20.2474520642062,5.46538030494694,High Risk
49.9,19.59,49.9,19.59,1,SC,12,2,2017,20.34349537037037,20.22986362371828,0.1136317466520893,High Risk
199.9,17.65,199.9,17.65,1,RS,11,3,2017,13.850023148148148,20.88323836054758,7.033215212399432,High Risk
129.0,38.95,129.0,38.95,1,PA,3,4,2018,13.705752314814815,40.3596819565806,26.653929641765785,High Risk
107.0,15.5,107.0,15.5,1,RJ,2,0,2018,10.355752314814815,25.87799093159821,15.522238616783394,High Risk
12.9,18.23,12.9,18.23,1,RJ,3,6,2018,32.94809027777778,25.869741720408616,7.078348557369164,High Risk
33.6,25.63,33.6,25.63,1,PA,11,0,2017,46.128564814814816,21.81094987529384,24.317614939520976,High Risk
27.99,15.79,27.99,15.79,1,BA,2,1,2018,8.357256944444444,21.269407490544424,12.91215054609998,High Risk
235.0,59.82,235.0,59.82,1,MA,2,2,2018,49.128877314814815,23.51563270495214,25.613244609862676,High Risk
120.0,23.38,120.0,23.38,1,DF,3,4,2018,10.129108796296297,21.42448061620587,11.295371819909573,High Risk
914.65,40.2,914.65,40.2,1,CE,11,5,2017,13.133472222222222,22.638010275038585,9.504538052816363,High Risk
37.9,15.11,37.9,15.11,1,DF,2,3,2018,11.322141203703703,21.269407490544424,9.947266286840721,High Risk
29.5,23.28,29.5,23.28,1,RJ,3,6,2018,27.939780092592592,25.475192654365188,2.4645874382274044,High Risk
569.9,119.29,569.9,119.29,1,RJ,11,4,2017,17.557060185185186,23.29621713895951,5.739156953774323,High Risk
49.0,25.63,49.0,25.63,1,PA,1,1,2018,21.734386574074072,23.072283403881528,1.3378968298074554,High Risk
1554.0,88.54,777.0,44.27,2,RJ,1,2,2018,47.33165509259259,21.76578529726892,25.56586979532367,High Risk
200.0,19.28,200.0,19.28,1,RJ,3,3,2018,31.559583333333332,26.61745902129638,4.9421243120369525,High Risk
258.0,58.6,129.0,29.3,2,CE,1,2,2018,28.11829861111111,23.55879140440082,4.55950720671029,High Risk
96.0,15.42,96.0,15.42,1,RJ,2,6,2018,10.808287037037037,25.467987586342506,14.65970054930547,High Risk
148.0,20.77,148.0,20.77,1,RJ,3,1,2018,20.201319444444444,26.394346084205413,6.193026639760969,High Risk
114.9,18.05,114.9,18.05,1,RJ,11,2,2017,13.374016203703704,20.36012211535988,6.986105911656175,High Risk
700.0,31.44,700.0,31.44,1,RS,11,6,2017,15.089351851851852,21.028001253152183,5.9386494013003315,High Risk
319.96,291.72,79.99,72.93,4,MA,3,1,2018,35.310405092592596,24.29029683592203,11.020108256670564,High Risk
69.99,16.25,69.99,16.25,1,RS,12,0,2017,16.238043981481482,21.257714686563812,5.01967070508233,High Risk
89.9,21.03,89.9,21.03,1,PE,11,0,2017,9.795324074074074,21.210834368773803,11.415510294699729,High Risk
169.98,49.44,84.99,24.72,2,SE,3,1,2018,30.353599537037038,21.42448061620587,8.929118920831169,High Risk
1041.0,114.56,1041.0,114.56,1,MS,3,4,2017,10.92619212962963,21.15330406825572,10.227111938626091,High Risk
14.9,25.63,14.9,25.63,1,DF,3,4,2018,25.896435185185187,21.403976102311564,4.492459082873623,High Risk
49.99,38.4,49.99,38.4,1,CE,4,6,2018,22.991400462962964,22.76522447427986,0.22617598868310296,High Risk
249.0,16.49,249.0,16.49,1,GO,11,1,2017,15.051180555555556,20.19428032116545,5.143099765609895,High Risk
29.9,16.11,29.9,16.11,1,SC,11,6,2017,17.218622685185185,20.638377832676223,3.4197551474910384,High Risk
13.7,15.23,13.7,15.23,1,SC,3,0,2018,22.27513888888889,21.269407490544424,1.0057313983444658,High Risk
246.62,18.3,246.62,18.3,1,PE,11,5,2017,20.997650462962962,20.759576499119227,0.23807396384373547,High Risk
49.9,16.79,49.9,16.79,1,BA,2,1,2018,24.516655092592593,21.349821045357263,3.16683404723533,High Risk
146.0,34.82,146.0,34.82,1,AM,11,2,2017,37.24994212962963,22.22583716335402,15.024104966275612,High Risk
79.99,15.32,79.99,15.32,1,RJ,2,1,2018,8.465196759259259,25.379087989557046,16.913891230297786,High Risk
23.9,18.28,23.9,18.28,1,BA,3,4,2018,15.849016203703703,21.349821045357263,5.50080484165356,High Risk
599.0,82.42,599.0,82.42,1,RS,12,5,2017,47.19549768518519,23.23182939072574,23.96366829445945,High Risk
484.21000000000004,206.64,121.05250000000001,51.66,4,MA,1,1,2018,14.378912037037036,27.79907176152968,13.420159724492645,High Risk
119.99,14.81,119.99,14.81,1,MG,10,2,2016,26.54175925925926,23.88158126205344,2.6601779972058175,High Risk
472.0,62.32,118.0,15.58,4,RS,2,3,2018,11.30642361111111,21.269407490544424,9.962983879433313,High Risk
73.35,35.83,73.35,35.83,1,MA,11,4,2017,45.05815972222222,27.667253768091506,17.390905954130716,High Risk
109.9,20.01,109.9,20.01,1,MT,2,0,2018,17.075335648148148,21.349821045357263,4.274485397209116,High Risk
58.9,37.55,58.9,37.55,1,PE,2,4,2018,17.183344907407406,21.923899060183068,4.740554152775662,High Risk
99.99,21.5,99.99,21.5,1,CE,11,3,2017,29.31587962962963,24.459976242592607,4.855903387037024,High Risk
295.0,54.43,295.0,54.43,1,SC,2,3,2018,25.590520833333333,22.202953013010998,3.387567820322335,High Risk
169.9,34.68,169.9,34.68,1,PA,5,4,2018,20.260266203703704,24.557341225869155,4.297075022165451,High Risk
388.0,31.03,388.0,31.03,1,BA,3,0,2018,7.734791666666666,21.82466451968718,14.089872853020513,High Risk
89.0,38.17,89.0,38.17,1,RN,1,1,2018,14.298171296296296,20.103423462503955,5.805252166207659,High Risk
72.9,18.08,72.9,18.08,1,RJ,11,0,2017,9.752118055555556,20.36119219073589,10.609074135180332,High Risk
19.9,15.1,19.9,15.1,1,SC,3,6,2018,7.906157407407408,21.296363205823422,13.390205798416014,High Risk
79.0,17.8,79.0,17.8,1,GO,11,6,2017,11.975462962962963,21.218690959704055,9.243227996741092,High Risk
49.99,20.75,49.99,20.75,1,PE,12,4,2017,20.652939814814815,21.848224999841126,1.1952851850263109,High Risk
19.9,34.15,19.9,34.15,1,AL,9,0,2017,35.1433912037037,20.46816934007035,14.67522186363335,High Risk
559.0,80.98,559.0,80.98,1,RN,12,3,2017,42.455162037037034,23.92463967775273,18.530522359284305,High Risk
44.5,21.15,44.5,21.15,1,AL,11,4,2017,22.332916666666666,21.39472463936427,0.9381920273023958,High Risk
31.9,34.15,31.9,34.15,1,PA,3,6,2018,57.39652777777778,38.8830083993156,18.513519378462178,High Risk
89.9,20.36,89.9,20.36,1,RJ,3,6,2018,30.633819444444445,25.720818228409627,4.913001216034818,High Risk
24.9,14.1,24.9,14.1,1,RJ,12,0,2017,22.027013888888888,20.732154279079268,1.2948596098096203,High Risk
29.9,15.1,29.9,15.1,1,RJ,12,0,2017,30.12244212962963,20.463059155515275,9.659382974114354,High Risk
259.9,43.85,259.9,43.85,1,MA,1,1,2018,13.367800925925925,20.1280022222381,6.760201296312173,High Risk
53.2,28.77,53.2,28.77,1,CE,12,0,2017,16.000729166666666,22.44219934781165,6.441470181144982,High Risk
29.9,16.79,29.9,16.79,1,SC,2,1,2018,30.04449074074074,21.349821045357263,8.694669695383478,High Risk
69.9,16.25,69.9,16.25,1,RJ,2,3,2018,14.26173611111111,25.65248366732659,11.390747556215478,High Risk
116.9,16.58,116.9,16.58,1,RJ,11,5,2017,40.90619212962963,21.381323144571173,19.524868985058458,High Risk
24.99,15.1,24.99,15.1,1,RS,2,6,2018,22.08917824074074,21.296363205823422,0.792815034917318,High Risk
18.0,15.11,18.0,15.11,1,RJ,2,1,2018,6.500451388888889,25.062204868986324,18.561753480097437,High Risk
128.56,29.3,128.56,29.3,1,PA,2,6,2018,23.859502314814815,27.609642267152093,3.7501399523372783,High Risk
49.9,17.63,49.9,17.63,1,CE,12,2,2017,25.2996875,22.42219141978325,2.8774960802167513,High Risk
1340.0,51.79,1340.0,51.79,1,SC,11,3,2017,14.492569444444445,21.082479070637575,6.58990962619313,High Risk
100.79,19.95,100.79,19.95,1,BA,2,2,2018,19.576828703703704,21.349821045357263,1.7729923416535591,High Risk
49.9,16.79,49.9,16.79,1,BA,3,3,2018,25.893923611111113,21.349821045357263,4.54410256575385,High Risk
42.79,60.41,42.79,60.41,1,PI,3,3,2018,7.088460648148148,22.895006078807487,15.80654543065934,High Risk
975.0,28.76,975.0,28.76,1,AL,4,5,2017,37.813472222222224,20.05409285147622,17.759379370746004,High Risk
140.0,18.23,140.0,18.23,1,RJ,2,2,2018,30.17909722222222,27.107729751772943,3.071367470449278,High Risk
142.0,79.16,142.0,79.16,1,RJ,2,4,2018,18.342280092592592,24.880502058938283,6.5382219663456915,High Risk
23.99,18.23,23.99,18.23,1,RS,3,2,2018,8.011793981481482,21.349821045357263,13.338027063875781,High Risk
190.83,12.84,190.83,12.84,1,SP,1,4,2018,11.994131944444444,21.850794725808736,9.856662781364292,High Risk
31.9,16.79,31.9,16.79,1,BA,2,2,2018,19.168252314814815,21.349821045357263,2.1815687305424483,High Risk
499.0,56.09,499.0,56.09,1,RJ,11,5,2017,25.16525462962963,24.09772236270243,1.0675322669271985,High Risk
141.0,28.35,141.0,28.35,1,RJ,12,0,2017,11.09181712962963,22.677855362925957,11.586038233296327,High Risk
76.9,15.29,76.9,15.29,1,RS,2,0,2018,18.214247685185185,21.269407490544424,3.0551598053592386,High Risk
25.9,16.79,25.9,16.79,1,MS,2,5,2018,21.722685185185185,21.349821045357263,0.37286413982792155,High Risk
169.99,96.84,169.99,96.84,1,PA,3,1,2018,29.9646875,39.781576989758996,9.816889489758996,High Risk
199.0,29.79,199.0,29.79,1,ES,11,1,2017,14.86980324074074,21.824514391075613,6.954711150334873,High Risk
108.9,26.04,108.9,26.04,1,CE,2,1,2018,28.226493055555554,27.718440882936466,0.5080521726190881,High Risk
69.9,26.03,69.9,26.03,1,BA,5,5,2018,27.214027777777776,21.36220306471751,5.851824713060267,High Risk
329.0,44.33,329.0,44.33,1,CE,3,5,2018,12.407650462962962,28.958456439351416,16.550805976388453,High Risk
49.9,34.15,49.9,34.15,1,PE,12,2,2017,14.231643518518519,22.397801752197555,8.166158233679036,High Risk
151.8,53.7,75.9,26.85,2,RJ,2,0,2018,15.76707175925926,23.59331703928889,7.826245280029632,High Risk
75.0,27.38,75.0,27.38,1,SE,11,3,2017,12.795219907407407,21.53268220862669,8.737462301219281,High Risk
54.9,26.46,54.9,26.46,1,SC,3,2,2018,23.73841435185185,21.476462357986183,2.2619519938656687,High Risk
149.9,38.6,149.9,38.6,1,MA,2,1,2018,14.01306712962963,22.948301530233913,8.935234400604283,High Risk
49.95,15.1,49.95,15.1,1,GO,2,4,2018,41.95335648148148,21.269407490544424,20.683948990937054,High Risk
549.99,24.65,549.99,24.65,1,AL,11,0,2017,18.380011574074075,21.25822522300208,2.8782136489280035,High Risk
47.49,16.11,47.49,16.11,1,RS,2,3,2018,27.998935185185186,21.303904265882114,6.695030919303072,High Risk
85.0,15.34,85.0,15.34,1,RS,2,1,2018,17.045289351851853,21.269407490544424,4.224118138692571,High Risk
126.12,18.76,126.12,18.76,1,SC,3,0,2018,10.373159722222223,21.349821045357263,10.97666132313504,High Risk
109.95,36.09,109.95,36.09,1,PA,3,6,2018,12.395949074074075,39.283335804176176,26.8873867301021,High Risk
81.0,55.63,40.5,27.815,2,PA,2,3,2018,80.8861111111111,33.10572768000161,47.7803834311095,High Risk
56.99,24.89,56.99,24.89,1,MA,3,3,2017,26.889097222222222,20.78820602543926,6.100891196782964,High Risk
1688.0,165.75,1688.0,165.75,1,AM,1,4,2018,33.27142361111111,25.616411955790795,7.655011655320315,High Risk
120.0,50.71,120.0,50.71,1,MS,1,6,2018,17.15849537037037,21.85106906359947,4.6925736932291,High Risk
34.9,16.11,34.9,16.11,1,DF,2,3,2018,22.301493055555557,21.303904265882114,0.9975887896734434,High Risk
369.98,136.04,184.99,68.02,2,RJ,11,0,2017,18.26364583333333,22.987221378484424,4.723575545151093,High Risk
378.0,64.11,126.0,21.37,3,RJ,11,4,2017,45.870300925925925,21.006148940179045,24.86415198574688,High Risk
68.9,16.45,68.9,16.45,1,RJ,3,4,2018,28.237708333333334,25.684893292056174,2.55281504127716,High Risk
49.9,15.79,49.9,15.79,1,GO,2,4,2018,18.989050925925927,21.269407490544424,2.280356564618497,High Risk
128.3,23.22,128.3,23.22,1,MA,2,4,2018,18.312361111111112,22.42842187847198,4.116060767360867,High Risk
109.99,25.26,109.99,25.26,1,CE,4,0,2017,27.44388888888889,28.414749323102185,0.9708604342132965,High Risk
44.9,16.11,44.9,16.11,1,SC,2,0,2018,25.052175925925926,21.303904265882114,3.7482716600438124,High Risk
47.9,24.48,47.9,24.48,1,MA,3,2,2018,8.120266203703704,22.42842187847198,14.308155674768276,High Risk
561.9,18.68,561.9,18.68,1,MS,2,1,2018,8.015138888888888,21.349821045357263,13.334682156468375,High Risk
114.9,18.05,114.9,18.05,1,RS,12,4,2017,8.56837962962963,21.65804675201218,13.089667122382549,High Risk
199.0,53.89,199.0,53.89,1,MT,3,2,2018,21.715671296296296,22.202953013010998,0.4872817167147012,High Risk
69.9,37.45,69.9,37.45,1,PA,5,2,2017,20.15476851851852,20.029557339973486,0.12521117854503316,High Risk
89.9,21.12,89.9,21.12,1,RJ,11,4,2017,40.39832175925926,21.731082866507,18.667238892752263,High Risk
142.0,18.24,142.0,18.24,1,RJ,11,1,2017,6.824224537037037,20.411364989641456,13.58714045260442,High Risk
115.0,52.82,115.0,52.82,1,DF,2,1,2018,13.092650462962963,22.012548293577186,8.919897830614223,High Risk
149.0,45.12,149.0,45.12,1,ES,2,1,2018,9.425416666666667,21.923899060183068,12.498482393516401,High Risk
89.9,42.69,89.9,42.69,1,CE,3,2,2018,27.939305555555556,30.229977990678666,2.29067243512311,High Risk
122.99,15.61,122.99,15.61,1,RS,2,1,2018,20.520555555555557,21.269407490544424,0.7488519349888669,High Risk
25.34,30.46,12.67,15.23,2,RJ,3,3,2018,12.810034722222222,23.720162938622593,10.910128216400372,High Risk
107.6,16.51,107.6,16.51,1,DF,2,1,2018,24.235717592592593,21.349821045357263,2.8858965472353297,High Risk
59.9,16.18,59.9,16.18,1,GO,12,0,2017,17.81275462962963,21.185661600901074,3.372906971271444,High Risk
139.99,23.91,139.99,23.91,1,BA,5,1,2018,36.35239583333333,20.549543327511824,15.802852505821509,High Risk
135.9,32.45,135.9,32.45,1,RJ,11,1,2017,23.18724537037037,22.1520136896537,1.0352316807166702,High Risk
250.0,50.49,250.0,50.49,1,ES,11,4,2017,34.78746527777778,22.68994731548939,12.097517962288386,High Risk
13.65,16.79,13.65,16.79,1,BA,12,3,2017,22.353784722222223,21.222184236977142,1.1316004852450803,High Risk
190.83,12.84,190.83,12.84,1,SP,1,6,2018,9.863622685185184,21.82541076429238,11.961788079107194,High Risk
84.0,16.35,84.0,16.35,1,RS,12,1,2017,22.42445601851852,21.257714686563812,1.1667413319547073,High Risk
119.6,54.3,59.8,27.15,2,BA,4,1,2018,9.963460648148148,21.181086358044382,11.217625709896234,High Risk
86.99,17.86,86.99,17.86,1,RJ,12,3,2017,31.999050925925925,21.664810073217655,10.33424085270827,High Risk
31.96,49.4,7.99,12.35,4,RJ,2,1,2018,22.17324074074074,23.346462684489254,1.173221943748512,High Risk
19.99,19.59,19.99,19.59,1,RS,2,4,2018,19.84568287037037,21.349821045357263,1.5041381749868918,High Risk
341.65,18.15,341.65,18.15,1,RS,12,0,2017,27.888599537037038,21.380090536024213,6.5085090010128255,High Risk
34.99,37.04,34.99,37.04,1,PA,4,3,2018,12.415405092592593,25.00952139735577,12.594116304763176,High Risk
149.9,29.51,149.9,29.51,1,MT,3,6,2017,29.745324074074073,20.326347233851173,9.4189768402229,High Risk
19.9,25.63,19.9,25.63,1,ES,11,0,2017,16.76273148148148,21.002767981284467,4.2400364998029865,High Risk
99.9,17.95,99.9,17.95,1,RS,3,6,2018,11.892997685185184,21.37677676063626,9.483779075451077,High Risk
65.98,32.22,32.99,16.11,2,RS,11,6,2017,37.97550925925926,20.57290612555434,17.402603133704922,High Risk
50.0,14.52,50.0,14.52,1,DF,3,1,2017,5.759108796296296,35.01512599872604,29.256017202429746,High Risk
65.99,35.78,65.99,35.78,1,RN,12,5,2017,26.00465277777778,22.50644024240561,3.4982125353721685,High Risk
119.9,17.28,119.9,17.28,1,MT,2,3,2018,20.24375,21.349821045357263,1.1060710453572646,High Risk
29.99,15.23,29.99,15.23,1,DF,3,3,2018,18.791724537037037,21.269407490544424,2.4776829535073865,High Risk
69.9,17.74,69.9,17.74,1,RJ,11,2,2017,42.27153935185185,20.601206311465752,21.670333040386097,High Risk
79.9,38.11,79.9,38.11,1,GO,11,5,2017,55.73357638888889,22.196923540137924,33.53665284875097,High Risk
259.9,26.85,259.9,26.85,1,AL,1,1,2018,34.38912037037037,21.92736037295635,12.46175999741402,High Risk
225.99,16.33,225.99,16.33,1,RJ,11,1,2017,16.26361111111111,20.3752477334233,4.11163662231219,High Risk
98.44,18.57,98.44,18.57,1,RS,3,0,2018,21.375138888888888,21.349821045357263,0.025317843531624362,High Risk
58.99,17.66,58.99,17.66,1,RJ,11,6,2017,21.730694444444445,21.500543485177808,0.23015095926663776,High Risk
169.0,95.76,169.0,95.76,1,BA,4,0,2018,37.94916666666666,21.21659025222541,16.732576414441255,High Risk
119.8,30.34,59.9,15.17,2,RJ,2,5,2018,24.453518518518518,24.004636434463734,0.4488820840547838,High Risk
369.9,20.16,369.9,20.16,1,GO,11,4,2017,14.733252314814814,20.428985521633198,5.6957332068183835,High Risk
99.9,16.26,99.9,16.26,1,SP,10,3,2016,18.21616898148148,29.205109056742213,10.988940075260732,High Risk
1358.24,116.84,679.12,58.42,2,AP,1,1,2018,24.094143518518518,32.360131847644375,8.265988329125857,High Risk
115.0,21.3,115.0,21.3,1,SC,11,0,2017,9.284502314814814,21.237630452791596,11.953128137976782,High Risk
179.0,90.12,179.0,90.12,1,RS,3,0,2018,21.115300925925926,22.232336849356976,1.1170359234310503,High Risk
103.9,20.22,103.9,20.22,1,GO,3,3,2018,33.63699074074074,21.349821045357263,12.28716969538348,High Risk
99.99000000000001,68.37,49.995000000000005,34.185,2,PB,12,1,2017,14.05181712962963,22.28114111491745,8.22932398528782,High Risk
13.3,22.06,13.3,22.06,1,BA,4,1,2018,17.81851851851852,21.223670591439696,3.405152072921176,High Risk
56.99,15.15,56.99,15.15,1,RJ,2,6,2018,19.96377314814815,25.467987586342506,5.5042144381943565,High Risk
170.0,27.27,170.0,27.27,1,RJ,3,4,2018,16.056805555555556,24.89287074881409,8.836065193258534,High Risk
389.0,37.7,389.0,37.7,1,SC,3,5,2018,6.116215277777778,21.94148203567081,15.825266757893031,High Risk
298.88,29.47,298.88,29.47,1,BA,3,4,2018,22.508298611111112,21.741121453451274,0.7671771576598374,High Risk
18.9,42.38,18.9,42.38,1,AL,2,4,2018,49.393738425925925,22.18454702040083,27.209191405525093,High Risk
199.9,33.79,199.9,33.79,1,RJ,2,3,2018,11.44835648148148,25.001287105217692,13.552930623736211,High Risk
330.0,14.7,330.0,14.7,1,CE,4,0,2018,65.10274305555555,21.49975305799045,43.6029899975651,High Risk
34.99,50.85,34.99,50.85,1,RN,4,5,2018,16.181655092592592,20.465479208627183,4.283824116034591,High Risk
59.9,17.67,59.9,17.67,1,SC,11,4,2017,14.576979166666666,20.653810408097556,6.07683124143089,High Risk
149.9,27.9,149.9,27.9,1,MS,3,0,2018,10.674849537037037,21.70269544059279,11.027845903555754,High Risk
46.5,25.38,46.5,25.38,1,AM,12,3,2017,41.09262731481481,22.526155240241323,18.56647207457349,High Risk
104.9,43.14,104.9,43.14,1,PA,10,1,2017,26.85414351851852,21.00417656524878,5.849966953269739,High Risk
25.0,15.1,25.0,15.1,1,RS,2,1,2018,14.492152777777777,21.269407490544424,6.777254712766647,High Risk
159.98,45.76,79.99,22.88,2,RJ,12,4,2017,26.762546296296296,21.972548182864422,4.789998113431874,High Risk
570.0,60.06,190.0,20.02,3,PA,4,6,2018,22.617453703703703,22.778306324989003,0.16085262128530076,High Risk
59.9,16.86,59.9,16.86,1,BA,11,1,2017,23.493761574074075,20.489939977242866,3.0038215968312088,High Risk
99.0,16.13,99.0,16.13,1,BA,12,3,2017,12.013252314814816,21.381009290688485,9.36775697587367,High Risk
9.9,18.23,9.9,18.23,1,SC,3,2,2018,20.851608796296297,21.349821045357263,0.4982122490609662,High Risk
77.4,21.03,77.4,21.03,1,ES,11,6,2017,15.229212962962963,21.112417946398995,5.883204983436032,High Risk
56.9,25.68,56.9,25.68,1,PA,10,3,2017,19.316712962962963,20.954140191121418,1.6374272281584545,High Risk
2990.0,194.55,2990.0,194.55,1,PE,11,0,2017,52.04484953703704,26.9250865120303,25.119763025006737,High Risk
11.89,16.92,11.89,16.92,1,BA,2,4,2018,13.973831018518519,21.349821045357263,7.375990026838744,High Risk
83.41,17.83,83.41,17.83,1,RJ,11,6,2017,19.13138888888889,21.435842933406164,2.304454044517275,High Risk
18.0,15.1,18.0,15.1,1,RJ,2,1,2018,15.284803240740741,25.062204868986324,9.777401628245583,High Risk
84.9,15.34,84.9,15.34,1,SC,2,2,2018,12.812569444444444,21.269407490544424,8.45683804609998,High Risk
154.88,16.84,154.88,16.84,1,RJ,12,0,2017,42.956435185185185,21.70382099606247,21.252614189122717,High Risk
226.97,108.61,226.97,108.61,1,MA,3,0,2018,24.769247685185185,24.716389449031155,0.05285823615403018,High Risk
79.9,18.8,79.9,18.8,1,RJ,2,2,2018,9.172534722222222,25.85201710331355,16.679482381091326,High Risk
345.5,38.0,345.5,38.0,1,RS,2,5,2018,37.919641203703705,21.94148203567081,15.978159168032896,High Risk
789.89,132.95,789.89,132.95,1,CE,4,3,2018,12.933530092592592,20.52733914588984,7.593809053297248,High Risk
13.98,25.63,13.98,25.63,1,CE,1,2,2018,20.946944444444444,20.8642662130295,0.08267823141494546,High Risk
25.0,16.79,25.0,16.79,1,MS,2,6,2018,17.131979166666667,21.37677676063626,4.244797593969594,High Risk
24.99,21.15,24.99,21.15,1,MA,2,3,2018,18.56570601851852,22.35376230762337,3.7880562891048513,High Risk
374.9,23.11,374.9,23.11,1,RJ,11,6,2017,9.951064814814815,21.424205297569333,11.473140482754518,High Risk
155.79000000000002,61.42,77.89500000000001,30.71,2,TO,1,2,2018,14.271770833333333,22.315819464377373,8.04404863104404,High Risk
48.9,16.11,48.9,16.11,1,ES,2,2,2018,9.622314814814814,21.303904265882114,11.6815894510673,High Risk
209.8,44.65,104.9,22.325,2,RJ,3,0,2018,22.408483796296295,23.93925260113222,1.530768804835926,High Risk
90.0,16.6,90.0,16.6,1,RJ,3,0,2018,4.811967592592593,25.737965171510055,20.92599757891746,High Risk
285.0,46.26,95.0,15.42,3,SC,2,2,2018,22.491261574074073,21.269407490544424,1.2218540835296494,High Risk
35.95,19.32,35.95,19.32,1,DF,3,1,2018,10.785405092592592,21.349821045357263,10.564415952764671,High Risk
107.0,15.5,107.0,15.5,1,RJ,2,3,2018,19.98491898148148,25.797655747187285,5.812736765705804,High Risk
78.0,38.6,78.0,38.6,1,PA,4,4,2018,22.24646990740741,24.99902800653164,2.7525580991242293,High Risk
191.4,49.87,191.4,49.87,1,ES,12,0,2017,31.379560185185184,23.60981268240676,7.769747502778426,High Risk
292.9,22.5,292.9,22.5,1,AL,4,4,2017,35.365636574074074,21.136711126327395,14.228925447746679,High Risk
59.0,37.96,59.0,37.96,1,PB,12,5,2017,24.136990740740742,22.524624272796732,1.6123664679440104,High Risk
43.98,30.2,21.99,15.1,2,RS,2,3,2018,41.32375,21.269407490544424,20.054342509455573,High Risk
199.9,24.27,199.9,24.27,1,MT,2,3,2018,35.82917824074074,21.442063591693614,14.387114649047124,High Risk
419.0,17.68,419.0,17.68,1,RJ,12,6,2017,32.23443287037037,22.47963603713803,9.75479683323234,High Risk
229.99,25.61,229.99,25.61,1,PA,2,4,2017,12.601493055555556,20.129645896359374,7.528152840803818,High Risk
949.99,75.53,949.99,75.53,1,GO,1,6,2018,29.10232638888889,24.133269477714485,4.969056911174405,High Risk
90.0,44.48,90.0,44.48,1,CE,2,0,2018,29.31212962962963,29.157352479392173,0.1547771502374573,High Risk
119.94,57.1,119.94,57.1,1,MS,3,0,2018,31.40761574074074,22.14962263750182,9.25799310323892,High Risk
79.98,36.46,39.99,18.23,2,SC,3,3,2018,11.948020833333333,21.349821045357263,9.40180021202393,High Risk
419.0,61.59,419.0,61.59,1,RJ,2,5,2018,27.96767361111111,24.791323581016613,3.176350030094497,High Risk
120.0,38.78,60.0,19.39,2,RJ,3,4,2018,43.085775462962964,23.727092945851734,19.35868251711123,High Risk
19.99,15.1,19.99,15.1,1,RS,2,0,2018,29.942939814814814,21.269407490544424,8.67353232427039,High Risk
192.99,63.17,192.99,63.17,1,RJ,2,6,2018,52.06900462962963,24.669732983245776,27.399271646383855,High Risk
219.0,16.41,219.0,16.41,1,RS,3,4,2018,18.532280092592593,21.349821045357263,2.81754095276467,High Risk
64.9,25.29,64.9,25.29,1,GO,11,2,2017,29.319421296296298,21.252827504436578,8.06659379185972,High Risk
189.8,40.3,94.9,20.15,2,RJ,2,2,2018,12.163935185185185,23.52739711162724,11.363461926442056,High Risk
122.99,37.55,122.99,37.55,1,PE,3,3,2018,15.563645833333334,21.923899060183068,6.360253226849734,High Risk
75.6,15.41,75.6,15.41,1,GO,3,2,2018,13.12019675925926,21.269407490544424,8.149210731285164,High Risk
116.99,15.7,116.99,15.7,1,RJ,3,5,2018,35.771967592592596,25.83006537191687,9.941902220675725,High Risk
39.99,15.1,39.99,15.1,1,GO,2,4,2018,26.010497685185186,21.269407490544424,4.741090194640762,High Risk
120.0,50.71,120.0,50.71,1,BA,1,2,2018,25.244988425925925,21.85106906359947,3.3939193623264536,High Risk
389.9,19.98,389.9,19.98,1,SC,12,0,2017,37.51321759259259,20.11659907751033,17.39661851508226,High Risk
712.5,26.99,712.5,26.99,1,SC,11,3,2017,5.987118055555555,20.017303084302355,14.0301850287468,High Risk
99.99,19.94,99.99,19.94,1,RJ,2,6,2018,15.32505787037037,26.042704648702724,10.717646778332353,High Risk
29.9,15.11,29.9,15.11,1,RJ,12,2,2017,16.246979166666666,20.282460621874506,4.03548145520784,High Risk
108.0,27.3,108.0,27.3,1,BA,2,5,2018,14.089872685185185,21.93652598417814,7.846653298992955,High Risk
115.0,15.69,115.0,15.69,1,RJ,3,1,2018,13.13962962962963,25.83006537191687,12.69043574228724,High Risk
330.0,19.53,330.0,19.53,1,PE,3,2,2018,15.827789351851852,21.349821045357263,5.5220316935054115,High Risk
89.99,54.9,89.99,54.9,1,RS,11,6,2017,16.58335648148148,22.80582265394781,6.22246617246633,High Risk
27.9,15.1,27.9,15.1,1,RJ,2,2,2018,7.317465277777778,25.120162625046106,17.802697347268328,High Risk
158.0,53.24,158.0,53.24,1,RN,4,4,2018,13.547997685185186,21.196351992007685,7.648354306822499,High Risk
18.95,24.84,18.95,24.84,1,CE,4,3,2017,25.883842592592593,21.949173766299722,3.934668826292871,High Risk
129.89,41.8,64.945,20.9,2,BA,4,3,2017,25.646435185185187,22.20580513073078,3.440630054454406,High Risk
1999.99,26.55,1999.99,26.55,1,SP,6,5,2017,20.551041666666666,22.890036071456915,2.338994404790249,High Risk
30.5,16.95,30.5,16.95,1,ES,3,2,2018,13.906053240740741,21.349821045357263,7.443767804616522,High Risk
7.3,15.1,7.3,15.1,1,RJ,11,5,2017,16.070162037037036,20.375521527459185,4.305359490422148,High Risk
209.0,47.9,209.0,47.9,1,PA,5,1,2018,35.23501157407407,25.437015452816887,9.797996121257185,High Risk
199.99,25.05,199.99,25.05,1,BA,3,5,2018,22.89491898148148,21.636174167018027,1.258744814463455,High Risk
130.9,34.72,130.9,34.72,1,PB,12,1,2017,17.175694444444446,22.543985011658357,5.368290567213911,High Risk
47.88,25.63,47.88,25.63,1,RJ,11,1,2017,7.607430555555555,21.355528378595295,13.748097823039739,High Risk
69.99,15.25,69.99,15.25,1,GO,2,6,2018,15.78962962962963,21.296363205823422,5.506733576193792,High Risk
599.0,24.68,599.0,24.68,1,PE,2,0,2018,14.076782407407407,21.442063591693614,7.365281184286207,High Risk
104.0,52.86,104.0,52.86,1,BA,5,5,2018,16.457256944444445,21.312074493478434,4.854817549033989,High Risk
47.9,15.79,47.9,15.79,1,MT,2,6,2018,14.823773148148149,21.296363205823422,6.472590057675273,High Risk
389.0,55.25,389.0,55.25,1,RS,3,6,2018,30.64181712962963,22.202953013010998,8.438864116618632,High Risk
79.9,23.43,79.9,23.43,1,RJ,11,4,2017,32.16212962962963,21.457110839662665,10.705018789966967,High Risk
40.0,25.63,40.0,25.63,1,PA,10,3,2017,32.08853009259259,20.9939768209152,11.094553271677391,High Risk
449.61,54.900000000000006,149.87,18.3,3,RJ,11,0,2017,9.329768518518518,20.160847389688698,10.83107887117018,High Risk
49.98,30.2,24.99,15.1,2,ES,2,6,2018,22.07521990740741,21.296363205823422,0.7788567015839867,High Risk
54.9,14.73,54.9,14.73,1,MG,10,2,2016,25.678287037037038,21.986096555907743,3.6921904811292947,High Risk
49.9,14.1,49.9,14.1,1,RJ,1,0,2018,17.241493055555555,25.586249976747272,8.344756921191717,High Risk
19.9,15.1,19.9,15.1,1,RJ,2,1,2018,19.85972222222222,25.062204868986324,5.202482646764103,High Risk
586.56,86.69,586.56,86.69,1,PB,4,2,2018,12.1490625,20.014520684952718,7.865458184952718,High Risk
70.97,17.75,70.97,17.75,1,RJ,12,3,2017,58.09179398148148,21.643593170746055,36.44820081073543,High Risk
56.99,16.16,56.99,16.16,1,RS,2,1,2018,31.098564814814814,21.349821045357263,9.748743769457551,High Risk
80.99,17.82,80.99,17.82,1,RJ,11,6,2017,41.12576388888889,21.435842933406164,19.689920955482727,High Risk
98.99,21.18,98.99,21.18,1,GO,11,4,2017,11.274965277777778,21.49349969155975,10.218534413781974,High Risk
109.9,18.34,109.9,18.34,1,RS,3,4,2018,31.126180555555557,21.349821045357263,9.776359510198294,High Risk
39.9,34.15,39.9,34.15,1,PB,12,5,2017,24.407314814814814,22.371155019180552,2.036159795634262,High Risk
258.0,101.54,129.0,50.77,2,RJ,11,4,2017,8.262083333333333,22.253256922555412,13.991173589222079,High Risk
99.99,25.19,99.99,25.19,1,CE,4,0,2017,36.11446759259259,28.414749323102185,7.699718269490404,High Risk
65.9,16.22,65.9,16.22,1,RJ,2,0,2018,24.956412037037037,25.65248366732659,0.696071630289552,High Risk
163.75,54.730000000000004,81.875,27.365000000000002,2,BA,5,1,2018,20.241944444444446,21.579956617529692,1.3380121730852466,High Risk
64.0,19.42,64.0,19.42,1,SC,3,5,2018,16.83165509259259,21.349821045357263,4.518165952764672,High Risk
300.0,30.46,300.0,30.46,1,BA,4,0,2018,18.181631944444444,21.032109539117133,2.8504775946726895,High Risk
97.98,49.8,48.99,24.9,2,PI,2,1,2018,49.129884259259256,21.506910225533137,27.62297403372612,High Risk
119.9,26.98,119.9,26.98,1,CE,2,3,2018,13.275474537037036,28.20043687614837,14.924962339111334,High Risk
29.9,15.1,29.9,15.1,1,RJ,12,2,2017,20.364189814814814,20.493546270641804,0.12935645582698996,High Risk
19.8,34.15,19.8,34.15,1,BA,3,5,2018,18.64878472222222,21.80708154419944,3.1582968219772205,High Risk
315.0,61.56,315.0,61.56,1,SC,11,4,2017,6.836064814814815,22.650064719888746,15.813999905073931,High Risk
79.9,17.13,79.9,17.13,1,RS,11,0,2017,9.71394675925926,20.370261675361423,10.656314916102163,High Risk
142.0,97.32,142.0,97.32,1,MS,3,0,2018,9.23857638888889,22.232336849356976,12.993760460468087,High Risk
37.99,22.06,37.99,22.06,1,BA,3,3,2018,27.007071759259258,21.363143446990698,5.64392831226856,High Risk
189.0,26.6,189.0,26.6,1,CE,2,4,2018,40.47140046296296,28.16092584034495,12.31047462261801,High Risk
138.89,18.85,138.89,18.85,1,SC,3,2,2018,12.18199074074074,21.349821045357263,9.167830304616523,High Risk
179.8,39.0,89.9,19.5,2,RJ,11,0,2017,14.420868055555555,20.366298411937574,5.945430356382019,High Risk
16.9,26.89,16.9,26.89,1,PA,10,5,2017,29.991261574074073,21.305803522612806,8.685458051461268,High Risk
159.9,20.61,159.9,20.61,1,RJ,2,2,2018,12.184849537037037,26.394346084205413,14.209496547168376,High Risk
719.8,57.68,359.9,28.84,2,RJ,1,0,2018,10.958148148148148,21.095484204572905,10.137336056424758,High Risk
249.0,39.29,249.0,39.29,1,RN,11,0,2017,49.78950231481482,22.465320031087323,27.324182283727495,High Risk
89.9,19.95,89.9,19.95,1,BA,3,5,2018,23.53997685185185,21.349821045357263,2.1901558064945874,High Risk
49.0,17.67,49.0,17.67,1,RJ,11,4,2017,12.40349537037037,21.55374850364009,9.15025313326972,High Risk
57.5,15.15,57.5,15.15,1,SC,2,1,2018,28.353402777777777,21.269407490544424,7.083995287233353,High Risk
122.99,15.74,122.99,15.74,1,RS,3,1,2018,16.871956018518517,21.269407490544424,4.397451472025907,High Risk
53.0,16.13,53.0,16.13,1,RJ,11,1,2017,18.961122685185185,20.45521149221363,1.4940888070284437,High Risk
349.9,31.86,349.9,31.86,1,AL,1,0,2018,37.352407407407405,21.869939088141244,15.482468319266161,High Risk
116.9,16.58,116.9,16.58,1,ES,11,6,2017,22.040960648148147,20.840975838755643,1.1999848093925038,High Risk
168.9,26.46,168.9,26.46,1,TO,12,1,2017,24.137002314814815,22.470537718615336,1.6664645961994786,High Risk
139.89000000000001,41.51,69.94500000000001,20.755,2,RJ,3,2,2018,35.74434027777778,23.559806736356823,12.184533541420958,High Risk
47.6,44.12,23.8,22.06,2,BA,3,0,2018,30.990034722222223,21.363143446990698,9.626891275231525,High Risk
49.99,18.23,49.99,18.23,1,SC,3,0,2018,15.246550925925925,21.349821045357263,6.103270119431338,High Risk
49.0,22.06,49.0,22.06,1,BA,3,2,2018,34.78299768518519,21.363143446990698,13.419854238194489,High Risk
29.99,25.63,29.99,25.63,1,PA,10,6,2017,40.266875,21.164199119725573,19.102675880274425,High Risk
559.0,41.43,559.0,41.43,1,MG,12,1,2017,43.452581018518515,45.80043268908199,2.3478516705634718,High Risk
224.0,52.07,224.0,52.07,1,RN,3,5,2018,33.30026620370371,22.092826564880674,11.207439638823033,High Risk
35.0,16.79,35.0,16.79,1,BA,2,4,2018,27.234826388888887,21.349821045357263,5.885005343531624,High Risk
49.9,21.15,49.9,21.15,1,AL,1,2,2018,31.12207175925926,21.62816779954419,9.49390395971507,High Risk
29.9,16.92,29.9,16.92,1,RJ,11,0,2017,14.458993055555556,20.278273103921528,5.819280048365972,High Risk
399.9,28.08,399.9,28.08,1,PE,11,0,2017,10.692465277777778,21.213877564663612,10.521412286885834,High Risk
1380.0,711.33,460.0,237.11,3,MA,2,6,2018,39.549675925925925,24.339044971462013,15.210630954463912,High Risk
229.0,21.88,229.0,21.88,1,RJ,12,2,2017,22.45755787037037,22.58143567863812,0.12387780826774986,High Risk
69.9,17.92,69.9,17.92,1,SP,3,4,2017,6.625081018518519,20.760387141689584,14.135306123171066,High Risk
75.0,23.4,75.0,23.4,1,BA,12,0,2017,8.254502314814815,21.85568801300506,13.601185698190246,High Risk
119.9,17.09,119.9,17.09,1,RJ,12,4,2017,13.961481481481481,22.13671249726115,8.17523101577967,High Risk
189.9,26.36,189.9,26.36,1,AP,12,5,2017,26.16383101851852,22.32986275943123,3.833968259087289,High Risk
239.99,17.44,239.99,17.44,1,SC,11,6,2017,4.131782407407408,20.460143916959463,16.328361509552057,High Risk
39.9,15.1,39.9,15.1,1,RJ,2,6,2018,17.33619212962963,25.32767979701683,7.991487667387201,High Risk
138.0,25.81,138.0,25.81,1,RJ,11,2,2017,5.813310185185185,21.55518184679933,15.741871661614145,High Risk
89.9,35.76,89.9,35.76,1,DF,3,3,2018,20.343668981481482,21.78709474553661,1.443425764055128,High Risk
69.2,47.01,69.2,47.01,1,PB,12,2,2017,33.064224537037035,22.607132824275592,10.457091712761443,High Risk
163.99,37.84,163.99,37.84,1,CE,4,4,2018,21.671238425925925,21.27635877304582,0.3948796528801033,High Risk
99.98,19.24,99.98,19.24,1,CE,12,1,2017,10.816365740740741,22.198568384421414,11.382202643680673,High Risk
57.6,28.8,57.6,28.8,1,CE,11,4,2017,26.271979166666668,22.38556779394411,3.8864113727225593,High Risk
56.0,16.15,56.0,16.15,1,MS,2,1,2018,15.102430555555555,21.324767438557174,6.222336883001619,High Risk
59.9,35.74,59.9,35.74,1,TO,12,0,2017,14.234131944444444,22.492971587812587,8.258839643368143,High Risk
12.5,22.85,12.5,22.85,1,RN,3,4,2018,30.860902777777778,21.465233951098458,9.39566882667932,High Risk
115.0,27.54,115.0,27.54,1,BA,4,0,2018,21.26449074074074,21.584773305515682,0.3202825647749421,High Risk
170.0,18.44,170.0,18.44,1,RJ,2,2,2018,29.30959490740741,26.495868423525554,2.8137264838818545,High Risk
47.65,18.23,47.65,18.23,1,MS,3,2,2018,28.285694444444445,21.349821045357263,6.935873399087182,High Risk
99.0,33.08,99.0,33.08,1,RJ,11,4,2017,15.118715277777778,21.778516645552486,6.659801367774708,High Risk
180.0,17.8,180.0,17.8,1,RJ,3,4,2018,17.044583333333332,26.43530380028585,9.39072046695252,High Risk
138.0,17.22,138.0,17.22,1,DF,3,5,2018,9.539351851851851,21.349821045357263,11.810469193505412,High Risk
293.70000000000005,48.39,97.90000000000002,16.13,3,BA,10,2,2017,21.996712962962963,24.71446466516201,2.7177517021990454,High Risk
129.89000000000001,33.989999999999995,64.94500000000001,16.994999999999997,2,RJ,11,2,2017,14.233402777777778,20.291696962915072,6.058294185137294,High Risk
58.0,35.26,29.0,17.63,2,CE,12,0,2017,9.506284722222222,21.416265717786228,11.909980995564005,High Risk
89.99,45.09,89.99,45.09,1,RJ,12,4,2017,31.48644675925926,22.465280117692135,9.021166641567124,High Risk
22.4,15.79,22.4,15.79,1,MT,12,3,2017,12.330115740740741,21.32093496334689,8.990819222606149,High Risk
49.99,15.11,49.99,15.11,1,DF,2,3,2018,30.500960648148148,21.269407490544424,9.231553157603724,High Risk
49.9,19.32,49.9,19.32,1,RS,3,5,2018,39.52091435185185,21.349821045357263,18.171093306494587,High Risk
34.9,44.2,34.9,44.2,1,PA,1,2,2018,35.87658564814815,25.63255934349175,10.244026304656401,High Risk
999.9,52.59,999.9,52.59,1,PA,8,0,2017,10.894652777777777,26.444854595580267,15.55020181780249,High Risk
149.99,23.37,149.99,23.37,1,RN,3,6,2018,54.91502314814815,21.451436331484874,33.46358681666328,High Risk
129.9,15.66,129.9,15.66,1,RJ,2,0,2018,16.97224537037037,25.80458830896474,8.832342938594369,High Risk
109.9,34.57,109.9,34.57,1,AL,5,2,2017,19.012627314814814,20.32969480862146,1.317067493806647,High Risk
56.99,16.16,56.99,16.16,1,RS,2,3,2018,35.326701388888885,21.349821045357263,13.976880343531622,High Risk
169.99,18.44,169.99,18.44,1,ES,2,1,2018,13.961284722222222,21.349821045357263,7.388536323135041,High Risk
122.99,15.61,122.99,15.61,1,SC,2,3,2018,19.80056712962963,21.269407490544424,1.4688403609147933,High Risk
23.99,16.95,23.99,16.95,1,ES,3,1,2018,8.962037037037037,21.349821045357263,12.387784008320226,High Risk
54.9,17.95,54.9,17.95,1,RJ,11,2,2017,9.705844907407407,20.43908251427708,10.733237606869672,High Risk
179.79,52.150000000000006,59.93,17.383333333333336,3,GO,11,5,2017,16.972627314814815,20.638740604500864,3.6661132896860487,High Risk
399.0,40.31,399.0,40.31,1,RS,11,3,2017,19.003703703703703,22.434653615496636,3.4309499117929327,High Risk
79.98,30.2,39.99,15.1,2,RS,2,1,2018,15.001828703703703,21.269407490544424,6.267578786840721,High Risk
76.0,16.29,76.0,16.29,1,RS,2,2,2018,34.737627314814816,21.349821045357263,13.387806269457553,High Risk
25.45,15.1,25.45,15.1,1,RJ,2,1,2018,15.013148148148149,25.062204868986324,10.049056720838175,High Risk
129.8,70.13,129.8,70.13,1,MS,1,6,2018,7.979826388888889,25.460627038217066,17.480800649328177,High Risk
115.0,18.06,115.0,18.06,1,SC,11,6,2017,25.371805555555557,20.227473613532247,5.14433194202331,High Risk
166.99,21.66,166.99,21.66,1,SC,11,4,2017,17.34608796296296,21.52115325250832,4.175065289545358,High Risk
49.9,25.38,49.9,25.38,1,PE,2,0,2018,14.587430555555555,21.466671398127303,6.879240842571749,High Risk
99.9,22.57,99.9,22.57,1,RJ,2,6,2018,9.352951388888888,25.773818496803152,16.420867107914262,High Risk
149.0,57.27,149.0,57.27,1,RS,2,4,2018,13.15769675925926,22.232336849356976,9.074640090097716,High Risk
109.9,16.53,109.9,16.53,1,RJ,11,1,2017,17.184398148148148,20.36979560277597,3.1853974546278216,High Risk
629.9,34.03,629.9,34.03,1,PA,10,2,2016,8.710173611111111,22.176323227577967,13.466149616466856,High Risk
199.0,89.84,199.0,89.84,1,MG,3,5,2018,25.36164351851852,21.801900823098098,3.5597426954204217,High Risk
175.9,17.67,175.9,17.67,1,RJ,11,3,2017,25.084155092592592,20.593907913504587,4.490247179088005,High Risk
149.9,18.93,149.9,18.93,1,ES,3,0,2018,16.208368055555557,21.349821045357263,5.1414529898017065,High Risk
389.9,27.29,389.9,27.29,1,CE,3,1,2017,21.992511574074076,23.602075382328795,1.6095638082547197,High Risk
29.9,22.41,29.9,22.41,1,RS,3,0,2018,20.89033564814815,21.363143446990698,0.472807798842549,High Risk
535.9,18.5,535.9,18.5,1,RS,3,3,2018,7.690219907407408,21.349821045357263,13.659601137949856,High Risk
139.0,23.29,139.0,23.29,1,RJ,11,2,2017,29.834976851851852,21.466054458036787,8.368922393815065,High Risk
59.9,15.3,59.9,15.3,1,ES,3,2,2018,22.042916666666667,21.269407490544424,0.7735091761222428,High Risk
119.8,27.16,119.8,27.16,1,DF,3,3,2018,12.518425925925927,21.81652499627663,9.298099070350704,High Risk
22.99,15.23,22.99,15.23,1,DF,3,4,2018,12.012534722222222,21.269407490544424,9.256872768322202,High Risk
159.98,100.86,79.99,50.43,2,BA,1,4,2018,21.92207175925926,24.59924689496498,2.6771751357057205,High Risk
1054.0,106.77,1054.0,106.77,1,RS,3,2,2018,19.160138888888888,22.44157999521708,3.2814411063281916,High Risk
148.0,30.54,74.0,15.27,2,RJ,2,1,2018,16.128935185185185,24.004636434463734,7.875701249278549,High Risk
139.89,39.27,139.89,39.27,1,RJ,3,3,2018,12.295844907407407,24.199197484420342,11.903352577012935,High Risk
178.9,26.53,178.9,26.53,1,RS,2,2,2018,19.145150462962963,21.476462357986183,2.3313118950232194,High Risk
102.9,22.43,102.9,22.43,1,BA,4,6,2018,28.16201388888889,20.958288685003463,7.203725203885426,High Risk
429.9,57.27,429.9,57.27,1,PE,3,6,2018,23.105613425925927,22.236047338331932,0.869566087593995,High Risk
39.99,37.04,39.99,37.04,1,CE,4,3,2018,20.387303240740742,21.64285926445932,1.2555560237185794,High Risk
120.0,28.22,120.0,28.22,1,MT,2,3,2018,35.30438657407407,21.70269544059279,13.601691133481282,High Risk
109.8,31.64,54.9,15.82,2,BA,2,4,2018,29.168206018518518,21.269407490544424,7.898798527974094,High Risk
170.0,15.94,170.0,15.94,1,RJ,12,6,2017,12.297766203703704,21.65635050893751,9.358584305233807,High Risk
1098.0,75.84,1098.0,75.84,1,RJ,1,2,2018,20.22818287037037,23.959581040640884,3.731398170270513,High Risk
89.99,50.5,89.99,50.5,1,BA,11,5,2017,23.076226851851853,22.698909039981505,0.3773178118703484,High Risk
93.0,21.73,93.0,21.73,1,RJ,3,4,2018,16.96523148148148,25.782904388722997,8.817672907241516,High Risk
51.7,16.8,51.7,16.8,1,RJ,2,3,2018,25.525324074074074,25.616810702647882,0.09148662857380785,High Risk
1050.0,250.57,1050.0,250.57,1,PA,8,0,2017,28.409988425925928,28.697691401994575,0.2877029760686476,High Risk
209.0,61.28,209.0,61.28,1,CE,12,2,2017,22.021574074074074,25.003112645812557,2.981538571738483,High Risk
99.99,25.98,99.99,25.98,1,BA,11,0,2017,14.230046296296296,21.297586133067767,7.067539836771472,High Risk
115.0,23.68,115.0,23.68,1,MT,11,5,2017,12.287349537037038,21.42973901733079,9.142389480293751,High Risk
48.3,21.15,48.3,21.15,1,MA,11,4,2017,19.568981481481483,22.813070645337167,3.2440891638556835,High Risk
23.7,25.63,23.7,25.63,1,CE,2,1,2018,20.486817129629628,27.241408807346534,6.754591677716906,High Risk
198.0,33.88,99.0,16.94,2,RJ,12,2,2017,6.026574074074074,21.420871466965167,15.394297392891094,High Risk
95.0,37.36,95.0,37.36,1,BA,3,3,2018,13.537627314814815,21.88260840997394,8.344981095159126,High Risk
68.0,15.23,68.0,15.23,1,SC,2,2,2018,19.226134259259258,21.269407490544424,2.0432732312851662,High Risk
104.9,23.6,104.9,23.6,1,ES,11,1,2017,10.175277777777778,21.016545038475968,10.84126726069819,High Risk
79.89,33.64,39.945,16.82,2,MT,12,1,2017,9.861655092592592,20.941628857465684,11.079973764873092,High Risk
56.99,16.16,56.99,16.16,1,SC,2,0,2018,28.011006944444443,21.349821045357263,6.6611858990871795,High Risk
36.85,21.85,36.85,21.85,1,BA,4,3,2017,21.667685185185185,24.402835075107173,2.7351498899219884,High Risk
180.0,57.52,180.0,57.52,1,RJ,3,1,2018,9.341932870370371,24.65215000775803,15.31021713738766,High Risk
50.0,19.59,50.0,19.59,1,SC,11,4,2017,21.429594907407406,20.384727324657277,1.044867582750129,High Risk
725.0,42.21,725.0,42.21,1,CE,1,2,2018,12.832141203703705,24.22782819088785,11.395686987184144,High Risk
89.76,62.2,44.88,31.1,2,GO,12,1,2017,13.371342592592592,22.118425569041236,8.747082976448644,High Risk
89.0,24.55,89.0,24.55,1,SE,5,4,2017,25.72866898148148,25.970376683093235,0.24170770161175525,High Risk
39.9,15.1,39.9,15.1,1,CE,1,4,2018,12.287962962962963,22.09632792995309,9.808364966990128,High Risk
99.99,18.94,99.99,18.94,1,RS,11,5,2017,24.440914351851852,20.85379361382998,3.5871207380218735,High Risk
48.0,15.1,48.0,15.1,1,GO,2,0,2018,43.501863425925926,21.269407490544424,22.232455935381502,High Risk
21.99,16.79,21.99,16.79,1,BA,12,3,2017,21.91903935185185,21.120201966571198,0.7988373852806525,High Risk
34.49,18.23,34.49,18.23,1,DF,3,2,2018,25.91003472222222,21.349821045357263,4.560213676864958,High Risk
539.92,22.32,539.92,22.32,1,PE,3,3,2018,33.70332175925926,21.380726422478443,12.322595336780818,High Risk
370.0,45.0,370.0,45.0,1,SE,3,0,2018,43.82157407407407,22.259214291908624,21.562359782165448,High Risk
14.9,25.63,14.9,25.63,1,PA,8,1,2017,15.974143518518519,20.030760199759552,4.056616681241033,High Risk
35.0,19.04,35.0,19.04,1,BA,4,6,2018,9.80943287037037,20.80107785877002,10.991644988399651,High Risk
149.0,27.77,149.0,27.77,1,BA,4,6,2018,21.075497685185184,20.367136435218057,0.7083612499671261,High Risk
98.99,23.19,98.99,23.19,1,MA,3,2,2018,9.456377314814814,22.42842187847198,12.972044563657166,High Risk
435.0,38.81,217.5,19.405,2,RJ,3,2,2018,24.831793981481482,24.365419029604432,0.46637495187705014,High Risk
388.0,23.21,388.0,23.21,1,RS,11,0,2017,16.216666666666665,21.224062913613853,5.007396246947188,High Risk
129.0,30.48,129.0,30.48,1,RJ,3,0,2018,8.945289351851851,24.635358133029058,15.690068781177207,High Risk
385.0,21.23,385.0,21.23,1,DF,2,1,2018,31.251851851851853,21.349821045357263,9.90203080649459,High Risk
49.9,37.9,49.9,37.9,1,SE,1,1,2018,8.123773148148148,20.19333714848034,12.069564000332191,High Risk
199.0,37.56,199.0,37.56,1,PA,11,4,2017,34.492916666666666,23.920426304589597,10.572490362077069,High Risk
122.99,15.74,122.99,15.74,1,RJ,3,1,2018,7.9611226851851855,25.756662749283397,17.795540064098212,High Risk
99.9,27.14,99.9,27.14,1,DF,3,6,2018,9.2934375,21.81652499627663,12.52308749627663,High Risk
39.99,16.11,39.99,16.11,1,RJ,11,0,2017,15.28025462962963,20.25205812616058,4.971803496530951,High Risk
47.65,19.04,47.65,19.04,1,PA,3,4,2018,43.13476851851852,32.422732355750426,10.712036162768094,High Risk
27.99,18.23,27.99,18.23,1,RS,3,5,2018,15.844861111111111,21.349821045357263,5.504959934246152,High Risk
45.9,16.11,45.9,16.11,1,SC,2,0,2018,16.12576388888889,21.303904265882114,5.178140376993223,High Risk
54.99,21.18,54.99,21.18,1,PE,2,4,2018,19.32635416666667,21.349821045357263,2.023466878690595,High Risk
255.0,23.66,255.0,23.66,1,RJ,11,0,2017,15.94548611111111,22.963429032801898,7.017942921690787,High Risk
89.99,16.39,89.99,16.39,1,RS,12,4,2017,12.103877314814815,21.814896365124678,9.711019050309863,High Risk
225.0,67.24,225.0,67.24,1,MG,3,6,2018,21.949560185185184,20.826255851255468,1.1233043339297168,High Risk
29.99,25.63,29.99,25.63,1,CE,11,2,2017,21.427199074074075,22.093075844987002,0.6658767709129272,High Risk
299.0,16.84,299.0,16.84,1,RJ,12,5,2017,18.01528935185185,22.543056640110734,4.527767288258882,High Risk
1500.0,37.04,1500.0,37.04,1,PA,6,3,2017,48.11017361111111,26.444854595580267,21.66531901553084,High Risk
154.08,18.65,154.08,18.65,1,BA,3,4,2018,46.17913194444444,21.349821045357263,24.82931089908718,High Risk
299.99,36.72,299.99,36.72,1,CE,2,1,2017,21.212256944444444,25.343488925515818,4.131231981071373,High Risk
524.9,60.22,524.9,60.22,1,RN,4,1,2018,27.93875,20.95724052984795,6.981509470152048,High Risk
319.0,19.51,319.0,19.51,1,PE,11,2,2017,14.116527777777778,20.21325197478045,6.096724197002674,High Risk
33.8,19.59,33.8,19.59,1,BA,3,5,2018,39.39449074074074,21.349821045357263,18.04466969538348,High Risk
79.9,17.81,79.9,17.81,1,SP,11,0,2017,53.262002314814815,28.481907880268594,24.78009443454622,High Risk
298.0,18.4,298.0,18.4,1,RJ,11,6,2017,4.363229166666667,20.964166820160102,16.600937653493435,High Risk
51.9,16.8,51.9,16.8,1,BA,11,0,2017,15.18818287037037,20.489939977242866,5.301757106872495,High Risk
22.33,18.23,22.33,18.23,1,DF,3,3,2018,32.543692129629626,21.349821045357263,11.193871084272363,High Risk
650.0,148.27,650.0,148.27,1,BA,3,5,2017,16.007708333333333,22.805438015667516,6.797729682334182,High Risk
23.99,18.23,23.99,18.23,1,DF,3,1,2018,23.17101851851852,21.349821045357263,1.8211974731612557,High Risk
115.0,18.69,115.0,18.69,1,ES,3,0,2018,19.56423611111111,21.349821045357263,1.7855849342461525,High Risk
52.11,22.07,52.11,22.07,1,BA,3,2,2018,20.3771875,21.363143446990698,0.9859559469906962,High Risk
9.0,15.1,9.0,15.1,1,RJ,12,0,2017,10.85375,20.316160891733322,9.462410891733322,High Risk
29.98,17.63,29.98,17.63,1,CE,3,6,2018,40.1334375,27.080293564266203,13.053143935733797,High Risk
49.0,34.15,49.0,34.15,1,MA,3,4,2018,35.424236111111114,22.70473395415413,12.719502156956985,High Risk
99.9,18.94,99.9,18.94,1,BA,2,4,2018,17.46903935185185,21.349821045357263,3.880781693505412,High Risk
166.99,27.49,166.99,27.49,1,PR,12,2,2017,20.347314814814816,29.606489079274535,9.25917426445972,High Risk
116.9,16.58,116.9,16.58,1,RJ,11,4,2017,42.153252314814814,21.26369733694621,20.889554977868606,High Risk
105.0,16.7,105.0,16.7,1,RJ,3,3,2018,18.153506944444445,26.037752012418373,7.884245067973929,High Risk
59.9,16.39,59.9,16.39,1,RS,3,5,2018,9.971608796296296,21.349821045357263,11.378212249060967,High Risk
129.9,25.04,129.9,25.04,1,SE,3,0,2018,9.920787037037037,21.521274365339895,11.600487328302858,High Risk
299.9,18.35,299.9,18.35,1,ES,2,4,2018,22.027094907407406,21.349821045357263,0.6772738620501428,High Risk
177.65,27.56,177.65,27.56,1,RS,3,3,2018,19.948993055555555,21.741534499462986,1.7925414439074316,High Risk
18.9,18.28,18.9,18.28,1,BA,4,2,2018,11.2421875,21.44028171049207,10.19809421049207,High Risk
349.9,33.15,349.9,33.15,1,AP,2,3,2017,18.716238425925926,66.39563267980294,47.67939425387702,High Risk
33.0,16.11,33.0,16.11,1,GO,2,4,2018,17.040370370370372,21.303904265882114,4.263533895511742,High Risk
139.9,50.85,139.9,50.85,1,RJ,11,4,2017,7.515219907407407,23.29739228551903,15.782172378111625,High Risk
166.99,20.66,166.99,20.66,1,RJ,11,5,2017,11.838043981481482,21.606472679641193,9.768428698159711,High Risk
91.64,44.1,45.82,22.05,2,AL,3,3,2018,11.426064814814815,21.363143446990698,9.937078632175883,High Risk
89.9,18.87,89.9,18.87,1,MT,11,2,2017,15.212337962962962,20.37663121777023,5.164293254807266,High Risk
162.0,52.980000000000004,54.0,17.66,3,PE,12,1,2017,17.575370370370372,21.084464109167232,3.50909373879686,High Risk
98.0,75.94,49.0,37.97,2,RN,11,4,2017,46.31565972222222,21.99970215726485,24.315957564957372,High Risk
189.9,17.77,189.9,17.77,1,BA,2,4,2018,21.821458333333332,21.349821045357263,0.4716372879760691,High Risk
149.0,15.79,149.0,15.79,1,RJ,12,1,2017,39.99675925925926,20.217477012602547,19.77928224665671,High Risk
69.0,18.36,69.0,18.36,1,SC,3,1,2018,13.32880787037037,21.349821045357263,8.021013174986892,High Risk
998.0,50.57,998.0,50.57,1,SC,3,3,2018,11.58232638888889,21.98236761357317,10.400041224684282,High Risk
594.21,64.39,594.21,64.39,1,PB,4,3,2017,27.739143518518517,20.49957817256519,7.239565345953327,High Risk
119.9,15.72,119.9,15.72,1,ES,3,2,2018,13.421747685185185,21.269407490544424,7.847659805359239,High Risk
49.9,34.15,49.9,34.15,1,AL,2,2,2018,13.87037037037037,21.997305082942848,8.126934712572478,High Risk
49.9,17.6,49.9,17.6,1,RS,2,0,2018,25.285162037037036,21.349821045357263,3.935340991679773,High Risk
21.99,18.23,21.99,18.23,1,GO,3,4,2018,39.151631944444446,21.349821045357263,17.801810899087183,High Risk
150.0,33.94,75.0,16.97,2,PE,2,2,2018,15.344965277777778,21.349821045357263,6.004855767579485,High Risk
169.9,50.85,169.9,50.85,1,MA,11,6,2017,39.081238425925925,28.07649904078942,11.004739385136503,High Risk
79.99,21.01,79.99,21.01,1,BA,4,3,2017,19.904016203703705,28.890817365006328,8.986801161302623,High Risk
199.0,17.64,199.0,17.64,1,RJ,11,2,2017,13.440706018518519,20.46747111603768,7.02676509751916,High Risk
168.0,43.59,168.0,43.59,1,RN,11,4,2017,14.68082175925926,22.636695039390837,7.955873280131577,High Risk
48.0,17.06,48.0,17.06,1,BA,4,6,2018,23.270300925925927,20.917353325424806,2.352947600501121,High Risk
79.0,17.8,79.0,17.8,1,RJ,12,3,2017,21.06304398148148,21.643593170746055,0.5805491892645733,High Risk
39.0,17.6,39.0,17.6,1,RJ,11,3,2017,11.952569444444444,20.295656451396116,8.343087006951672,High Risk
58.9,25.25,58.9,25.25,1,RS,11,6,2017,12.156319444444444,21.42476998048065,9.268450536036207,High Risk
29.9,15.1,29.9,15.1,1,RJ,2,1,2018,23.118194444444445,25.23878020023137,2.1205857557869265,High Risk
1599.0,115.21,1599.0,115.21,1,PE,1,6,2018,44.14193287037037,31.40152852239445,12.740404347975918,High Risk
113.9,16.56,113.9,16.56,1,RJ,11,4,2017,31.72892361111111,21.02479528811461,10.7041283229965,High Risk
113.9,19.77,113.9,19.77,1,RJ,3,2,2018,14.841886574074074,26.184213568951453,11.342326994877379,High Risk
104.0,29.13,104.0,29.13,1,PA,3,6,2018,29.92216435185185,34.63697486242703,4.71481051057518,High Risk
143.8,44.49,143.8,44.49,1,BA,4,6,2018,23.276550925925925,20.856501559250713,2.4200493666752116,High Risk
199.99,78.42,199.99,78.42,1,SC,2,1,2018,23.39497685185185,22.24991982484472,1.1450570270071303,High Risk
156.97,56.709999999999994,52.32333333333333,18.903333333333332,3,PE,2,5,2018,23.86306712962963,21.349821045357263,2.5132460842723674,High Risk
176.99,27.56,176.99,27.56,1,RJ,2,3,2018,18.7965625,24.89287074881409,6.09630824881409,High Risk
49.9,15.23,49.9,15.23,1,DF,3,0,2018,9.348159722222222,21.269407490544424,11.921247768322202,High Risk
430.0,45.18,215.0,22.59,2,DF,3,1,2018,11.344050925925925,21.380726422478443,10.036675496552517,High Risk
348.8,19.72,348.8,19.72,1,PA,12,4,2017,14.062430555555556,21.99903456268019,7.936604007124634,High Risk
130.0,17.16,130.0,17.16,1,RS,12,5,2017,25.14150462962963,21.87939911509597,3.2621055145336584,High Risk
18.9,42.38,18.9,42.38,1,CE,2,0,2018,37.211087962962964,28.44357727473217,8.767510688230793,High Risk
58.9,59.58,58.9,59.58,1,RS,11,0,2017,14.013761574074074,23.049036778134763,9.035275204060689,High Risk
69.9,20.98,69.9,20.98,1,GO,2,3,2018,15.833622685185185,21.349821045357263,5.516198360172078,High Risk
104.0,26.01,104.0,26.01,1,DF,2,2,2018,21.27696759259259,21.403976102311564,0.12700850971897282,High Risk
599.0,24.68,599.0,24.68,1,RS,12,6,2017,22.94724537037037,21.592016970503977,1.3552283998663945,High Risk
288.0,16.77,288.0,16.77,1,RS,11,5,2017,12.134930555555556,20.885206385790383,8.750275830234827,High Risk
449.0,42.41,449.0,42.41,1,ES,2,2,2018,15.69837962962963,21.94148203567081,6.24310240604118,High Risk
27.9,15.1,27.9,15.1,1,RJ,2,5,2018,40.97101851851852,25.120162625046106,15.850855893472414,High Risk
48.9,16.11,48.9,16.11,1,RS,2,2,2018,34.410127314814815,21.303904265882114,13.106223048932701,High Risk
165.0,27.69,165.0,27.69,1,CE,1,2,2018,16.31087962962963,22.779141395249418,6.46826176561979,High Risk
31.9,16.79,31.9,16.79,1,SC,11,4,2017,5.753009259259259,20.441971794327856,14.688962535068598,High Risk
169.9,27.73,169.9,27.73,1,BA,11,3,2017,18.838148148148147,21.47816229875646,2.6400141506083123,High Risk
649.0,20.98,649.0,20.98,1,MG,12,6,2017,9.233078703703704,30.3051016036478,21.072022899944095,High Risk
151.9,27.14,151.9,27.14,1,RJ,3,0,2018,32.48252314814815,24.89287074881409,7.5896523993340566,High Risk
159.0,34.91,159.0,34.91,1,MA,12,2,2017,15.966504629629629,25.578513145435153,9.612008515805524,High Risk
119.8,35.34,59.9,17.67,2,RS,11,5,2017,17.51212962962963,20.820461813423385,3.3083321837937554,High Risk
159.94,38.96,159.94,38.96,1,ES,11,1,2017,17.53363425925926,22.39563568407647,4.862001424817212,High Risk
39.9,25.63,39.9,25.63,1,BA,11,5,2017,11.839756944444444,21.42231510340153,9.582558158957086,High Risk
47.5,52.71,47.5,52.71,1,PB,1,4,2018,39.03994212962963,22.69721320407216,16.34272892555747,High Risk
119.99,36.5,119.99,36.5,1,ES,11,0,2017,22.097685185185185,21.955626512442926,0.1420586727422588,High Risk
18.9,16.79,18.9,16.79,1,RJ,12,3,2017,15.337453703703703,21.345971430102406,6.008517726398702,High Risk
79.0,18.13,79.0,18.13,1,RS,3,4,2018,19.34835648148148,21.349821045357263,2.001464563875782,High Risk
414.70000000000005,54.65,138.23333333333335,18.216666666666665,3,RJ,12,4,2017,18.387314814814815,22.440373305135157,4.053058490320343,High Risk
122.99,18.74,122.99,18.74,1,RJ,3,1,2018,22.007361111111113,26.110810946317983,4.10344983520687,High Risk
126.99,37.85,126.99,37.85,1,RN,3,0,2017,10.549085648148148,21.0614561167739,10.512370468625752,High Risk
52.0,16.61,52.0,16.61,1,RJ,11,0,2017,18.318275462962962,20.394830187894883,2.0765547249319205,High Risk
149.9,18.3,149.9,18.3,1,SC,11,4,2017,16.856828703703705,20.073804630091523,3.2169759263878177,High Risk
122.99,18.14,122.99,18.14,1,PA,1,1,2018,28.42017361111111,22.268228116804657,6.151945494306453,High Risk
49.0,17.64,49.0,17.64,1,RJ,11,4,2017,14.340856481481481,21.236945387746236,6.896088906264755,High Risk
69.9,25.33,69.9,25.33,1,SC,12,2,2017,15.311215277777778,21.04083116908211,5.7296158913043325,High Risk
57.0,38.64,28.5,19.32,2,RJ,3,0,2018,16.264965277777776,23.65162918107193,7.386663903294153,High Risk
120.0,17.55,120.0,17.55,1,GO,3,0,2018,38.56893518518518,21.349821045357263,17.21911413982792,High Risk
119.9,27.69,119.9,27.69,1,RS,12,0,2017,11.342407407407407,21.85506073940643,10.512653331999022,High Risk
329.9,132.94,329.9,132.94,1,CE,11,4,2017,43.57653935185185,24.761986668655098,18.81455268319675,High Risk
109.9,23.35,109.9,23.35,1,ES,3,1,2018,8.223668981481481,21.42448061620587,13.200811634724388,High Risk
38.9,16.11,38.9,16.11,1,RJ,12,1,2017,13.881851851851852,21.32390084565598,7.4420489938041285,High Risk
99.9,23.57,99.9,23.57,1,RJ,2,6,2018,15.350462962962963,25.75058110845923,10.400118145496267,High Risk
260.0,36.32,130.0,18.16,2,RS,2,0,2018,26.07982638888889,21.349821045357263,4.7300053435316265,High Risk
59.9,17.99,59.9,17.99,1,RJ,11,4,2017,17.96982638888889,21.094617267695053,3.124790878806163,High Risk
78.98,39.48,78.98,39.48,1,RJ,11,1,2017,37.263009259259256,22.158824031158176,15.10418522810108,High Risk
21.99,17.63,21.99,17.63,1,CE,12,4,2017,24.231122685185184,22.95313110717416,1.2779915780110258,High Risk
59.0,18.29,59.0,18.29,1,SC,3,4,2018,19.255590277777777,21.349821045357263,2.094230767579486,High Risk
37.9,23.28,37.9,23.28,1,BA,3,3,2018,29.209652777777777,21.42448061620587,7.785172161571907,High Risk
159.9,29.52,159.9,29.52,1,BA,12,2,2017,8.771689814814815,22.722591589236025,13.95090177442121,High Risk
39.0,18.23,39.0,18.23,1,DF,3,6,2018,11.15642361111111,21.37677676063626,10.22035314952515,High Risk
49.95,37.04,49.95,37.04,1,CE,3,6,2018,18.433032407407406,28.196185953733774,9.763153546326368,High Risk
154.9,50.95,154.9,50.95,1,BA,12,0,2017,34.74244212962963,23.57019274447336,11.17224938515627,High Risk
53.9,17.63,53.9,17.63,1,RS,2,6,2018,22.4065625,21.37677676063626,1.0297857393637386,High Risk
369.0,18.83,369.0,18.83,1,RS,11,5,2017,39.48003472222222,20.899190143052596,18.580844579169625,High Risk
79.9,17.81,79.9,17.81,1,RJ,11,1,2017,5.901875,20.601206311465752,14.699331311465752,High Risk
53.9,21.35,53.9,21.35,1,RS,3,1,2018,23.794930555555556,21.349821045357263,2.445109510198293,High Risk
99.0,17.94,99.0,17.94,1,RJ,11,4,2017,18.895659722222224,21.07701666746668,2.181356945244456,High Risk
499.0,10.36,499.0,10.36,1,SP,5,3,2018,5.390231481481481,23.668031874465406,18.277800392983924,High Risk
56.99,26.94,56.99,26.94,1,CE,2,2,2018,35.071736111111115,27.34143942468756,7.730296686423554,High Risk
38.9,22.95,38.9,22.95,1,RJ,3,0,2018,20.65255787037037,25.537278814678558,4.884720944308189,High Risk
173.0,31.88,173.0,31.88,1,AP,1,3,2018,26.855150462962964,20.804009065512542,6.051141397450422,High Risk
418.0,92.16,418.0,92.16,1,RS,1,2,2018,8.960358796296296,24.19410367024384,15.233744873947545,High Risk
29.4,19.32,29.4,19.32,1,RS,3,1,2018,20.360381944444445,21.349821045357263,0.9894391009128185,High Risk
669.0,65.14,669.0,65.14,1,SE,1,3,2018,19.193726851851853,24.760811366702228,5.567084514850375,High Risk
27.99,21.15,27.99,21.15,1,RN,11,2,2017,9.050625,21.16869842001014,12.118073420010141,High Risk
139.0,25.42,139.0,25.42,1,RJ,2,5,2018,19.801203703703703,25.224593386488902,5.423389682785199,High Risk
9.0,15.1,9.0,15.1,1,RJ,12,1,2017,9.070219907407408,20.570177451110936,11.499957543703529,High Risk
151.52,26.34,151.52,26.34,1,MT,11,4,2017,14.055671296296296,21.466390802295223,7.410719505998927,High Risk
95.69999999999999,69.88,47.849999999999994,34.94,2,MA,12,2,2017,23.07142361111111,24.33078211228222,1.259358501171107,High Risk
199.7,54.48,99.85,27.24,2,DF,2,2,2018,8.797175925925925,21.696422179134988,12.899246253209062,High Risk
84.99,27.13,84.99,27.13,1,CE,11,5,2017,12.128344907407408,23.081401753425226,10.953056846017818,High Risk
149.99,26.08,149.99,26.08,1,PA,11,0,2017,28.396539351851853,22.209886119959123,6.1866532318927305,High Risk
368.9,27.42,368.9,27.42,1,SC,11,4,2017,11.694166666666666,20.64218000151768,8.948013334851014,High Risk
19.36,15.11,19.36,15.11,1,RJ,2,4,2018,56.52939814814815,25.062204868986324,31.467193279161823,High Risk
1125.9,56.41,1125.9,56.41,1,RJ,12,3,2017,26.133587962962963,24.482217778877757,1.6513701840852058,High Risk
145.49,29.42,145.49,29.42,1,PE,12,3,2017,25.164131944444446,22.63934707345384,2.5247848709906044,High Risk
128.99,34.7,128.99,34.7,1,RN,3,6,2018,50.335277777777776,21.849790041352353,28.485487736425423,High Risk
89.9,43.04,89.9,43.04,1,SE,12,0,2017,52.515601851851855,22.939040129062445,29.57656172278941,High Risk
99.99,19.94,99.99,19.94,1,RJ,2,6,2018,16.10818287037037,26.042704648702724,9.934521778332353,High Risk
270.0,18.33,270.0,18.33,1,BA,12,1,2017,13.07318287037037,21.38512788058651,8.311945010216139,High Risk
18.9,18.23,18.9,18.23,1,GO,3,3,2018,21.35474537037037,21.349821045357263,0.004924325013107023,High Risk
184.0,35.78,92.0,17.89,2,RJ,2,0,2018,14.134270833333334,23.924895562258683,9.79062472892535,High Risk
259.9,60.83,259.9,60.83,1,ES,11,4,2017,13.242210648148149,22.88057733630407,9.638366688155923,High Risk
70.84,16.77,70.84,16.77,1,ES,11,4,2017,10.795555555555556,20.689510323626845,9.89395476807129,High Risk
155.99,26.37,155.99,26.37,1,CE,12,2,2017,15.881284722222222,22.31784935566935,6.4365646334471265,High Risk
44.9,16.11,44.9,16.11,1,ES,11,0,2017,24.24761574074074,20.13181560109372,4.115800139647021,High Risk
39.9,18.89,39.9,18.89,1,DF,2,4,2018,20.077222222222222,21.349821045357263,1.2725988231350414,High Risk
169.9,40.18,169.9,40.18,1,PA,8,0,2017,25.20138888888889,20.026799634135436,5.174589254753453,High Risk
950.0,62.91,950.0,62.91,1,SC,3,4,2018,24.845613425925926,22.24991982484472,2.595693601081205,High Risk
27.99,17.06,27.99,17.06,1,BA,3,1,2018,13.922627314814815,21.349821045357263,7.427193730542449,High Risk
55.3,15.14,55.3,15.14,1,RJ,3,0,2018,58.25732638888889,25.491832798697555,32.76549359019134,High Risk
155.99,17.53,155.99,17.53,1,BA,12,5,2017,27.252002314814813,21.918153895849006,5.3338484189658075,High Risk
99.0,16.45,99.0,16.45,1,RJ,11,3,2017,32.454907407407404,20.45882779445685,11.996079612950552,High Risk
248.99,60.29,248.99,60.29,1,RJ,1,0,2018,21.84355324074074,25.318691868258444,3.4751386275177047,High Risk
199.95000000000002,45.45,39.99,9.09,5,SP,11,0,2017,4.991400462962963,21.02967431856052,16.03827385559756,High Risk
738.9,25.62,738.9,25.62,1,CE,4,1,2017,44.061875,31.84116867977122,12.220706320228782,High Risk
76.8,32.22,38.4,16.11,2,RJ,3,4,2018,68.10503472222223,23.954832623620188,44.15020209860204,High Risk
117.3,25.66,117.3,25.66,1,ES,12,3,2017,6.252581018518518,21.726481226696524,15.473900208178005,High Risk
1797.0,97.41,599.0,32.47,3,BA,12,3,2017,14.710844907407408,25.2974257686967,10.586580861289294,High Risk
149.94,49.79,149.94,49.79,1,RJ,3,3,2018,56.11707175925926,24.309189547186087,31.807882212073174,High Risk
29.9,16.79,29.9,16.79,1,MT,12,1,2017,17.452349537037037,21.063157777845298,3.610808240808261,High Risk
456.0,36.08,228.0,18.04,2,MS,12,4,2017,13.057928240740742,21.718808486698453,8.660880245957712,High Risk
125.0,26.61,125.0,26.61,1,RN,4,6,2017,17.543599537037036,20.12045437183839,2.576854834801356,High Risk
89.0,15.38,89.0,15.38,1,RJ,2,6,2018,11.946793981481482,25.467987586342506,13.521193604861024,High Risk
29.0,17.63,29.0,17.63,1,PE,11,3,2017,9.958900462962964,20.190888748911945,10.231988285948981,High Risk
143.99,81.18,143.99,81.18,1,MA,12,0,2017,15.271099537037037,26.68228389754529,11.411184360508253,High Risk
599.9,46.26,599.9,46.26,1,TO,3,2,2018,15.217361111111112,21.94148203567081,6.724120924559697,High Risk
79.99,27.1,79.99,27.1,1,PE,11,4,2017,45.40178240740741,21.392130687550974,24.009651719856436,High Risk
190.14,35.82,95.07,17.91,2,RJ,12,0,2017,16.517453703703705,21.405317584340494,4.88786388063679,High Risk
1340.0,41.83,1340.0,41.83,1,RJ,12,1,2017,28.259085648148147,22.345376123782348,5.9137095243657996,High Risk
89.99,50.5,89.99,50.5,1,BA,11,4,2017,12.265231481481482,22.71279574389202,10.447564262410538,High Risk
53.9,21.35,53.9,21.35,1,RJ,3,0,2018,25.172858796296296,25.782904388722997,0.610045592426701,High Risk
139.8,40.12,69.9,20.06,2,RS,3,6,2018,17.278761574074075,21.37677676063626,4.098015186562186,High Risk
119.99,44.4,119.99,44.4,1,RJ,3,2,2018,15.262951388888888,24.031911274925434,8.768959886036546,High Risk
84.89,15.34,84.89,15.34,1,DF,2,4,2018,36.73002314814815,21.269407490544424,15.460615657603725,High Risk
89.0,17.87,89.0,17.87,1,RJ,2,5,2018,17.255127314814814,25.79145248007385,8.536325165259036,High Risk
52.99,28.77,52.99,28.77,1,PA,10,0,2017,21.061203703703704,21.258079627943406,0.19687592423970202,High Risk
39.9,16.6,39.9,16.6,1,RJ,11,4,2017,13.130381944444444,20.88156995951339,7.751188015068944,High Risk
149.9,18.3,149.9,18.3,1,RJ,12,6,2017,32.33091435185185,22.382292734573824,9.948621617278029,High Risk
120.0,18.72,120.0,18.72,1,RJ,3,3,2018,48.23021990740741,26.110810946317983,22.119408961089427,High Risk
94.9,18.23,94.9,18.23,1,GO,11,1,2017,7.0528356481481485,20.285295646288354,13.232459998140206,High Risk
29.0,25.63,29.0,25.63,1,PA,11,6,2017,25.7765625,21.91047506066774,3.8660874393322615,High Risk
135.0,21.75,135.0,21.75,1,DF,2,1,2018,23.053564814814816,21.349821045357263,1.703743769457553,High Risk
350.0,20.33,350.0,20.33,1,RJ,3,3,2018,18.67597222222222,26.515936681976243,7.839964459754022,High Risk
27.99,19.04,27.99,19.04,1,PE,3,4,2018,38.88206018518518,21.349821045357263,17.53223913982792,High Risk
47.9,11.85,47.9,11.85,1,SP,2,1,2018,8.174479166666666,20.172364126343382,11.997884959676716,High Risk
12.49,16.79,12.49,16.79,1,BA,12,0,2017,20.89224537037037,21.222184236977142,0.32993886660677063,High Risk
494.0,10.32,494.0,10.32,1,SP,5,5,2018,23.291527777777777,24.755314365994526,1.463786588216749,High Risk
99.99,17.95,99.99,17.95,1,ES,11,4,2017,7.036319444444445,20.32053409384943,13.284214649404987,High Risk
69.2,17.73,69.2,17.73,1,SP,11,2,2017,12.230439814814815,20.25738921301253,8.026949398197715,High Risk
28.49,15.1,28.49,15.1,1,RS,2,2,2018,13.205590277777778,21.269407490544424,8.063817212766645,High Risk
23.99,15.1,23.99,15.1,1,MS,2,2,2018,20.502222222222223,21.269407490544424,0.7671852683222014,High Risk
49.99,44.81,49.99,44.81,1,RJ,11,5,2017,18.158993055555555,22.121146729799293,3.962153674243737,High Risk
38.9,16.79,38.9,16.79,1,SC,2,3,2018,31.83622685185185,21.349821045357263,10.486405806494588,High Risk
89.99,16.39,89.99,16.39,1,RS,2,4,2018,16.896805555555556,21.349821045357263,4.453015489801707,High Risk
109.9,19.31,109.9,19.31,1,MT,12,5,2017,26.850474537037037,21.733093723944037,5.117380813093,High Risk
79.0,42.58,79.0,42.58,1,PA,2,4,2018,25.81125,35.25197761039569,9.44072761039569,High Risk
99.99,25.98,99.99,25.98,1,MT,12,4,2017,41.4212962962963,21.92407565274922,19.497220643547077,High Risk
138.0,41.94,69.0,20.97,2,RS,12,0,2017,9.438622685185186,21.604525688784907,12.165903003599722,High Risk
159.9,18.37,159.9,18.37,1,ES,11,5,2017,17.78675925925926,20.320994404509932,2.5342351452506726,High Risk
166.99,23.49,166.99,23.49,1,SC,12,2,2017,16.981041666666666,21.558197187333707,4.577155520667041,High Risk
99.9,50.36,99.9,50.36,1,MA,12,1,2017,16.181180555555557,27.14368702652103,10.962506470965472,High Risk
209.9,16.22,209.9,16.22,1,GO,11,2,2017,9.592731481481481,20.227232753209996,10.634501271728515,High Risk
168.9,21.98,168.9,21.98,1,RN,2,5,2018,40.81894675925926,21.363143446990698,19.455803312268564,High Risk
17.5,27.08,17.5,27.08,1,BA,3,3,2018,34.16266203703704,21.584790428593422,12.577871608443616,High Risk
299.0,26.54,299.0,26.54,1,DF,2,4,2018,19.159270833333334,21.431350037658184,2.27207920432485,High Risk
1300.52,24.8,1300.52,24.8,1,RS,3,4,2017,9.986261574074074,20.087818192080594,10.10155661800652,High Risk
42.0,20.8,42.0,20.8,1,CE,3,3,2017,17.751354166666665,21.355352190583133,3.6039980239164677,High Risk
239.99,21.17,239.99,21.17,1,SC,11,3,2017,8.128946759259259,20.730904068415736,12.601957309156477,High Risk
57.5,16.84,57.5,16.84,1,BA,2,5,2018,75.84329861111111,21.349821045357263,54.49347756575385,High Risk
43.9,25.19,43.9,25.19,1,RS,11,1,2017,20.588877314814816,21.169292664671758,0.580415349856942,High Risk
32.0,15.23,32.0,15.23,1,SC,3,1,2018,11.769293981481482,21.269407490544424,9.500113509062942,High Risk
399.9,153.57,399.9,153.57,1,PA,8,4,2017,18.226875,21.99055590750337,3.763680907503371,High Risk
339.95000000000005,198.45000000000002,113.31666666666668,66.15,3,CE,11,6,2017,18.43865740740741,24.845132804964354,6.406475397556946,High Risk
49.0,17.67,49.0,17.67,1,SC,11,5,2017,41.6553587962963,20.771436215722524,20.883922580573774,High Risk
60.0,16.18,60.0,16.18,1,SC,12,2,2017,14.26144675925926,20.25730839388611,5.99586163462685,High Risk
54.99,20.55,54.99,20.55,1,RS,3,0,2018,18.51582175925926,21.349821045357263,2.8339992860980026,High Risk
69.9,17.77,69.9,17.77,1,CE,11,5,2017,17.979814814814816,24.09214596536694,6.112331150552123,High Risk
24.99,16.11,24.99,16.11,1,GO,2,4,2018,10.971458333333333,21.303904265882114,10.332445932548781,High Risk
48.0,20.8,48.0,20.8,1,SE,3,4,2017,39.61178240740741,28.276053110954546,11.335729296452865,High Risk
21.99,18.23,21.99,18.23,1,SC,3,4,2018,10.432743055555555,21.349821045357263,10.917077989801708,High Risk
45.9,16.92,45.9,16.92,1,BA,2,0,2018,17.36466435185185,21.349821045357263,3.985156693505413,High Risk
82.0,15.32,82.0,15.32,1,RS,2,3,2018,21.446921296296296,21.269407490544424,0.1775138057518717,High Risk
229.8,42.9,114.9,21.45,2,RS,12,0,2017,7.720659722222222,21.819075316846114,14.09841559462389,High Risk
123.4,18.11,123.4,18.11,1,SC,2,6,2018,24.869305555555556,21.37677676063626,3.492528794919295,High Risk
27.9,22.06,27.9,22.06,1,BA,4,5,2018,9.463194444444444,21.743218784188148,12.280024339743704,High Risk
126.69,27.21,126.69,27.21,1,RJ,2,1,2018,23.68695601851852,24.712080464115893,1.025124445597374,High Risk
149.9,21.1,149.9,21.1,1,RJ,3,5,2018,9.014664351851852,26.394346084205413,17.37968173235356,High Risk
179.99,45.72,179.99,45.72,1,RJ,11,4,2017,10.113923611111112,22.849615880669162,12.73569226955805,High Risk
180.0,42.16,90.0,21.08,2,BA,4,4,2017,25.104375,21.781020650393938,3.3233543496060634,High Risk
298.9,69.55,298.9,69.55,1,BA,1,1,2018,31.168368055555554,25.31574688903777,5.852621166517785,High Risk
229.5,27.69,229.5,27.69,1,RJ,3,1,2018,36.85516203703704,25.073917305040347,11.781244731996694,High Risk
18.9,18.23,18.9,18.23,1,RJ,3,0,2018,45.89391203703704,25.567543607472416,20.326368429564624,High Risk
14.9,15.23,14.9,15.23,1,ES,3,1,2018,23.929328703703703,21.269407490544424,2.6599212131592793,High Risk
99.0,17.94,99.0,17.94,1,GO,11,6,2017,54.91146990740741,20.97749050138954,33.93397940601787,High Risk
68.0,16.92,68.0,16.92,1,BA,2,0,2018,24.337291666666665,21.349821045357263,2.987470621309402,High Risk
179.99,23.32,179.99,23.32,1,PE,3,4,2018,10.930405092592592,21.42448061620587,10.494075523613278,High Risk
53.9,22.96,53.9,22.96,1,RJ,3,2,2018,26.74710648148148,25.677586604004233,1.0695198774772479,High Risk
59.0,19.65,59.0,19.65,1,BA,12,0,2017,24.551342592592594,21.33422717517297,3.217115417419624,High Risk
52.9,30.17,26.45,15.085,2,DF,1,3,2017,6.734155092592593,28.996501763636385,22.262346671043794,High Risk
35.9,26.89,35.9,26.89,1,CE,12,2,2017,20.19585648148148,22.25353844532178,2.0576819638402988,High Risk
150.0,15.8,150.0,15.8,1,RS,2,2,2018,35.22332175925926,21.269407490544424,13.953914268714833,High Risk
188.9,16.2,188.9,16.2,1,RS,3,0,2018,36.70318287037037,21.349821045357263,15.353361825013106,High Risk
49.0,17.67,49.0,17.67,1,RS,11,6,2017,30.070763888888887,21.259833286092018,8.81093060279687,High Risk
24.5,15.1,24.5,15.1,1,RJ,11,4,2017,13.743784722222221,20.461027410988496,6.717242688766275,High Risk
79.99,27.29,79.99,27.29,1,BA,3,2,2018,42.392430555555556,21.93652598417814,20.455904571377417,High Risk
139.99,19.95,139.99,19.95,1,RS,3,1,2018,13.411099537037037,21.349821045357263,7.938721508320226,High Risk
30.9,16.79,30.9,16.79,1,SC,11,4,2017,11.856689814814814,20.441971794327856,8.585281979513042,High Risk
39.0,17.92,39.0,17.92,1,GO,2,6,2018,19.224131944444444,21.37677676063626,2.152644816191817,High Risk
99.99,29.1,99.99,29.1,1,ES,2,4,2018,11.695092592592593,21.72353847796353,10.028445885370937,High Risk
375.96,152.84,93.99,38.21,4,MA,1,0,2018,23.15659722222222,22.982357508816957,0.17423971340526379,High Risk
44.9,15.1,44.9,15.1,1,RJ,3,6,2018,15.102037037037038,25.360089421746416,10.258052384709378,High Risk
13.65,34.15,13.65,34.15,1,PI,2,0,2018,11.167233796296296,21.890223612685222,10.722989816388926,High Risk
29.98,17.06,29.98,17.06,1,BA,3,3,2018,20.961261574074076,21.349821045357263,0.38855947128318746,High Risk
39.9,25.63,39.9,25.63,1,PA,11,5,2017,44.210347222222225,21.961451540820512,22.248895681401713,High Risk
54.9,27.76,54.9,27.76,1,ES,12,4,2017,26.22511574074074,21.796473497185335,4.428642243555405,High Risk
299.0,33.89,299.0,33.89,1,GO,3,3,2018,12.30630787037037,21.82466451968718,9.518356649316809,High Risk
12.3,21.15,12.3,21.15,1,AL,12,2,2017,12.478483796296297,22.075912885542298,9.597429089246,High Risk
39.0,16.11,39.0,16.11,1,RJ,11,2,2017,13.357152777777777,20.303451508177687,6.94629873039991,High Risk
65.0,15.2,65.0,15.2,1,RJ,2,4,2018,14.343657407407408,25.379087989557046,11.035430582149639,High Risk
500.0,181.46,250.0,90.73,2,MG,3,0,2018,10.025520833333333,22.312235962849883,12.28671512951655,High Risk
315.0,116.06,315.0,116.06,1,RJ,12,6,2017,11.23037037037037,23.677852814358666,12.447482443988296,High Risk
219.8,41.559999999999995,109.9,20.779999999999998,2,RS,11,1,2017,15.074085648148149,20.679509084346723,5.605423436198574,High Risk
139.99,15.74,139.99,15.74,1,MG,12,6,2017,16.041319444444444,21.81840266439297,5.777083219948526,High Risk
89.9,23.18,89.9,23.18,1,DF,3,0,2017,13.658634259259259,20.521450821082578,6.862816561823319,High Risk
84.99,35.91,84.99,35.91,1,PB,11,1,2017,36.29952546296296,22.049861888129808,14.249663574833153,High Risk
84.0,34.39,84.0,34.39,1,GO,2,1,2018,20.746377314814815,21.80708154419944,1.0607042293846263,High Risk
13.65,25.63,13.65,25.63,1,PA,12,5,2017,25.202407407407406,23.28240632846657,1.9200010789408353,High Risk
44.0,37.04,44.0,37.04,1,CE,4,3,2018,33.30420138888889,21.64285926445932,11.66134212442957,High Risk
129.99,29.95,129.99,29.95,1,AL,1,2,2017,15.369143518518518,20.259196535823367,4.890053017304849,High Risk
39.9,16.11,39.9,16.11,1,RS,12,5,2017,11.38457175925926,21.606783399524883,10.222211640265623,High Risk
69.9,19.95,69.9,19.95,1,SC,3,1,2018,14.70011574074074,21.349821045357263,6.649705304616523,High Risk
249.9,69.21,249.9,69.21,1,RJ,1,2,2018,12.233831018518519,25.780239295936354,13.546408277417836,High Risk
40.0,34.5,40.0,34.5,1,PB,12,2,2017,33.11143518518519,22.338024118060744,10.773411067124442,High Risk
36.79,19.59,36.79,19.59,1,MT,11,0,2017,15.262037037037038,20.207428759497674,4.945391722460636,High Risk
56.99,16.16,56.99,16.16,1,RJ,2,4,2018,34.460972222222225,25.65248366732659,8.808488554895636,High Risk
54.9,34.18,54.9,34.18,1,PE,2,6,2018,15.68039351851852,21.80708154419944,6.126688025680922,High Risk
149.8,32.56,74.9,16.28,2,RJ,12,2,2017,35.46513888888889,21.408642486795205,14.056496402093682,High Risk
189.99,53.41,189.99,53.41,1,GO,11,4,2017,26.167569444444446,23.104691269966665,3.062878174477781,High Risk
59.9,17.67,59.9,17.67,1,RJ,11,2,2017,37.36436342592592,20.646371370897704,16.71799205502822,High Risk
29.99,25.63,29.99,25.63,1,PE,2,3,2018,19.880092592592593,21.466671398127303,1.5865788055347103,High Risk
253.52,82.86,253.52,82.86,1,GO,11,0,2017,15.140416666666667,23.188199173157617,8.04778250649095,High Risk
179.99,45.72,179.99,45.72,1,RJ,12,0,2017,31.10096064814815,23.74463910351527,7.3563215446328805,High Risk
84.99,35.91,84.99,35.91,1,PB,12,1,2017,13.931851851851851,22.492971587812587,8.561119735960736,High Risk
216.6,50.42,108.3,25.21,2,DF,3,4,2018,11.242256944444444,21.385924737517467,10.143667793073023,High Risk
289.99,46.49,289.99,46.49,1,RS,11,6,2017,8.816180555555556,22.41517117321718,13.598990617661622,High Risk
29.9,34.15,29.9,34.15,1,PA,9,1,2017,15.305914351851852,21.189169253432098,5.883254901580246,High Risk
99.8,35.2,49.9,17.6,2,RJ,2,0,2018,14.170439814814815,23.876523047067714,9.7060832322529,High Risk
25.9,35.67,25.9,35.67,1,CE,11,6,2017,11.029525462962964,23.12328469446157,12.093759231498607,High Risk
119.9,19.38,119.9,19.38,1,RJ,11,1,2017,13.315625,20.41289692316871,7.097271923168709,High Risk
74.89,16.28,74.89,16.28,1,RJ,2,0,2018,46.57978009259259,25.65248366732659,20.927296425266004,High Risk
1199.9,41.29,1199.9,41.29,1,PA,8,2,2017,16.18957175925926,26.444854595580267,10.255282836321008,High Risk
32.98,18.23,32.98,18.23,1,ES,3,2,2018,13.841064814814814,21.349821045357263,7.508756230542449,High Risk
231.27,27.88,231.27,27.88,1,RN,3,1,2017,21.96619212962963,22.78185155510729,0.8156594254776621,High Risk
142.8,33.88,71.4,16.94,2,RJ,2,1,2018,41.88174768518518,24.18932135138783,17.692426333797354,High Risk
124.9,20.11,124.9,20.11,1,RJ,2,6,2018,53.229618055555555,25.91479282195489,27.314825233600665,High Risk
295.0,23.78,295.0,23.78,1,BA,4,3,2018,27.886111111111113,25.175207341455717,2.7109037696553955,High Risk
250.0,97.56,250.0,97.56,1,MS,3,4,2018,33.17582175925926,22.24991982484472,10.925901934414536,High Risk
41.9,17.63,41.9,17.63,1,TO,2,4,2018,14.044201388888888,21.349821045357263,7.305619656468375,High Risk
869.95,19.85,869.95,19.85,1,MG,3,5,2017,2.7254513888888887,21.92155790318693,19.19610651429804,High Risk
149.0,28.42,149.0,28.42,1,MS,2,2,2018,9.172986111111111,21.70269544059279,12.52970932948168,High Risk
1399.0,32.33,1399.0,32.33,1,RS,3,6,2018,31.041828703703704,21.82466451968718,9.217164184016525,High Risk
99.0,20.18,99.0,20.18,1,ES,2,4,2018,21.363113425925928,21.349821045357263,0.013292380568664441,High Risk
152.9,16.83,152.9,16.83,1,SC,11,4,2017,17.35150462962963,20.209398699881437,2.857894070251806,High Risk
167.9,23.76,167.9,23.76,1,RJ,3,2,2018,34.786261574074075,26.253907372794302,8.532354201279773,High Risk
50.0,22.93,50.0,22.93,1,RJ,3,1,2018,21.10011574074074,25.646478686625777,4.546362945885036,High Risk
120.0,34.83,120.0,34.83,1,RO,3,6,2018,33.68138888888889,21.849790041352353,11.831598847536537,High Risk
137.9,38.81,137.9,38.81,1,RJ,11,0,2017,10.957847222222222,22.615922419521613,11.658075197299391,High Risk
69.8,19.46,69.8,19.46,1,SC,3,3,2018,13.400671296296297,21.349821045357263,7.949149749060966,High Risk
169.9,64.77,169.9,64.77,1,MT,12,2,2017,9.505034722222222,24.620125093623688,15.115090371401466,High Risk
391.87,98.15,391.87,98.15,1,SE,3,0,2018,30.208726851851853,22.403385177114192,7.805341674737662,High Risk
48.89,16.79,48.89,16.79,1,BA,11,0,2017,46.25326388888889,20.400539498127074,25.852724390761814,High Risk
59.9,23.0,59.9,23.0,1,SC,3,0,2018,14.177303240740741,21.42448061620587,7.247177375465128,High Risk
99.9,16.46,99.9,16.46,1,SC,12,0,2017,23.15908564814815,20.276422994366612,2.882662653781537,High Risk
29.99,25.63,29.99,25.63,1,PE,2,2,2018,50.06723379629629,21.466671398127303,28.60056239816899,High Risk
85.9,38.15,85.9,38.15,1,AL,1,5,2018,17.3034375,21.975172875104548,4.6717353751045465,High Risk
104.9,16.49,104.9,16.49,1,RJ,2,0,2018,10.758796296296296,25.952270508234907,15.19347421193861,High Risk
18.9,18.23,18.9,18.23,1,RS,3,2,2018,18.74738425925926,21.349821045357263,2.6024367860980036,High Risk
74.9,16.28,74.9,16.28,1,RJ,2,0,2018,11.259780092592592,25.65248366732659,14.392703574733996,High Risk
129.8,45.75,129.8,45.75,1,RJ,12,0,2017,20.862060185185186,22.771274022153726,1.90921383696854,High Risk
110.0,21.34,110.0,21.34,1,RN,2,6,2017,22.56861111111111,20.473472745069913,2.0951383660411977,High Risk
121.97999999999999,33.05,60.989999999999995,16.525,2,GO,12,0,2017,15.065,20.991731734075724,5.926731734075725,High Risk
89.9,16.07,89.9,16.07,1,MT,2,2,2018,21.84283564814815,21.269407490544424,0.5734281576037255,High Risk
21.27,18.23,21.27,18.23,1,SC,3,6,2018,22.379930555555557,21.37677676063626,1.003153794919296,High Risk
52.3,16.13,52.3,16.13,1,RS,12,5,2017,19.578854166666666,21.827456375931888,2.248602209265222,High Risk
61.99,22.93,61.99,22.93,1,ES,3,1,2018,45.27121527777778,21.482117542960008,23.78909773481777,High Risk
49.0,15.1,49.0,15.1,1,RS,2,0,2018,11.152824074074074,21.269407490544424,10.11658341647035,High Risk
39.99,18.23,39.99,18.23,1,RJ,3,1,2018,31.499814814814815,25.744118938717467,5.755695876097349,High Risk
39.9,17.63,39.9,17.63,1,RS,12,2,2017,22.963020833333335,21.11760588472961,1.8454149486037252,High Risk
49.9,15.1,49.9,15.1,1,RS,3,4,2018,25.02037037037037,21.269407490544424,3.750962879825945,High Risk
13.89,21.15,13.89,21.15,1,PE,12,2,2017,15.251458333333334,22.075912885542298,6.824454552208964,High Risk
136.0,18.83,136.0,18.83,1,RJ,3,6,2018,39.76835648148148,26.10442788803176,13.663928593449722,High Risk
410.0,24.66,410.0,24.66,1,RJ,3,0,2018,8.422569444444445,26.393080946052873,17.970511501608428,High Risk
240.9,16.44,240.9,16.44,1,RJ,12,1,2017,29.25326388888889,21.757578963271207,7.495684925617681,High Risk
230.0,47.48,115.0,23.74,2,BA,4,6,2018,19.840671296296296,30.463345646872067,10.622674350575771,High Risk
70.47,19.46,70.47,19.46,1,ES,3,3,2018,25.15369212962963,21.349821045357263,3.803871084272366,High Risk
44.99,16.11,44.99,16.11,1,MS,11,5,2017,12.627407407407407,20.8750205428547,8.247613135447292,High Risk
179.0,26.53,179.0,26.53,1,CE,2,5,2018,30.10068287037037,28.058352319614915,2.042330550755455,High Risk
29.99,16.11,29.99,16.11,1,RJ,12,4,2017,12.15741898148148,21.909149189935846,9.751730208454365,High Risk
72.9,18.08,72.9,18.08,1,RJ,3,6,2018,38.80324074074074,25.822340567729768,12.980900173010973,High Risk
119.9,15.59,119.9,15.59,1,SC,3,4,2018,34.25775462962963,21.269407490544424,12.988347139085207,High Risk
47.89,33.58,23.945,16.79,2,BA,11,3,2017,12.214803240740741,20.11240729437216,7.8976040536314205,High Risk
59.0,34.21,59.0,34.21,1,PB,11,0,2017,50.01482638888889,21.970073307935557,28.044753080953335,High Risk
149.0,40.37,149.0,40.37,1,RJ,3,5,2018,15.776747685185185,24.180291934894047,8.403544249708862,High Risk
49.9,18.23,49.9,18.23,1,SC,3,6,2018,15.698703703703703,21.37677676063626,5.678073056932558,High Risk
199.7,23.98,199.7,23.98,1,RJ,3,5,2018,20.603113425925926,26.393080946052873,5.789967520126947,High Risk
45.0,15.23,45.0,15.23,1,DF,3,2,2018,13.785868055555556,21.269407490544424,7.483539434988868,High Risk
319.9,24.74,319.9,24.74,1,MA,4,4,2018,24.414166666666667,28.2671344543503,3.8529677876836317,High Risk
34.9,15.11,34.9,15.11,1,RJ,2,4,2018,20.310046296296296,25.23878020023137,4.9287339039350755,High Risk
29.9,24.84,29.9,24.84,1,CE,3,5,2017,46.3771875,26.475283552876796,19.901903947123202,High Risk
159.77,16.88,159.77,16.88,1,ES,3,0,2018,37.53927083333333,21.349821045357263,16.18944978797607,High Risk
48.9,17.92,48.9,17.92,1,BA,11,4,2017,24.63113425925926,20.838824430742875,3.792309828516384,High Risk
129.99,31.56,129.99,31.56,1,BA,5,6,2018,23.968344907407406,21.118706347335106,2.8496385600723,High Risk
189.9,32.08,189.9,32.08,1,ES,11,6,2017,18.246018518518518,21.86113241798336,3.6151138994648413,High Risk
155.0,19.63,155.0,19.63,1,PA,12,6,2017,24.109560185185185,22.037526331226776,2.072033853958409,High Risk
49.0,14.16,49.0,14.16,1,RJ,3,6,2018,37.27909722222222,20.072250803110418,17.206846419111802,High Risk
122.99,22.57,122.99,22.57,1,BA,4,5,2018,26.032083333333333,21.317488890409706,4.714594442923627,High Risk
13.3,16.79,13.3,16.79,1,BA,12,4,2017,13.561180555555556,21.804279891821103,8.243099336265548,High Risk
634.4,21.15,634.4,21.15,1,BA,4,0,2018,12.111539351851851,20.79478567211374,8.683246320261889,High Risk
39.9,22.67,39.9,22.67,1,GO,11,1,2017,8.438449074074073,21.072998691602283,12.63454961752821,High Risk
18.0,37.04,18.0,37.04,1,CE,3,0,2018,18.376018518518517,28.380403897898873,10.004385379380356,High Risk
24.9,18.23,24.9,18.23,1,RS,3,4,2018,26.72974537037037,21.349821045357263,5.379924325013107,High Risk
289.9,144.86,289.9,144.86,1,RR,3,3,2018,39.22883101851852,22.359377148270433,16.869453870248087,High Risk
90.0,19.32,90.0,19.32,1,BA,4,6,2018,108.36202546296296,25.737681344095826,82.62434411886713,High Risk
89.9,15.39,89.9,15.39,1,RJ,3,5,2018,17.970659722222223,25.41149761428663,7.440837892064408,High Risk
179.99,45.72,179.99,45.72,1,RJ,11,6,2017,17.312199074074073,22.75706497328873,5.444865899214658,High Risk
230.98,20.86,230.98,20.86,1,MT,11,4,2017,21.189560185185186,21.25244097928642,0.0628807941012326,High Risk
559.99,19.36,559.99,19.36,1,BA,2,4,2018,26.425520833333334,21.349821045357263,5.07569978797607,High Risk
37.99,24.84,37.99,24.84,1,CE,2,4,2017,18.6821875,27.98269380442334,9.30050630442334,High Risk
296.98,154.15,148.49,77.075,2,MG,3,4,2018,24.999259259259258,20.029321657883578,4.96993760137568,High Risk
89.9,17.88,89.9,17.88,1,MS,12,4,2017,25.080092592592592,21.915712085434198,3.164380507158395,High Risk
419.9,67.96,419.9,67.96,1,RJ,1,2,2018,19.085509259259258,25.004894755485143,5.919385496225885,High Risk
179.99,35.0,89.995,17.5,2,PI,2,4,2018,45.503125,21.349821045357263,24.153303954642734,High Risk
99.99,27.46,99.99,27.46,1,GO,3,3,2018,24.698252314814816,21.741534499462986,2.95671781535183,High Risk
120.0,27.57,120.0,27.57,1,BA,5,4,2018,13.006134259259259,21.19703535098884,8.190901091729582,High Risk
380.0,227.57,380.0,227.57,1,MA,3,3,2018,28.143761574074073,24.860748980754774,3.283012593319299,High Risk
65.0,25.73,65.0,25.73,1,PE,2,2,2018,14.483136574074074,21.466671398127303,6.98353482405323,High Risk
129.97,44.61,129.97,44.61,1,DF,3,1,2018,14.252453703703704,21.861203764367325,7.6087500606636205,High Risk
89.18,15.38,89.18,15.38,1,RS,2,4,2018,18.053136574074074,21.269407490544424,3.21627091647035,High Risk
23.9,24.84,23.9,24.84,1,RN,2,2,2017,14.857974537037038,21.297342789139524,6.439368252102486,High Risk
62.79,42.47,62.79,42.47,1,RO,11,5,2017,11.972546296296295,22.24767398073398,10.275127684437683,High Risk
122.99,18.14,122.99,18.14,1,PE,12,1,2017,16.910081018518518,21.19594456118054,4.285863542662021,High Risk
104.9,19.97,104.9,19.97,1,BA,12,5,2017,23.20193287037037,21.802551661195864,1.399381209174507,High Risk
13.65,17.06,13.65,17.06,1,BA,4,4,2018,16.933541666666667,21.77555927228802,4.842017605621354,High Risk
28.9,22.67,28.9,22.67,1,MA,11,1,2017,23.076493055555556,23.307847532635925,0.2313544770803695,High Risk
95.0,22.38,95.0,22.38,1,RJ,3,2,2018,26.54347222222222,25.700823992348155,0.8426482298740652,High Risk
129.99,42.5,129.99,42.5,1,BA,4,4,2017,19.80326388888889,20.27113710423775,0.4678732153488596,High Risk
180.0,20.23,180.0,20.23,1,RJ,3,6,2018,39.48783564814815,26.332259923892043,13.155575724256106,High Risk
9.9,34.15,9.9,34.15,1,MA,2,0,2018,18.574386574074072,22.70473395415413,4.130347380080057,High Risk
219.9,36.6,219.9,36.6,1,RJ,2,3,2018,76.3782986111111,24.452837705412467,51.92546090569864,High Risk
67.7,16.23,67.7,16.23,1,SC,12,4,2017,38.384375,21.057929886100183,17.326445113899815,High Risk
69.99,19.03,69.99,19.03,1,CE,11,0,2017,30.917939814814815,21.967487401147938,8.950452413666877,High Risk
629.0,28.05,629.0,28.05,1,MT,3,6,2018,8.361840277777778,21.720278416080536,13.358438138302757,High Risk
99.99,49.23,99.99,49.23,1,RJ,11,0,2017,17.07236111111111,22.452104443244867,5.379743332133756,High Risk
109.9,21.61,109.9,21.61,1,RS,2,0,2018,9.949791666666666,21.349821045357263,11.400029378690597,High Risk
89.9,16.88,89.9,16.88,1,RJ,12,0,2017,24.816458333333333,21.47459757101353,3.3418607623198042,High Risk
1005.63,63.59,1005.63,63.59,1,SC,3,2,2018,26.96644675925926,22.24991982484472,4.716526934414539,High Risk
129.0,70.12,129.0,70.12,1,PA,9,5,2017,13.007453703703703,20.779806362796272,7.772352659092569,High Risk
45.36,15.1,45.36,15.1,1,GO,2,1,2018,23.99215277777778,21.269407490544424,2.722745287233355,High Risk
62.9,25.72,62.9,25.72,1,SC,2,4,2018,19.35209490740741,21.466671398127303,2.1145764907198945,High Risk
409.9,22.36,409.9,22.36,1,RS,11,2,2017,17.90716435185185,21.12588704237705,3.218722690525201,High Risk
139.94,59.53,139.94,59.53,1,RJ,11,0,2017,46.93819444444444,23.674596447780303,23.26359799666414,High Risk
275.0,24.47,275.0,24.47,1,RS,3,5,2018,12.215231481481482,21.442063591693614,9.226832110212133,High Risk
17.9,15.23,17.9,15.23,1,RJ,3,0,2018,9.24556712962963,25.174949678126833,15.929382548497204,High Risk
208.0,19.04,208.0,19.04,1,RS,3,0,2018,14.322974537037037,21.349821045357263,7.026846508320226,High Risk
209.0,46.93,209.0,46.93,1,RJ,12,4,2017,66.2044675925926,23.59831324539169,42.6061543472009,High Risk
18.9,22.06,18.9,22.06,1,BA,3,1,2018,24.148391203703703,21.363143446990698,2.785247756713005,High Risk
139.8,68.58,69.9,34.29,2,PB,2,4,2018,16.614421296296296,21.854048356033157,5.239627059736861,High Risk
72.0,34.57,72.0,34.57,1,BA,5,1,2018,13.282407407407407,22.29348003385886,9.011072626451453,High Risk
389.0,60.65,389.0,60.65,1,RJ,10,5,2016,6.682824074074074,22.589540969831646,15.906716895757572,High Risk
49.0,17.67,49.0,17.67,1,RJ,11,4,2017,22.25435185185185,21.55374850364009,0.7006033482117608,High Risk
122.99,18.14,122.99,18.14,1,PE,2,1,2018,15.455509259259259,21.349821045357263,5.8943117860980045,High Risk
117.9,15.58,117.9,15.58,1,ES,2,6,2018,9.963819444444445,21.296363205823422,11.332543761378977,High Risk
88.0,16.87,88.0,16.87,1,RJ,12,1,2017,10.142349537037036,21.525990953030632,11.383641415993596,High Risk
50.0,50.22,50.0,50.22,1,SC,1,5,2018,25.111909722222222,21.96750815237284,3.144401569849382,High Risk
115.0,27.54,115.0,27.54,1,BA,3,3,2018,28.897488425925925,21.741534499462986,7.155953926462939,High Risk
419.0,60.79,419.0,60.79,1,RJ,3,0,2018,41.95512731481482,24.791323581016613,17.163803733798204,High Risk
599.0,91.68,599.0,91.68,1,PA,1,1,2018,15.822719907407407,26.758768211421895,10.936048304014488,High Risk
20.0,20.4,20.0,20.4,1,BA,4,5,2017,11.020486111111111,29.846074070294566,18.825587959183455,High Risk
66.5,38.02,66.5,38.02,1,CE,1,0,2018,18.004849537037035,23.68885525021916,5.684005713182124,High Risk
92.0,17.92,92.0,17.92,1,PE,12,6,2017,9.211886574074073,21.817597564115676,12.605710990041603,High Risk
138.0,15.47,138.0,15.47,1,SC,2,0,2018,7.161203703703704,21.269407490544424,14.10820378684072,High Risk
98.99,19.38,98.99,19.38,1,CE,3,5,2018,39.18914351851852,26.795607100528965,12.393536417989555,High Risk
49.0,17.67,49.0,17.67,1,RJ,11,4,2017,45.65116898148148,21.55374850364009,24.097420477841393,High Risk
24.5,16.79,24.5,16.79,1,BA,11,3,2017,19.906863425925927,20.279838020839193,0.37297459491326634,High Risk
44.99,19.04,44.99,19.04,1,CE,3,5,2018,62.19928240740741,26.65118954003487,35.54809286737254,High Risk
164.9,25.64,164.9,25.64,1,PA,3,1,2017,20.968020833333334,23.531161204250253,2.563140370916919,High Risk
149.9,23.37,149.9,23.37,1,DF,2,1,2018,13.0421875,21.42448061620587,8.382293116205869,High Risk
233.5,48.46,233.5,48.46,1,BA,4,4,2018,30.024085648148148,20.67932424316851,9.34476140497964,High Risk
27.9,16.79,27.9,16.79,1,ES,2,5,2018,22.676747685185184,21.349821045357263,1.3269266398279207,High Risk
94.9,15.42,94.9,15.42,1,AL,2,4,2018,9.62758101851852,21.269407490544424,11.641826472025905,High Risk
400.0,50.24,400.0,50.24,1,PE,12,3,2017,27.188252314814815,23.364587284347785,3.82366503046703,High Risk
29.9,18.23,29.9,18.23,1,RJ,3,3,2018,29.987719907407406,25.744118938717467,4.24360096868994,High Risk
79.0,21.04,79.0,21.04,1,RJ,12,4,2017,18.270358796296296,22.553737761635748,4.283378965339452,High Risk
49.9,15.23,49.9,15.23,1,GO,3,0,2018,17.141331018518517,21.269407490544424,4.128076472025906,High Risk
118.0,22.54,118.0,22.54,1,BA,4,0,2018,19.171377314814816,21.208301791658805,2.036924476843989,High Risk
19.9,18.23,19.9,18.23,1,MS,3,4,2018,26.10039351851852,21.349821045357263,4.750572473161256,High Risk
799.99,217.53,799.99,217.53,1,RO,11,5,2017,13.261967592592592,21.919322774210872,8.65735518161828,High Risk
59.9,15.17,59.9,15.17,1,RJ,2,4,2018,18.86365740740741,25.379087989557046,6.515430582149637,High Risk
329.4,105.96000000000001,54.9,17.66,6,DF,1,0,2018,6.925219907407407,20.5507961139832,13.625576206575793,High Risk
119.9,18.09,119.9,18.09,1,RJ,11,0,2017,8.66523148148148,20.308728733342768,11.643497251861287,High Risk
152.0,18.34,152.0,18.34,1,CE,11,2,2017,35.47763888888889,21.815094123987354,13.662544764901536,High Risk
179.0,64.67,179.0,64.67,1,MT,3,4,2018,47.778888888888886,22.232336849356976,25.54655203953191,High Risk
185.0,20.26,185.0,20.26,1,RS,3,0,2018,14.45199074074074,21.349821045357263,6.897830304616523,High Risk
215.0,25.96,215.0,25.96,1,PE,2,5,2018,18.64150462962963,21.484254373615048,2.8427497439854186,High Risk
14.31,15.1,14.31,15.1,1,RJ,2,3,2018,16.99861111111111,25.062204868986324,8.063593757875214,High Risk
159.9,40.45,159.9,40.45,1,RJ,12,1,2017,33.85444444444445,23.686877389923342,10.167567054521104,High Risk
49.0,37.97,49.0,37.97,1,MA,11,5,2017,46.82962962962963,26.49946670783191,20.33016292179772,High Risk
16.0,16.11,16.0,16.11,1,PR,11,4,2017,20.169733796296295,23.032711446967895,2.862977650671599,High Risk
28.8,18.23,28.8,18.23,1,RJ,3,3,2018,12.25304398148148,25.625501363532198,13.372457382050717,High Risk
148.0,18.29,148.0,18.29,1,ES,11,4,2017,46.15116898148148,20.203368596884964,25.94780038459652,High Risk
75.0,20.02,75.0,20.02,1,RS,12,4,2017,23.069953703703703,21.732910784089967,1.3370429196137366,High Risk
149.9,12.06,149.9,12.06,1,BA,5,6,2018,11.991273148148148,21.22839840308659,9.237125254938443,High Risk
169.97,17.63,169.97,17.63,1,RJ,11,3,2017,10.879664351851853,20.46747111603768,9.587806764185826,High Risk
40.0,19.59,40.0,19.59,1,RJ,11,3,2017,17.829097222222224,20.31479326204595,2.4856960398237256,High Risk
169.0,17.15,169.0,17.15,1,RJ,3,5,2018,17.879872685185184,26.43530380028585,8.555431115100667,High Risk
345.0,46.68,115.0,15.56,3,MS,2,2,2018,19.95369212962963,21.269407490544424,1.315715360914794,High Risk
189.8,48.17999999999999,94.9,24.089999999999996,2,BA,10,6,2017,12.132789351851851,20.30941570009838,8.17662634824653,High Risk
184.99,27.83,184.99,27.83,1,PE,11,0,2017,16.312592592592594,21.47816229875646,5.165569706163865,High Risk
49.9,26.89,49.9,26.89,1,PE,2,5,2018,22.736655092592592,21.48249695957034,1.2541581330222513,High Risk
79.9,17.81,79.9,17.81,1,RS,11,4,2017,17.059212962962963,21.14220747846705,4.082994515504087,High Risk
609.0,101.19,609.0,101.19,1,PA,2,6,2018,26.722071759259258,34.96455663455284,8.242484875293584,High Risk
119.99,19.38,119.99,19.38,1,PA,11,0,2017,40.711412037037036,20.91296017196831,19.798451865068724,High Risk
31.9,16.79,31.9,16.79,1,SC,2,1,2018,35.98769675925926,21.349821045357263,14.637875713901995,High Risk
29.9,28.75,29.9,28.75,1,RS,12,4,2017,28.15113425925926,22.025872554571723,6.125261704687535,High Risk
20.3,15.1,20.3,15.1,1,RJ,2,2,2018,36.367476851851855,25.062204868986324,11.30527198286553,High Risk
93.99000000000001,44.129999999999995,46.995000000000005,22.064999999999998,2,MA,3,2,2018,23.97962962962963,22.49383476935296,1.4857948602766697,High Risk
189.0,17.76,189.0,17.76,1,MT,11,6,2017,24.93355324074074,21.06719758001842,3.86635566072232,High Risk
219.0,35.33,219.0,35.33,1,AP,1,4,2018,31.353506944444444,20.83336001477678,10.520146929667664,High Risk
27.9,37.04,27.9,37.04,1,RS,3,4,2018,34.77502314814815,21.849790041352353,12.925233106795798,High Risk
121.97,20.09,121.97,20.09,1,SC,12,3,2017,18.604317129629628,20.07902828155398,1.4747111519243532,High Risk
43.8,16.6,43.8,16.6,1,RS,12,1,2017,10.887974537037037,21.085948454940645,10.197973917903608,High Risk
26.0,16.11,26.0,16.11,1,RJ,2,6,2018,30.823402777777776,25.17412951602346,5.649273261754317,High Risk
599.0,21.44,599.0,21.44,1,SC,11,2,2017,15.142627314814815,21.070101068983323,5.927473754168508,High Risk
109.97,45.23,109.97,45.23,1,RJ,12,0,2017,16.215740740740742,22.590355305873324,6.374614565132582,High Risk
79.9,17.81,79.9,17.81,1,SP,11,4,2017,63.10832175925926,29.264639077939595,33.84368268131966,High Risk
99.0,15.44,99.0,15.44,1,GO,2,6,2018,15.005555555555556,21.296363205823422,6.290807650267865,High Risk
199.99,25.95,199.99,25.95,1,AL,6,4,2017,28.167106481481483,20.303793170518585,7.863313310962898,High Risk
120.0,20.33,120.0,20.33,1,RJ,11,2,2017,4.947615740740741,20.41289692316871,15.465281182427969,High Risk
368.9,27.42,368.9,27.42,1,RS,11,6,2017,11.974768518518518,21.27592731847525,9.301158799956733,High Risk
99.9,38.25,99.9,38.25,1,AL,5,0,2017,24.717719907407407,20.160302018646863,4.557417888760543,High Risk
89.9,21.12,89.9,21.12,1,RJ,11,4,2017,26.907858796296296,21.731082866507,5.176775929789297,High Risk
419.0,36.29,419.0,36.29,1,MG,11,0,2017,10.43042824074074,21.302117204911852,10.871688964171112,High Risk
98.99,47.13,98.99,47.13,1,PA,4,4,2018,56.39875,25.470829977395887,30.927920022604113,High Risk
149.9,18.3,149.9,18.3,1,RJ,11,1,2017,28.970787037037038,20.411364989641456,8.559422047395582,High Risk
129.0,65.89,129.0,65.89,1,BA,3,1,2018,27.358368055555555,22.14962263750182,5.208745418053734,High Risk
350.70000000000005,49.739999999999995,116.90000000000002,16.58,3,RJ,11,6,2017,30.34148148148148,21.136835801268518,9.204645680212963,High Risk
190.0,28.06,190.0,28.06,1,MT,3,5,2018,10.35866898148148,21.70269544059279,11.34402645911131,High Risk
295.0,88.3,59.0,17.66,5,RS,12,2,2017,19.36252314814815,21.206732495481095,1.8442093473329457,High Risk
64.0,20.9,64.0,20.9,1,PA,3,0,2017,36.3071412037037,23.444446531403397,12.862694672300304,High Risk
107.37,76.89,35.79,25.63,3,PE,11,0,2017,14.41349537037037,20.930202162193112,6.516706791822742,High Risk
9.9,14.1,9.9,14.1,1,DF,3,4,2018,10.207696759259258,20.75929732866595,10.551600569406693,High Risk
179.99,17.7,179.99,17.7,1,GO,12,4,2017,6.477974537037037,21.927078212715813,15.449103675678776,High Risk
37.8,68.3,18.9,34.15,2,TO,11,2,2017,13.442094907407407,21.871046572368684,8.428951664961277,High Risk
74.0,23.39,74.0,23.39,1,MT,12,4,2017,14.489351851851852,22.1314590860192,7.642107234167346,High Risk
71.4,16.26,71.4,16.26,1,RS,12,3,2017,36.3496875,21.257714686563812,15.09197281343619,High Risk
60.99,33.59,60.99,33.59,1,RS,3,6,2018,37.58983796296296,21.80708154419944,15.782756418763519,High Risk
49.9,17.6,49.9,17.6,1,GO,2,1,2018,17.28423611111111,21.349821045357263,4.065584934246154,High Risk
98.7,27.42,98.7,27.42,1,BA,3,4,2018,26.887453703703702,21.741534499462986,5.145919204240716,High Risk
68.9,15.23,68.9,15.23,1,RS,2,2,2018,16.021967592592592,21.269407490544424,5.247439897951832,High Risk
79.0,28.95,79.0,28.95,1,CE,12,0,2017,8.908449074074074,22.64715204508373,13.738702971009655,High Risk
19.9,42.38,19.9,42.38,1,RS,11,6,2017,18.957256944444445,22.136919866444394,3.179662921999949,High Risk
110.0,34.57,110.0,34.57,1,AL,9,6,2017,29.47806712962963,20.56926644332624,8.90880068630339,High Risk
156.9,18.35,156.9,18.35,1,RJ,11,5,2017,24.440381944444443,21.056447266000077,3.3839346784443656,High Risk
25.9,16.79,25.9,16.79,1,MT,11,4,2017,23.78792824074074,20.84773206448712,2.9401961762536217,High Risk
200.99,20.9,200.99,20.9,1,DF,3,6,2018,23.934479166666666,21.37677676063626,2.5577024060304048,High Risk
44.99,27.08,44.99,27.08,1,BA,3,5,2018,36.845219907407404,21.584790428593422,15.260429478813982,High Risk
179.39999999999998,90.66,29.899999999999995,15.11,6,RJ,1,0,2018,18.050358796296297,23.142871307083833,5.092512510787536,High Risk
19.9,18.23,19.9,18.23,1,SC,3,2,2018,17.305613425925927,21.349821045357263,4.0442076194313366,High Risk
219.98,39.56,109.99,19.78,2,BA,3,2,2018,23.15599537037037,21.349821045357263,1.8061743250131066,High Risk
109.9,16.14,109.9,16.14,1,SC,12,3,2017,29.22170138888889,20.07069332521563,9.15100806367326,High Risk
52.0,17.94,52.0,17.94,1,RJ,3,2,2018,38.83020833333333,25.795681883910547,13.034526449422785,High Risk
74.9,16.28,74.9,16.28,1,SC,12,6,2017,16.61232638888889,21.088352444469095,4.476026055580206,High Risk
120.0,55.1,120.0,55.1,1,CE,4,3,2018,26.769606481481482,21.600497327706336,5.169109153775146,High Risk
61.99,37.12,61.99,37.12,1,RN,3,0,2018,23.994027777777777,21.88260840997394,2.111419367803837,High Risk
27.9,16.11,27.9,16.11,1,RJ,2,5,2018,13.422314814814815,25.23208727208324,11.809772457268426,High Risk
659.0,53.14,659.0,53.14,1,RS,2,2,2018,15.273090277777778,22.092826564880674,6.819736287102897,High Risk
59.99,16.18,59.99,16.18,1,MS,2,0,2018,17.217164351851853,21.349821045357263,4.13265669350541,High Risk
54.99,47.32,54.99,47.32,1,MA,3,5,2018,30.942453703703702,23.07661792850179,7.865835775201912,High Risk
18.0,15.1,18.0,15.1,1,GO,3,0,2018,14.282222222222222,21.269407490544424,6.987185268322202,High Risk
79.98,68.9,39.99,34.45,2,CE,3,1,2018,26.803344907407407,27.62999521315692,0.8266503057495136,High Risk
109.9,21.26,109.9,21.26,1,RJ,2,2,2018,29.078368055555554,26.05028160490173,3.0280864506538236,High Risk
150.0,17.49,150.0,17.49,1,BA,2,6,2018,29.016875,21.37677676063626,7.640098239363738,High Risk
199.0,16.14,199.0,16.14,1,RJ,3,5,2018,44.123333333333335,26.350120593167905,17.77321274016543,High Risk
39.99,16.79,39.99,16.79,1,MS,2,0,2018,9.05462962962963,21.349821045357263,12.295191415727633,High Risk
50.9,16.12,50.9,16.12,1,RJ,11,1,2017,41.88425925925926,20.436387869768357,21.447871389490903,High Risk
68.9,19.72,68.9,19.72,1,BA,2,5,2018,25.753912037037036,21.349821045357263,4.404090991679773,High Risk
130.0,39.83,130.0,39.83,1,BA,4,0,2018,23.14090277777778,21.319498061519877,1.8214047162579021,High Risk
199.0,26.67,199.0,26.67,1,PE,2,4,2018,27.09695601851852,21.494045333473927,5.602910685044591,High Risk
94.95,16.42,94.95,16.42,1,RJ,2,3,2018,46.21484953703704,25.65248366732659,20.56236586971045,High Risk
109.9,27.5,109.9,27.5,1,BA,3,4,2018,32.13425925925926,21.741534499462986,10.392724759796273,High Risk
999.0,38.79,999.0,38.79,1,PI,3,3,2018,10.65207175925926,22.016837565440337,11.364765806181078,High Risk
60.0,16.99,60.0,16.99,1,BA,12,4,2017,29.10326388888889,21.9697837648488,7.133480124040091,High Risk
49.0,19.66,49.0,19.66,1,BA,11,4,2017,28.909363425925925,20.942582332278594,7.966781093647331,High Risk
65.9,38.51,65.9,38.51,1,PA,4,2,2018,14.454224537037037,24.62914353091442,10.174918993877382,High Risk
135.0,31.62,135.0,31.62,1,PE,2,2,2018,27.961631944444445,21.80708154419944,6.154550400245004,High Risk
149.0,35.56,149.0,35.56,1,RJ,11,4,2017,20.08189814814815,22.617616631334922,2.5357184831867734,High Risk
199.0,32.99,199.0,32.99,1,AL,4,1,2017,23.168275462962963,20.12668161758194,3.0415938453810227,High Risk
89.9,67.0,89.9,67.0,1,RJ,3,4,2018,39.19052083333333,24.27728919551635,14.913231637816981,High Risk
200.0,33.93,100.0,16.965,2,RJ,3,1,2018,21.07497685185185,24.46857633961544,3.3935994877635878,High Risk
235.92,19.22,235.92,19.22,1,BA,12,5,2017,16.184768518518517,21.776734083997102,5.591965565478585,High Risk
49.9,17.6,49.9,17.6,1,RJ,2,1,2018,31.993657407407408,25.70270763594126,6.290949771466149,High Risk
85.8,35.84,42.9,17.92,2,RJ,2,1,2018,23.222430555555555,23.55004688618691,0.3276163306313542,High Risk
49.0,15.1,49.0,15.1,1,RJ,2,6,2018,12.09357638888889,25.37924274220991,13.285666353321021,High Risk
55.9,16.83,55.9,16.83,1,RS,2,1,2018,16.2375,21.349821045357263,5.1123210453572625,High Risk
99.0,16.45,99.0,16.45,1,SC,2,5,2018,16.688622685185184,21.349821045357263,4.6611983601720794,High Risk
189.0,36.64,189.0,36.64,1,PI,12,5,2017,23.25181712962963,23.128579905573165,0.12323722405646365,High Risk
49.0,19.32,49.0,19.32,1,RJ,3,1,2018,20.547662037037036,25.795681883910547,5.248019846873511,High Risk
104.0,35.86,104.0,35.86,1,RS,3,2,2018,15.213796296296296,21.849790041352353,6.635993745056057,High Risk
22.8,15.23,22.8,15.23,1,GO,3,6,2018,11.036608796296296,21.296363205823422,10.259754409527126,High Risk
119.0,31.52,119.0,31.52,1,PA,4,0,2018,37.63568287037037,27.436632856007446,10.199050014362921,High Risk
165.0,19.03,165.0,19.03,1,DF,3,0,2018,14.326967592592593,21.349821045357263,7.02285345276467,High Risk
120.0,27.38,120.0,27.38,1,CE,11,3,2017,28.212291666666665,21.89176764042216,6.320524026244506,High Risk
69.99,35.81,69.99,35.81,1,MA,12,0,2017,17.67423611111111,26.33328314163017,8.659047030519059,High Risk
37.0,15.1,37.0,15.1,1,ES,3,5,2018,19.01502314814815,21.269407490544424,2.254384342396275,High Risk
89.9,17.88,89.9,17.88,1,RJ,11,4,2017,7.00332175925926,21.256741064883727,14.253419305624467,High Risk
29.98,19.04,29.98,19.04,1,CE,3,1,2018,29.270300925925927,26.620853665824697,2.6494472601012298,High Risk
250.0,114.65,50.0,22.93,5,RJ,3,1,2018,8.230069444444444,24.326104391253466,16.09603494680902,High Risk
149.7,52.800000000000004,49.9,17.6,3,GO,2,1,2018,15.109884259259259,21.349821045357263,6.239936786098005,High Risk
49.0,15.1,49.0,15.1,1,GO,2,3,2018,15.073958333333334,21.269407490544424,6.19544915721109,High Risk
159.0,18.39,159.0,18.39,1,ES,2,3,2018,19.348078703703703,21.349821045357263,2.0017423416535607,High Risk
194.97,70.24,194.97,70.24,1,SC,1,5,2018,51.93813657407407,25.892157946521102,26.04597862755297,High Risk
200.0,16.15,200.0,16.15,1,GO,12,3,2017,22.71199074074074,21.30902619171255,1.4029645490281908,High Risk
499.0,67.07,499.0,67.07,1,BA,1,2,2018,12.234178240740741,24.735832584711087,12.501654343970346,High Risk
59.4,16.18,59.4,16.18,1,ES,11,5,2017,11.196597222222222,20.88100173623717,9.684404514014949,High Risk
119.9,20.08,119.9,20.08,1,RJ,2,4,2018,22.140543981481482,25.976878982268257,3.836335000786775,High Risk
12.9,21.15,12.9,21.15,1,AM,11,2,2017,40.82188657407407,22.469860932543778,18.352025641530293,High Risk
119.9,23.38,119.9,23.38,1,RJ,3,3,2018,11.689675925925926,25.903970822279078,14.214294896353152,High Risk
169.0,17.62,169.0,17.62,1,BA,2,3,2018,18.974247685185187,21.349821045357263,2.3755733601720763,High Risk
25.0,18.0,25.0,18.0,1,SP,1,0,2017,7.746192129629629,22.20522236408189,14.45903023445226,High Risk
130.0,29.31,130.0,29.31,1,PA,8,0,2017,16.260185185185186,20.026799634135436,3.76661444895025,High Risk
75.0,62.35,75.0,62.35,1,SC,1,3,2018,21.986875,24.70765983563563,2.72078483563563,High Risk
199.0,16.14,199.0,16.14,1,RJ,2,2,2018,12.050775462962964,26.350120593167905,14.29934513020494,High Risk
69.9,19.73,69.9,19.73,1,BA,11,1,2017,23.68141203703704,20.44711998644037,3.234292050596668,High Risk
69.9,17.74,69.9,17.74,1,RJ,3,6,2018,15.970405092592593,25.761775944490065,9.791370851897472,High Risk
89.9,17.88,89.9,17.88,1,RS,11,6,2017,23.752916666666668,21.19835722519455,2.5545594414721187,High Risk
139.9,20.47,139.9,20.47,1,ES,2,0,2018,45.46421296296296,21.349821045357263,24.114391917605698,High Risk
31.9,15.79,31.9,15.79,1,ES,2,4,2018,31.71738425925926,21.269407490544424,10.447976768714835,High Risk
110.0,36.09,110.0,36.09,1,AL,10,4,2017,28.968796296296297,20.226932235970306,8.741864060325991,High Risk
107.0,34.55,107.0,34.55,1,PB,12,0,2017,11.227164351851853,22.49770112957257,11.270536777720716,High Risk
29.9,21.15,29.9,21.15,1,ES,11,5,2017,11.370578703703703,21.24422511173666,9.873646408032958,High Risk
37.8,30.2,18.9,15.1,2,SC,2,3,2018,28.13771990740741,21.269407490544424,6.8683124168629845,High Risk
155.0,17.53,155.0,17.53,1,BA,11,4,2017,17.014085648148146,20.811362812224697,3.797277164076551,High Risk
84.9,28.99,84.9,28.99,1,PE,2,3,2018,32.584525462962965,21.70269544059279,10.881830022370174,High Risk
75.0,21.02,75.0,21.02,1,SC,12,6,2017,11.070821759259259,21.27040491167907,10.19958315241981,High Risk
799.0,18.15,799.0,18.15,1,SP,3,5,2018,3.4197569444444444,20.417850077640356,16.998093133195912,High Risk
64.9,38.5,64.9,38.5,1,BA,3,6,2018,10.039583333333333,21.923899060183068,11.884315726849735,High Risk
170.0,34.32,85.0,17.16,2,RJ,2,1,2018,44.44153935185185,23.84283270857328,20.59870664327857,High Risk
129.0,18.15,129.0,18.15,1,MS,12,2,2017,12.163912037037036,21.19594456118054,9.032032524143503,High Risk
169.9,31.94,169.9,31.94,1,DF,2,4,2018,17.08328703703704,21.744386248383694,4.661099211346656,High Risk
79.0,17.8,79.0,17.8,1,RJ,12,5,2017,30.95636574074074,22.39729246126225,8.55907327947849,High Risk
19.99,17.93,19.99,17.93,1,SC,3,6,2018,30.71877314814815,21.37677676063626,9.341996387511887,High Risk
229.04,55.87,229.04,55.87,1,PA,12,5,2017,33.35358796296296,25.805945562291708,7.547642400671254,High Risk
29.7,15.1,29.7,15.1,1,ES,2,3,2018,14.224594907407408,21.269407490544424,7.044812583137016,High Risk
116.6,33.08,116.6,33.08,1,RJ,3,0,2018,29.12392361111111,24.708760755662535,4.415162855448575,High Risk
45.9,26.89,45.9,26.89,1,PA,1,0,2018,17.71009259259259,24.57235948677434,6.862266894181747,High Risk
680.0,193.28,680.0,193.28,1,CE,3,0,2017,39.92204861111111,31.32146258821391,8.600586022897197,High Risk
229.0,30.0,229.0,30.0,1,PA,1,5,2018,14.088854166666666,22.48678329671173,8.397929130045066,High Risk
119.0,16.56,119.0,16.56,1,RS,12,0,2017,3.2385069444444445,21.228378556762497,17.98987161231805,High Risk
169.99,20.71,169.99,20.71,1,RS,3,6,2018,16.836956018518517,21.37677676063626,4.539820742117744,High Risk
10.99,15.1,10.99,15.1,1,RJ,12,0,2017,14.699571759259259,20.316160891733322,5.616589132474063,High Risk
669.0,41.0,669.0,41.0,1,PI,1,5,2017,19.004467592592594,36.54604167164976,17.541574079057167,High Risk
16.99,20.8,16.99,20.8,1,AL,5,3,2017,28.39296296296296,23.638826101065742,4.754136861897219,High Risk
159.77,27.66,159.77,27.66,1,PA,1,5,2018,12.983877314814816,22.565276722874497,9.581399408059681,High Risk
350.9,21.0,350.9,21.0,1,CE,12,2,2017,13.484756944444445,29.492135500030702,16.007378555586257,High Risk
120.0,20.99,120.0,20.99,1,GO,3,4,2018,32.27407407407407,21.349821045357263,10.924253028716809,High Risk
174.9,21.67,174.9,21.67,1,BA,4,6,2017,16.615092592592593,25.89721146520856,9.282118872615968,High Risk
56.0,30.2,28.0,15.1,2,RJ,2,2,2018,33.468900462962964,23.806737487056903,9.66216297590606,High Risk
440.0,26.01,440.0,26.01,1,BA,4,3,2018,48.05260416666667,20.72179707999096,27.33080708667571,High Risk
319.9,35.0,319.9,35.0,1,PB,3,5,2018,24.815949074074073,21.867373016840098,2.948576057233975,High Risk
87.0,37.3,87.0,37.3,1,RJ,3,3,2018,11.864386574074073,23.89925578579406,12.034869211719988,High Risk
599.0,73.41,599.0,73.41,1,MG,12,0,2017,17.499837962962964,21.007743052120205,3.5079050891572408,High Risk
414.62,17.0,414.62,17.0,1,RJ,2,2,2018,26.92908564814815,26.55689439805668,0.37219125009146836,High Risk
69.9,16.25,69.9,16.25,1,RJ,12,3,2017,58.7234375,21.513761972860674,37.209675527139325,High Risk
44.5,25.63,44.5,25.63,1,PE,11,6,2017,15.890810185185185,21.36499234634384,5.474182161158655,High Risk
109.9,18.05,109.9,18.05,1,SE,2,6,2018,15.454768518518518,21.37677676063626,5.922008242117743,High Risk
29.0,16.11,29.0,16.11,1,RJ,11,0,2017,32.08996527777778,20.2860681607031,11.80389711707468,High Risk
13.65,18.23,13.65,18.23,1,RJ,3,3,2018,33.56988425925926,25.60969183781524,7.96019242144402,High Risk
199.95000000000002,124.2,39.99,24.84,5,AP,2,1,2017,15.645266203703704,73.95958065795011,58.31431445424641,High Risk
75.0,21.02,75.0,21.02,1,ES,11,1,2017,15.251493055555555,20.85134120246115,5.599848146905595,High Risk
2700.0,59.88,1350.0,29.94,2,MG,11,0,2017,22.82053240740741,21.763915560666934,1.056616846740475,High Risk
79.0,17.8,79.0,17.8,1,RJ,11,1,2017,16.066458333333333,20.601206311465752,4.534747978132419,High Risk
29.9,18.23,29.9,18.23,1,RJ,3,5,2018,48.96243055555556,25.744118938717467,23.21831161683809,High Risk
99.0,20.65,99.0,20.65,1,ES,11,5,2017,3.5575925925925924,20.75417669002155,17.196584097428957,High Risk
254.9,27.06,254.9,27.06,1,PA,9,1,2017,21.060810185185186,20.60407556799854,0.45673461718664754,High Risk
89.9,17.88,89.9,17.88,1,RS,12,5,2017,19.028425925925927,21.97972136130435,2.951295435378423,High Risk
225.0,43.77,225.0,43.77,1,RJ,11,5,2017,32.8683912037037,22.796663914055124,10.071727289648578,High Risk
59.9,16.18,59.9,16.18,1,ES,2,1,2018,19.81451388888889,21.349821045357263,1.5353071564683738,High Risk
59.9,18.96,59.9,18.96,1,ES,11,0,2017,11.409236111111111,20.01596245758918,8.606726346478068,High Risk
133.9,18.82,133.9,18.82,1,RJ,3,2,2018,36.22769675925926,26.110810946317983,10.116885812941277,High Risk
75.0,16.29,75.0,16.29,1,RJ,2,2,2018,51.04103009259259,25.65248366732659,25.388546425266004,High Risk
23.99,15.1,23.99,15.1,1,RJ,2,1,2018,16.217847222222222,25.062204868986324,8.844357646764102,High Risk
55.0,17.67,55.0,17.67,1,PA,1,1,2018,12.819537037037037,20.886051430254966,8.066514393217929,High Risk
30.21,17.6,30.21,17.6,1,RJ,11,6,2017,22.958726851851853,21.097723404625807,1.8610034472260466,High Risk
968.0,44.3,968.0,44.3,1,RJ,12,1,2017,13.322407407407407,22.515381298536393,9.192973891128986,High Risk
119.8,38.78,59.9,19.39,2,RS,3,3,2018,21.36570601851852,21.349821045357263,0.015884973161256255,High Risk
49.9,16.92,49.9,16.92,1,RS,11,5,2017,16.084421296296295,21.105342393261193,5.020921096964898,High Risk
139.0,57.52,139.0,57.52,1,PB,4,0,2018,14.21,20.33183390168542,6.12183390168542,High Risk
199.9,20.64,199.9,20.64,1,SC,12,5,2017,24.145891203703705,21.13743171304801,3.008459490655696,High Risk
69.9,47.02,69.9,47.02,1,RR,2,1,2018,73.93239583333333,22.05221545845094,51.880180374882386,High Risk
75.0,16.5,75.0,16.5,1,DF,3,2,2018,20.30902777777778,21.349821045357263,1.0407932675794846,High Risk
82.99,17.83,82.99,17.83,1,SE,12,3,2017,27.335497685185185,21.35614327645149,5.979354408733695,High Risk
79.9,22.88,79.9,22.88,1,CE,12,2,2017,15.945694444444445,22.517186527165777,6.571492082721331,High Risk
58.9,34.21,58.9,34.21,1,AL,9,1,2017,24.68434027777778,20.738400690429735,3.945939587348043,High Risk
49.9,17.66,49.9,17.66,1,RS,12,5,2017,17.242905092592594,21.994582789394098,4.751677696801504,High Risk
179.9,33.65,179.9,33.65,1,RJ,2,4,2018,18.02869212962963,24.783738792997674,6.755046663368045,High Risk
1340.0,44.74,1340.0,44.74,1,AM,11,3,2017,33.02148148148148,21.423398546351027,11.598082935130453,High Risk
44.88,41.11,44.88,41.11,1,MG,3,1,2018,8.918090277777777,21.413751505593396,12.495661227815619,High Risk
121.0,37.54,121.0,37.54,1,CE,3,2,2018,20.52028935185185,28.820272793744806,8.299983441892955,High Risk
106.08000000000001,49.56,53.040000000000006,24.78,2,RJ,3,3,2018,7.0077893518518515,23.522510884911345,16.514721533059493,High Risk
58.9,22.73,58.9,22.73,1,AL,10,6,2017,12.16505787037037,21.907186979526372,9.742129109156002,High Risk
89.9,19.6,89.9,19.6,1,SC,3,1,2018,29.200023148148148,21.349821045357263,7.850202102790885,High Risk
209.6,18.72,209.6,18.72,1,RJ,11,3,2017,11.41449074074074,20.383864688244245,8.969373947503504,High Risk
23.99,15.79,23.99,15.79,1,MT,11,5,2017,10.088969907407407,21.46008295254502,11.371113045137612,High Risk
49.9,17.6,49.9,17.6,1,RS,2,5,2018,18.888796296296295,21.349821045357263,2.461024749060968,High Risk
23.8,21.15,23.8,21.15,1,AL,1,6,2018,15.437222222222223,21.69994126916416,6.262719046941937,High Risk
149.0,14.79,149.0,14.79,1,RJ,12,5,2017,44.15530092592593,20.22201158375322,23.93328934217271,High Risk
14.6,14.1,14.6,14.1,1,RJ,12,1,2017,10.924675925925927,20.795750749640362,9.871074823714435,High Risk
27.99,15.1,27.99,15.1,1,ES,2,6,2018,15.506747685185186,21.296363205823422,5.789615520638236,High Risk
79.9,35.88,79.9,35.88,1,RN,3,4,2018,21.126006944444445,21.849790041352353,0.7237830969079084,High Risk
144.99,20.25,144.99,20.25,1,MT,2,5,2018,55.2656712962963,21.349821045357263,33.91585025093903,High Risk
79.0,25.83,79.0,25.83,1,PE,11,6,2017,30.78355324074074,21.42476998048065,9.35878326026009,High Risk
59.0,15.29,59.0,15.29,1,RJ,3,2,2018,35.352164351851854,25.41149761428663,9.940666737565223,High Risk
32.9,15.23,32.9,15.23,1,RJ,3,4,2018,18.589791666666667,25.271189824960956,6.681398158294289,High Risk
82.99,17.83,82.99,17.83,1,ES,12,3,2017,29.673703703703705,21.27615814438655,8.397545559317155,High Risk
79.98,44.33,79.98,44.33,1,RJ,3,2,2018,37.15819444444445,23.84425832749566,13.313936116948788,High Risk
29.99,17.95,29.99,17.95,1,BA,4,4,2018,13.086203703703704,21.25152552202732,8.165321818323614,High Risk
479.96,110.4,119.99,27.6,4,SC,3,1,2018,28.60445601851852,21.806084286784454,6.798371731734065,High Risk
110.0,17.21,110.0,17.21,1,RJ,2,0,2018,10.354710648148147,26.09123932098217,15.736528672834021,High Risk
49.8,29.04,24.9,14.52,2,SC,1,0,2017,92.78483796296297,20.42751233043776,72.3573256325252,High Risk
56.99,17.68,56.99,17.68,1,CE,12,5,2017,25.941145833333334,24.537413134557045,1.4037326987762881,High Risk
219.0,19.41,219.0,19.41,1,RJ,3,3,2018,25.246157407407406,26.61745902129638,1.3713016138889742,High Risk
72.0,38.55,72.0,38.55,1,PE,3,2,2018,22.872777777777777,21.923899060183068,0.9488787175947095,High Risk
135.0,25.79,135.0,25.79,1,SC,11,3,2017,15.745960648148149,20.683966864212223,4.938006216064075,High Risk
24.99,17.63,24.99,17.63,1,PA,3,4,2018,40.004953703703706,30.96230391008623,9.042649793617475,High Risk
749.8,146.13,374.9,73.065,2,CE,11,3,2017,22.271585648148147,24.301060984792272,2.0294753366441256,High Risk
29.99,21.15,29.99,21.15,1,AM,12,5,2017,37.87986111111111,22.613006651657596,15.266854459453516,High Risk
248.99,74.69,248.99,74.69,1,GO,11,1,2017,15.239502314814814,23.10152023336329,7.862017918548474,High Risk
59.9,16.86,59.9,16.86,1,GO,3,6,2018,38.919571759259256,21.37677676063626,17.542794998622995,High Risk
50.0,18.23,50.0,18.23,1,RJ,3,4,2018,25.834918981481483,25.795681883910547,0.039237097570936186,High Risk
85.0,15.34,85.0,15.34,1,SC,2,0,2018,14.380069444444445,21.269407490544424,6.889338046099979,High Risk
6.84,25.63,6.84,25.63,1,PA,1,0,2018,10.451053240740741,22.96443438135441,12.513381140613667,High Risk
179.94,70.48,179.94,70.48,1,PA,3,3,2018,32.46222222222222,39.370408924177944,6.908186701955721,High Risk
899.0,48.35,899.0,48.35,1,CE,5,4,2018,20.070787037037036,20.53866594707199,0.46787891003495474,High Risk
25.99,16.92,25.99,16.92,1,GO,11,4,2017,10.16667824074074,20.806589738099156,10.639911497358415,High Risk
279.99,19.4,279.99,19.4,1,RJ,12,0,2017,10.19414351851852,21.83720667211358,11.643063153595062,High Risk
119.0,27.38,119.0,27.38,1,BA,4,6,2018,22.2640625,20.840942464838445,1.4231200351615563,High Risk
79.0,17.8,79.0,17.8,1,RJ,12,0,2017,37.13462962962963,21.592199788728944,15.542429840900684,High Risk
53.9,59.55,53.9,59.55,1,RS,1,5,2018,22.960856481481482,24.791917181667223,1.8310607001857413,High Risk
288.82,52.58,144.41,26.29,2,MT,2,0,2018,22.522743055555555,21.484254373615048,1.0384886819405068,High Risk
46.4,15.11,46.4,15.11,1,ES,2,4,2018,12.736782407407407,21.269407490544424,8.532625083137017,High Risk
229.0,15.47,229.0,15.47,1,SC,2,4,2018,4.136284722222222,21.269407490544424,17.133122768322202,High Risk
65.98,35.2,32.99,17.6,2,RS,2,4,2018,13.32236111111111,21.349821045357263,8.027459934246153,High Risk
270.0,16.64,270.0,16.64,1,RJ,11,0,2017,13.885196759259259,20.314866429104555,6.429669669845296,High Risk
50.99,21.16,50.99,21.16,1,PE,11,2,2017,7.928912037037037,21.288739336581866,13.359827299544829,High Risk
49.9,17.6,49.9,17.6,1,RJ,12,4,2017,27.030381944444443,22.128313940057666,4.902068004386777,High Risk
70.0,17.06,70.0,17.06,1,RJ,12,4,2017,19.769166666666667,22.194464065205075,2.425297398538408,High Risk
115.0,36.13,115.0,36.13,1,BA,11,5,2017,24.525601851851853,22.115537588257457,2.4100642635943963,High Risk
67.9,25.76,67.9,25.76,1,PE,11,5,2017,19.55787037037037,21.509756495175942,1.951886124805572,High Risk
29.9,25.38,29.9,25.38,1,AM,11,2,2017,28.833460648148147,21.90410113412214,6.929359514026007,High Risk
56.8,16.97,56.8,16.97,1,RJ,2,0,2018,14.99755787037037,25.79145248007385,10.79389460970348,High Risk
64.9,20.85,64.9,20.85,1,BA,12,3,2017,15.159675925925926,21.63600774909461,6.4763318231686835,High Risk
134.9,17.38,134.9,17.38,1,RJ,2,3,2018,18.774791666666665,26.017836698348695,7.24304503168203,High Risk
54.4,16.14,54.4,16.14,1,SC,12,0,2017,8.790740740740741,20.41795066819582,11.62720992745508,High Risk
249.99,22.59,249.99,22.59,1,RJ,12,3,2017,8.17662037037037,22.49107620772783,14.314455837357459,High Risk
119.9,34.2,119.9,34.2,1,RJ,12,2,2017,14.296388888888888,22.431226476101347,8.13483758721246,High Risk
31.9,34.15,31.9,34.15,1,MA,11,2,2017,14.583194444444445,24.30558896744516,9.722394523000716,High Risk
50.99,22.07,50.99,22.07,1,BA,4,3,2018,26.15826388888889,21.98584098564913,4.1724229032397595,High Risk
219.0,17.97,219.0,17.97,1,BA,2,2,2018,22.127777777777776,21.349821045357263,0.7779567324205132,High Risk
50.0,15.1,50.0,15.1,1,SC,2,0,2018,4.839756944444445,21.269407490544424,16.429650546099978,High Risk
20.9,22.85,20.9,22.85,1,RN,3,1,2018,15.369976851851852,21.465233951098458,6.095257099246606,High Risk
599.0,58.63,599.0,58.63,1,PE,12,0,2017,25.722233796296297,23.429752336064908,2.2924814602313894,High Risk
85.9,69.48,85.9,69.48,1,RS,11,1,2017,9.969988425925926,23.136626760358624,13.166638334432697,High Risk
199.99,25.05,199.99,25.05,1,BA,3,2,2018,13.950011574074074,21.374590436859293,7.42457886278522,High Risk
144.9,43.42,144.9,43.42,1,RN,12,4,2017,25.08128472222222,22.910071879885923,2.171212842336299,High Risk
146.99,43.44,146.99,43.44,1,MA,11,2,2017,27.32084490740741,29.356816383204567,2.035971475797158,High Risk
107.8,42.7,53.9,21.35,2,RJ,3,6,2018,44.91178240740741,23.559806736356823,21.351975671050585,High Risk
495.0,30.85,495.0,30.85,1,BA,11,6,2017,23.89738425925926,21.942706371064364,1.9546778881948939,High Risk
39.99,19.32,39.99,19.32,1,RJ,3,5,2018,33.229178240740744,25.744118938717467,7.485059302023277,High Risk
144.9,18.89,144.9,18.89,1,RJ,3,0,2018,7.347233796296297,27.239860788446826,19.89262699215053,High Risk
19.9,16.79,19.9,16.79,1,RJ,12,3,2017,28.963217592592592,21.345971430102406,7.617246162490186,High Risk
119.9,57.39,119.9,57.39,1,RN,4,2,2018,11.873877314814814,21.196351992007685,9.32247467719287,High Risk
16.6,25.63,16.6,25.63,1,CE,1,3,2018,19.217939814814816,20.8642662130295,1.6463263982146827,High Risk
58.6,45.7,29.3,22.85,2,MA,3,2,2018,10.13224537037037,22.595925273460722,12.463679903090352,High Risk
177.99,57.14,177.99,57.14,1,AP,11,3,2017,28.218703703703703,23.363085643457993,4.85561806024571,High Risk
86.3,23.47,86.3,23.47,1,BA,12,4,2017,41.126099537037035,22.1314590860192,18.994640451017837,High Risk
139.8,43.14,69.9,21.57,2,RS,3,0,2018,24.723506944444445,21.349821045357263,3.3736858990871816,High Risk
139.0,18.22,139.0,18.22,1,RJ,2,1,2018,6.176446759259259,26.134104423615543,19.957657664356283,High Risk
79.99,18.13,79.99,18.13,1,MT,2,4,2018,19.16053240740741,21.349821045357263,2.189288637949854,High Risk
29.99,17.63,29.99,17.63,1,CE,12,5,2017,30.951655092592592,24.6847875895186,6.266867503073993,High Risk
121.9,18.1,121.9,18.1,1,RS,11,1,2017,36.03490740740741,20.283668372086375,15.751239035321035,High Risk
450.0,159.66,75.0,26.61,6,SC,3,4,2018,11.449166666666667,21.541012145307647,10.09184547864098,High Risk
341.4,17.14,341.4,17.14,1,RS,11,0,2017,10.942962962962962,20.295511106506872,9.35254814354391,High Risk
166.94,102.81,166.94,102.81,1,RN,3,4,2018,32.127361111111114,23.63965196436982,8.487709146741295,High Risk
78.45,25.83,78.45,25.83,1,RS,2,4,2018,27.29136574074074,21.466671398127303,5.824694342613437,High Risk
119.9,13.56,119.9,13.56,1,SP,10,0,2016,27.5428125,24.806077934029968,2.736734565970032,High Risk
410.0,35.32,410.0,35.32,1,MT,2,2,2018,21.720925925925926,21.867373016840098,0.1464470909141724,High Risk
101.0,46.01,101.0,46.01,1,SC,2,3,2018,28.17015046296296,21.923899060183068,6.246251402779894,High Risk
65.0,20.94,65.0,20.94,1,RJ,2,0,2018,11.555810185185186,25.750494763993412,14.194684578808227,High Risk
160.0,38.67,160.0,38.67,1,MA,12,3,2017,19.25953703703704,26.165593272649286,6.9060562356122475,High Risk
2498.0,76.38,2498.0,76.38,1,RJ,3,5,2017,8.895023148148148,22.75974882920442,13.864725681056271,High Risk
199.0,35.19,199.0,35.19,1,BA,11,0,2017,11.649131944444445,22.40773521728266,10.758603272838215,High Risk
98.0,58.76,49.0,29.38,2,PE,3,0,2018,22.279039351851853,21.770505289797246,0.5085340620546077,High Risk
372.84000000000003,57.2,186.42000000000002,28.6,2,ES,1,0,2018,18.73693287037037,21.1941217033311,2.4571888329607283,High Risk
65.0,15.2,65.0,15.2,1,RS,2,2,2018,9.06125,21.269407490544424,12.208157490544425,High Risk
24.9,18.23,24.9,18.23,1,SC,3,6,2018,17.15974537037037,21.37677676063626,4.217031390265891,High Risk
395.65,19.21,395.65,19.21,1,MS,12,2,2017,20.802650462962962,21.35617975403411,0.5535292910711469,High Risk
25.0,19.32,25.0,19.32,1,RS,3,4,2018,17.030520833333334,21.349821045357263,4.319300212023929,High Risk
119.99,15.6,119.99,15.6,1,GO,3,3,2018,14.119189814814815,21.269407490544424,7.150217675729609,High Risk
22.89,15.1,22.89,15.1,1,RJ,12,6,2017,18.007511574074073,21.86225612831241,3.854744554238337,High Risk
30.0,16.11,30.0,16.11,1,RJ,11,4,2017,45.084375,20.91602065212696,24.16835434787304,High Risk
69.9,21.57,69.9,21.57,1,SC,3,0,2018,23.049930555555555,21.349821045357263,1.700109510198292,High Risk
109.9,27.24,109.9,27.24,1,MA,2,3,2017,14.861574074074074,20.239113933410938,5.3775398593368635,High Risk
134.9,16.7,134.9,16.7,1,RJ,3,4,2018,69.75091435185185,25.964349389784907,43.78656496206694,High Risk
23.99,14.1,23.99,14.1,1,SC,2,6,2018,43.623645833333335,20.147669542307064,23.47597629102627,High Risk
141.94,35.5,70.97,17.75,2,RJ,12,3,2017,44.20645833333333,21.435494063886004,22.770964269447326,High Risk
140.0,81.8,140.0,81.8,1,CE,1,0,2018,37.9315625,27.19438803099177,10.737174469008227,High Risk
149.87,36.37,149.87,36.37,1,SE,1,2,2018,35.454108796296296,20.07900524398865,15.375103552307646,High Risk
112.0,15.53,112.0,15.53,1,RJ,2,4,2018,21.04681712962963,25.797655747187285,4.750838617557655,High Risk
49.9,19.04,49.9,19.04,1,PE,3,6,2018,9.022094907407407,21.37677676063626,12.354681853228854,High Risk
289.9,15.8,289.9,15.8,1,RS,3,3,2017,6.42150462962963,21.06112885516589,14.63962422553626,High Risk
84.9,15.35,84.9,15.35,1,RS,2,4,2018,14.413506944444444,21.269407490544424,6.85590054609998,High Risk
269.0,26.99,269.0,26.99,1,SC,3,5,2018,6.199201388888889,21.500079935058082,15.300878546169194,High Risk
143.8,25.82,143.8,25.82,1,SC,3,2,2018,12.938078703703704,21.466671398127303,8.5285926944236,High Risk
41.5,22.67,41.5,22.67,1,PA,12,2,2017,37.22461805555555,22.397160455804265,14.827457599751288,High Risk
59.9,37.97,59.9,37.97,1,AL,8,5,2017,18.433958333333333,20.76663643723309,2.332678103899756,High Risk
329.9,17.06,329.9,17.06,1,SC,2,6,2018,19.049085648148147,21.37677676063626,2.3276911124881146,High Risk
109.9,25.8,109.9,25.8,1,PA,9,5,2017,22.796782407407406,20.44029045633579,2.3564919510716145,High Risk
99.99,19.94,99.99,19.94,1,PI,11,1,2017,34.65475694444444,20.50832558338379,14.146431361060653,High Risk
72.99,18.09,72.99,18.09,1,RJ,3,1,2018,8.169421296296296,25.884426728043135,17.71500543174684,High Risk
119.8,57.64,59.9,28.82,2,RS,1,0,2018,23.378368055555555,21.157757309641802,2.2206107459137527,High Risk
160.0,19.0,160.0,19.0,1,RJ,3,3,2018,96.31289351851852,26.495868423525554,69.81702509499297,High Risk
689.89,22.4,689.89,22.4,1,RJ,2,2,2018,27.37556712962963,26.416318334396795,0.9592487952328348,High Risk
247.8,45.16,123.9,22.58,2,GO,3,0,2018,10.089328703703703,21.380726422478443,11.29139771877474,High Risk
59.98,30.2,29.99,15.1,2,RS,2,5,2018,16.622824074074074,21.269407490544424,4.6465834164703494,High Risk
250.0,15.5,250.0,15.5,1,RJ,2,3,2018,20.23292824074074,26.263310824261794,6.030382583521053,High Risk
169.0,114.62,169.0,114.62,1,PA,4,2,2018,62.16967592592592,28.46704149764807,33.702634428277854,High Risk
55.0,15.83,55.0,15.83,1,SC,2,5,2018,26.505671296296295,21.269407490544424,5.236263805751872,High Risk
79.9,16.32,79.9,16.32,1,RS,2,6,2018,33.26998842592592,21.37677676063626,11.893211665289662,High Risk
29.9,16.79,29.9,16.79,1,SC,12,2,2017,21.159988425925928,20.19670526017506,0.963283165750866,High Risk
255.0,27.07,255.0,27.07,1,PA,2,6,2018,25.05431712962963,27.56113648836577,2.506819358736138,High Risk
29.99,15.1,29.99,15.1,1,GO,2,1,2018,22.189872685185186,21.269407490544424,0.9204651946407623,High Risk
169.97,16.63,169.97,16.63,1,RJ,12,4,2017,7.843587962962963,22.375567102861382,14.531979139898418,High Risk
240.0,36.18,120.0,18.09,2,SC,3,6,2018,11.29525462962963,21.37677676063626,10.081522131006631,High Risk
199.0,19.27,199.0,19.27,1,PR,3,5,2018,13.214386574074075,20.333934113966382,7.119547539892308,High Risk
56.0,15.14,56.0,15.14,1,RJ,2,6,2018,66.22120370370371,25.467987586342506,40.753216117361205,High Risk
196.0,172.72,98.0,86.36,2,BA,3,4,2018,26.062592592592594,22.24991982484472,3.8126727677478733,High Risk
9.0,16.79,9.0,16.79,1,BA,12,3,2017,19.14091435185185,21.222184236977142,2.081269885125291,High Risk
91.0,25.45,91.0,25.45,1,BA,4,3,2018,21.68263888888889,20.985762995732813,0.6968758931560757,High Risk
183.75,23.22,183.75,23.22,1,BA,6,1,2018,8.072673611111112,20.404855231890103,12.332181620778991,High Risk
448.0,172.68,224.0,86.34,2,BA,12,1,2017,15.795949074074073,23.333248998907536,7.537299924833462,High Risk
129.9,45.46,129.9,45.46,1,PA,4,0,2018,38.12885416666666,27.141436669296226,10.987417497370437,High Risk
1102.39,21.47,1102.39,21.47,1,RJ,2,0,2018,16.093194444444446,26.515936681976243,10.422742237531796,High Risk
59.0,17.66,59.0,17.66,1,RJ,12,3,2017,21.384953703703705,21.809801710442926,0.4248480067392215,High Risk
49.9,19.59,49.9,19.59,1,MT,2,2,2018,20.161215277777778,21.349821045357263,1.1886057675794852,High Risk
371.2,40.15,371.2,40.15,1,PA,1,3,2018,28.161041666666666,24.27515458592802,3.8858870807386445,High Risk
31.9,22.06,31.9,22.06,1,BA,4,4,2018,38.334386574074074,21.947889451487722,16.386497122586352,High Risk
37.5,34.12,18.75,17.06,2,MS,3,1,2018,13.224247685185185,21.349821045357263,8.125573360172078,High Risk
68.99,34.14,68.99,34.14,1,RN,11,5,2017,19.99730324074074,22.0394939034977,2.0421906627569584,High Risk
290.8,37.79,145.4,18.895,2,MG,3,5,2018,11.226655092592592,22.25001623825113,11.023361145658539,High Risk
176.96,50.0,176.96,50.0,1,CE,2,2,2017,22.571018518518517,25.302631641706327,2.7316131231878096,High Risk
25.0,15.79,25.0,15.79,1,RJ,2,0,2018,25.035219907407406,25.14254005339725,0.10732014598984563,High Risk
98.9,21.18,98.9,21.18,1,ES,11,1,2017,12.93925925925926,21.066950672565223,8.127691413305964,High Risk
29.99,18.23,29.99,18.23,1,MS,3,2,2018,11.82,21.349821045357263,9.529821045357263,High Risk
159.9,43.18,159.9,43.18,1,CE,5,6,2018,25.351180555555555,20.278546736499376,5.072633819056179,High Risk
61.8,16.19,61.8,16.19,1,RJ,11,0,2017,22.129236111111112,20.40381811019652,1.7254180009145905,High Risk
298.0,27.37,298.0,27.37,1,CE,11,0,2017,24.88422453703704,21.712477236175854,3.1717473008611847,High Risk
129.9,36.04,129.9,36.04,1,RJ,3,4,2018,9.987638888888888,24.154496509869155,14.166857620980267,High Risk
29.99,16.79,29.99,16.79,1,MS,12,0,2017,27.92590277777778,21.02914774330278,6.8967550344749995,High Risk
1850.0,48.27,1850.0,48.27,1,PB,1,6,2018,11.75795138888889,29.85940227348585,18.101450884596957,High Risk
29.0,21.15,29.0,21.15,1,RN,2,3,2018,6.199502314814815,21.349821045357263,15.150318730542448,High Risk
13.65,22.06,13.65,22.06,1,BA,4,1,2018,27.081782407407406,21.223670591439696,5.85811181596771,High Risk
108.0,17.33,108.0,17.33,1,RS,2,1,2018,10.426782407407407,21.349821045357263,10.923038637949857,High Risk
199.0,38.94,199.0,38.94,1,GO,11,0,2017,10.464560185185185,22.535730322127037,12.071170136941852,High Risk
78.0,19.24,78.0,19.24,1,CE,3,3,2018,40.29855324074074,27.115433367363075,13.183119873377663,High Risk
89.99,54.9,89.99,54.9,1,RS,11,4,2017,17.331631944444446,22.857618760474423,5.525986816029977,High Risk
148.0,23.62,148.0,23.62,1,RJ,3,5,2018,28.475046296296295,26.253907372794302,2.221138923501993,High Risk
314.9,20.08,314.9,20.08,1,SC,3,1,2018,35.74814814814815,21.349821045357263,14.398327102790883,High Risk
59.0,19.65,59.0,19.65,1,MT,12,5,2017,30.709756944444443,21.796920059960126,8.912836884484317,High Risk
13.5,15.23,13.5,15.23,1,RS,3,3,2018,40.07927083333333,21.269407490544424,18.80986334278891,High Risk
72.99,16.76,72.99,16.76,1,RS,2,3,2018,22.23650462962963,21.349821045357263,0.8866835842723653,High Risk
191.8,62.64,95.9,31.32,2,BA,3,0,2018,21.12707175925926,21.854048356033157,0.7269765967738984,High Risk
24.99,15.79,24.99,15.79,1,BA,2,1,2018,22.432465277777776,21.269407490544424,1.1630577872333525,High Risk
249.9,19.32,249.9,19.32,1,RJ,11,6,2017,32.54145833333333,21.039984660664572,11.501473672668759,High Risk
21.8,36.46,10.9,18.23,2,GO,3,2,2018,33.133599537037036,21.349821045357263,11.783778491679772,High Risk
45.9,26.89,45.9,26.89,1,CE,12,4,2017,17.14327546296296,22.5996440671869,5.45636860422394,High Risk
71.98,33.2,35.99,16.6,2,RJ,11,4,2017,6.839363425925926,20.706335453809462,13.866972027883536,High Risk
149.9,23.59,149.9,23.59,1,PI,3,3,2018,20.225625,21.507622684691654,1.2819976846916532,High Risk
255.0,28.17,255.0,28.17,1,DF,2,1,2018,14.142256944444444,21.657583120264793,7.5153261758203485,High Risk
50.4,16.79,50.4,16.79,1,MT,2,2,2018,19.067349537037035,21.349821045357263,2.282471508320228,High Risk
109.9,18.02,109.9,18.02,1,RJ,2,0,2018,24.16320601851852,26.151803944221868,1.988597925703349,High Risk
104.49,37.42,104.49,37.42,1,DF,3,1,2018,14.533368055555556,21.819913114158197,7.286545058602641,High Risk
109.9,14.53,109.9,14.53,1,DF,2,4,2017,18.871979166666666,34.94764788006154,16.075668713394872,High Risk
139.0,23.55,139.0,23.55,1,RJ,3,3,2018,25.95375,25.95967392430622,0.00592392430622013,High Risk
57.0,17.11,57.0,17.11,1,BA,3,2,2018,20.362604166666667,21.349821045357263,0.9872168786905959,High Risk
59.9,24.55,59.9,24.55,1,BA,4,2,2018,15.683946759259259,24.59447936810777,8.910532608848511,High Risk
35.9,15.1,35.9,15.1,1,SC,2,3,2018,39.473900462962966,21.269407490544424,18.204492972418542,High Risk
120.0,17.41,120.0,17.41,1,MT,12,1,2017,21.45087962962963,21.221432307230625,0.2294473223990039,High Risk
17.9,18.23,17.9,18.23,1,SC,3,4,2018,17.12488425925926,21.349821045357263,4.224936786098002,High Risk
1149.65,16.79,1149.65,16.79,1,RJ,2,3,2018,8.056030092592593,26.4709974647633,18.414967372170707,High Risk
235.0,48.57,235.0,48.57,1,PE,1,5,2018,11.186863425925926,23.819050153040507,12.632186727114581,High Risk
129.0,18.15,129.0,18.15,1,RJ,12,6,2017,18.005601851851853,22.084225835014927,4.078623983163073,High Risk
99.99,17.95,99.99,17.95,1,RJ,12,1,2017,12.790659722222221,21.485085675800605,8.694425953578383,High Risk
59.9,19.66,59.9,19.66,1,MS,2,1,2018,20.276631944444443,21.349821045357263,1.0731891009128205,High Risk
76.8,53.78,38.4,26.89,2,CE,2,3,2018,22.386122685185185,27.225316553632506,4.839193868447321,High Risk
12.25,21.15,12.25,21.15,1,MA,2,6,2018,33.80869212962963,22.380718022902375,11.427974106727252,High Risk
88.9,42.65,88.9,42.65,1,RO,2,1,2018,27.560358796296295,21.923899060183068,5.636459736113228,High Risk
59.9,35.74,59.9,35.74,1,BA,11,2,2017,15.018587962962963,22.08029541309593,7.061707450132966,High Risk
144.41,26.29,144.41,26.29,1,DF,2,1,2018,21.865185185185187,21.403976102311564,0.46120908287362283,High Risk
190.83,16.09,190.83,16.09,1,RJ,11,2,2017,26.165150462962963,20.337355579452012,5.8277948835109505,High Risk
69.0,19.72,69.0,19.72,1,RJ,12,2,2017,28.329525462962962,21.532552961040714,6.796972501922248,High Risk
39.99,18.23,39.99,18.23,1,ES,3,3,2018,27.799583333333334,21.349821045357263,6.449762287976071,High Risk
60.0,16.18,60.0,16.18,1,RS,2,5,2018,17.804363425925924,21.349821045357263,3.545457619431339,High Risk
19.99,15.1,19.99,15.1,1,DF,2,3,2018,11.2746875,21.269407490544424,9.994719990544423,High Risk
147.98,155.08,73.99,77.54,2,RJ,3,5,2018,20.22835648148148,24.636185605813925,4.407829124332444,High Risk
1200.0,50.81,1200.0,50.81,1,PA,8,2,2017,16.053645833333334,26.444854595580267,10.391208762246933,High Risk
149.9,19.59,149.9,19.59,1,MA,2,4,2018,19.23695601851852,22.35376230762337,3.1168062891048507,High Risk
149.9,23.92,149.9,23.92,1,BA,2,4,2018,23.66548611111111,21.42448061620587,2.2410054949052416,High Risk
122.99,51.36,122.99,51.36,1,RN,3,2,2018,18.96935185185185,21.964784638085426,2.9954327862335752,High Risk
159.8,82.42,79.9,41.21,2,BA,11,3,2017,15.082372685185184,22.092046877190565,7.009674192005381,High Risk
89.0,21.42,89.0,21.42,1,AL,9,2,2017,29.575405092592593,25.535090655685117,4.040314436907476,High Risk
106.9,21.55,106.9,21.55,1,SE,2,4,2018,16.933101851851852,21.349821045357263,4.416719193505411,High Risk
415.37,38.23,415.37,38.23,1,RN,11,0,2017,15.506782407407407,22.53912213558631,7.032339728178904,High Risk
49.9,17.6,49.9,17.6,1,RJ,2,1,2018,31.97125,25.70270763594126,6.268542364058742,High Risk
199.0,19.27,199.0,19.27,1,SC,3,5,2018,34.56175925925926,21.349821045357263,13.211938213901998,High Risk
240.0,33.2,120.0,16.6,2,RS,12,0,2017,16.935335648148147,21.164824180668305,4.229488532520158,High Risk
250.0,16.5,250.0,16.5,1,RS,12,1,2017,23.24045138888889,21.320626543933535,1.9198248449553539,High Risk
159.8,42.6,79.9,21.3,2,PA,11,3,2017,21.015949074074076,22.133013968943118,1.117064894869042,High Risk
48.9,18.23,48.9,18.23,1,MS,3,1,2018,35.93032407407407,21.349821045357263,14.580503028716809,High Risk
51.9,16.12,51.9,16.12,1,GO,11,4,2017,24.586458333333333,20.918486987144558,3.667971346188775,High Risk
199.99,17.97,199.99,17.97,1,RS,11,5,2017,30.82849537037037,20.84359772193228,9.98489764843809,High Risk
28.9,19.95,28.9,19.95,1,ES,3,1,2018,14.20863425925926,21.349821045357263,7.141186786098004,High Risk
109.9,16.74,109.9,16.74,1,RJ,3,3,2018,6.83556712962963,26.037752012418373,19.202184882788742,High Risk
299.9,31.51,299.9,31.51,1,PB,2,5,2018,11.07494212962963,21.82466451968718,10.74972239005755,High Risk
79.0,17.8,79.0,17.8,1,RJ,12,1,2017,22.045300925925925,21.643593170746055,0.4017077551798707,High Risk
129.0,58.76,129.0,58.76,1,RJ,3,2,2018,26.579930555555556,24.34268039697282,2.237250158582736,High Risk
49.9,19.32,49.9,19.32,1,DF,3,5,2018,32.01266203703704,21.349821045357263,10.662840991679776,High Risk
34.99,15.23,34.99,15.23,1,DF,3,1,2018,8.15130787037037,21.269407490544424,13.118099620174053,High Risk
49.9,37.9,49.9,37.9,1,PI,2,2,2018,16.37704861111111,22.00704112866885,5.6299925175577386,High Risk
19.9,14.52,19.9,14.52,1,MG,10,1,2016,8.709305555555556,27.32247543768976,18.613169882134205,High Risk
44.88,45.94,44.88,45.94,1,PE,2,3,2018,17.76853009259259,21.923899060183068,4.155368967590476,High Risk
152.76,42.04,76.38,21.02,2,RJ,11,0,2017,29.926886574074075,20.93663876312212,8.990247810951956,High Risk
619.0,20.77,619.0,20.77,1,BA,12,1,2017,16.658784722222222,21.362232526829533,4.703447804607311,High Risk
61.99,16.19,61.99,16.19,1,GO,12,1,2017,15.388831018518518,21.185661600901074,5.796830582382556,High Risk
19.9,15.23,19.9,15.23,1,DF,3,0,2018,9.587997685185185,21.269407490544424,11.68140980535924,High Risk
147.2,18.91,147.2,18.91,1,GO,3,1,2018,16.227847222222223,21.349821045357263,5.12197382313504,High Risk
115.0,21.3,115.0,21.3,1,GO,2,5,2018,24.96847222222222,21.349821045357263,3.618651176864958,High Risk
104.9,16.98,104.9,16.98,1,RJ,11,3,2017,34.372627314814814,20.41836151225174,13.954265802563075,High Risk
24.5,26.89,24.5,26.89,1,MT,3,5,2018,25.416493055555556,21.48249695957034,3.933996095985215,High Risk
429.0,38.36,429.0,38.36,1,MA,2,6,2018,22.279328703703705,23.95197076612444,1.672642062420735,High Risk
36.79,37.04,36.79,37.04,1,PA,5,5,2018,20.074456018518518,22.98534325621875,2.9108872377002335,High Risk
539.9,18.53,539.9,18.53,1,RJ,2,2,2018,20.012291666666666,26.61745902129638,6.605167354629714,High Risk
98.44,22.4,98.44,22.4,1,RJ,3,0,2018,14.633680555555555,25.700823992348155,11.0671434367926,High Risk
149.99,40.38,149.99,40.38,1,RJ,12,1,2017,45.43876157407407,23.569652852642452,21.86910872143162,High Risk
147.0,86.46000000000001,49.0,28.820000000000004,3,CE,11,0,2017,17.676064814814815,21.835894042774726,4.159829227959911,High Risk
21.99,15.1,21.99,15.1,1,RS,2,6,2018,25.94019675925926,21.296363205823422,4.643833553435837,High Risk
29.9,37.49,29.9,37.49,1,MT,3,3,2018,25.71792824074074,21.88260840997394,3.8353198307667995,High Risk
83.9,28.99,83.9,28.99,1,RS,12,1,2017,15.861226851851852,22.37951104455353,6.51828419270168,High Risk
30.21,17.6,30.21,17.6,1,SC,2,5,2018,26.79228009259259,21.349821045357263,5.442459047235328,High Risk
619.65,20.78,619.65,20.78,1,GO,2,4,2018,12.202280092592593,21.349821045357263,9.14754095276467,High Risk
67.7,15.22,67.7,15.22,1,SC,3,4,2018,17.25172453703704,21.269407490544424,4.017682953507386,High Risk
139.99,19.95,139.99,19.95,1,RS,3,0,2018,7.491377314814815,21.349821045357263,13.858443730542447,High Risk
69.9,38.04,69.9,38.04,1,RN,11,4,2017,34.33091435185185,22.2519525704364,12.078961781415451,High Risk
998.0,45.46,499.0,22.73,2,MG,12,2,2017,21.001296296296296,22.593580274709584,1.5922839784132883,High Risk
129.9,18.79,129.9,18.79,1,ES,3,1,2018,9.30726851851852,21.349821045357263,12.042552526838744,High Risk
49.0,21.15,49.0,21.15,1,TO,12,1,2017,30.48556712962963,21.816461350222212,8.669105779407417,High Risk
64.02,17.73,64.02,17.73,1,BA,12,2,2017,9.465011574074074,21.39209138028856,11.927079806214484,High Risk
99.99,16.67,99.99,16.67,1,RJ,3,0,2018,16.0540625,25.990738877212596,9.936676377212596,High Risk
19.9,15.1,19.9,15.1,1,RJ,2,0,2018,23.91633101851852,25.14254005339725,1.2262090348787318,High Risk
119.99,53.22,119.99,53.22,1,BA,11,3,2017,42.83849537037037,22.759422598097352,20.079072772273015,High Risk
200.36,16.28,200.36,16.28,1,RJ,3,3,2018,43.08530092592593,26.41792558530942,16.66737534061651,High Risk
37.0,16.79,37.0,16.79,1,BA,11,3,2017,7.074641203703703,20.2499723796112,13.175331175907498,High Risk
171.0,15.95,171.0,15.95,1,MS,2,2,2018,16.10673611111111,21.269407490544424,5.162671379433313,High Risk
299.5,144.1,59.9,28.82,5,PA,10,3,2017,25.088217592592592,21.01344300977064,4.074774582821952,High Risk
35.0,26.89,35.0,26.89,1,PA,9,0,2017,24.09696759259259,21.385213877412106,2.7117537151804854,High Risk
235.0,59.82,235.0,59.82,1,RN,1,3,2018,7.583634259259259,25.21869751379211,17.635063254532852,High Risk
109.9,23.35,109.9,23.35,1,DF,3,1,2018,16.45224537037037,21.42448061620587,4.972235245835499,High Risk
79.99,15.31,79.99,15.31,1,RJ,2,0,2018,16.976458333333333,25.45942317396797,8.482964840634637,High Risk
109.99,52.9,109.99,52.9,1,MA,3,0,2018,22.623310185185186,23.278821357891783,0.6555111727065963,High Risk
53.9,21.35,53.9,21.35,1,GO,3,6,2018,23.07111111111111,21.37677676063626,1.6943343504748505,High Risk
64.9,27.83,64.9,27.83,1,SC,12,6,2017,24.82002314814815,21.088568320769323,3.731454827378826,High Risk
59.9,17.99,59.9,17.99,1,BA,11,6,2017,13.034375,21.05251536066795,8.01814036066795,High Risk
4.9,16.05,4.9,16.05,1,DF,3,5,2017,13.553680555555555,21.253565830088654,7.699885274533099,High Risk
49.0,17.67,49.0,17.67,1,RJ,11,4,2017,14.14638888888889,21.55374850364009,7.407359614751201,High Risk
259.89,16.7,259.89,16.7,1,RJ,3,5,2018,9.371400462962963,26.4709974647633,17.099597001800337,High Risk
59.9,16.99,59.9,16.99,1,RJ,11,6,2017,8.795162037037038,21.280860191852398,12.48569815481536,High Risk
27.99,15.1,27.99,15.1,1,ES,3,6,2018,37.01519675925926,21.296363205823422,15.71883355343584,High Risk
16.9,34.15,16.9,34.15,1,MA,12,1,2017,21.458182870370372,23.83296995356019,2.374787083189819,High Risk
39.98,48.96,19.99,24.48,2,MA,3,5,2018,20.18021990740741,22.555171938568133,2.374952031160724,High Risk
65.9,15.34,65.9,15.34,1,RS,3,2,2018,22.496064814814815,21.269407490544424,1.2266573242703913,High Risk
122.0,92.1,122.0,92.1,1,RJ,12,1,2017,14.235127314814815,23.492748678964976,9.257621364150161,High Risk
279.99,19.4,279.99,19.4,1,RJ,2,3,2018,16.864097222222224,26.61745902129638,9.753361799074156,High Risk
249.9,191.72,249.9,191.72,1,PB,1,6,2018,24.90940972222222,27.8866992473588,2.9772895251365767,High Risk
59.99,23.0,59.99,23.0,1,SC,3,4,2018,24.336944444444445,21.42448061620587,2.9124638282385753,High Risk
229.0,17.04,229.0,17.04,1,ES,2,5,2018,14.90045138888889,21.349821045357263,6.449369656468374,High Risk
158.0,41.2,79.0,20.6,2,BA,4,1,2017,7.614502314814815,33.17151877429409,25.55701645947928,High Risk
34.9,26.43,34.9,26.43,1,RJ,3,2,2018,43.64523148148148,24.491137675179807,19.154093806301674,High Risk
56.99,25.68,56.99,25.68,1,PA,1,0,2018,23.842685185185186,23.456233069825586,0.38645211535959945,High Risk
99.8,19.39,99.8,19.39,1,BA,4,5,2018,21.090833333333332,24.920315998461536,3.8294826651282037,High Risk
37.99,14.1,37.99,14.1,1,RJ,2,0,2018,8.348229166666666,30.39911765557625,22.050888488909585,High Risk
49.0,17.64,49.0,17.64,1,SC,11,6,2017,23.808599537037036,20.70062050952926,3.1079790275077777,High Risk
50.99,22.07,50.99,22.07,1,BA,4,3,2018,27.00267361111111,21.98584098564913,5.01683262546198,High Risk
99.9,26.44,99.9,26.44,1,MA,3,4,2017,14.254143518518518,20.31106666707726,6.056923148558742,High Risk
145.98,46.18,72.99,23.09,2,RJ,3,3,2018,40.08108796296296,23.522510884911345,16.558577078051616,High Risk
89.9,17.88,89.9,17.88,1,ES,11,6,2017,24.724074074074075,20.90015096318517,3.823923110888906,High Risk
199.0,16.14,199.0,16.14,1,DF,2,4,2018,21.34613425925926,21.324767438557174,0.02136682070208451,High Risk
49.99,21.15,49.99,21.15,1,BA,11,3,2017,42.055729166666666,21.2852555039835,20.770473662683166,High Risk
699.0,22.14,699.0,22.14,1,MG,12,5,2017,25.620046296296298,27.690878847289888,2.0708325509935896,High Risk
18.0,15.1,18.0,15.1,1,RJ,2,6,2018,16.374328703703704,25.15110446577178,8.776775762068077,High Risk
69.9,20.06,69.9,20.06,1,RJ,3,0,2018,33.08011574074074,25.782904388722997,7.29721135201774,High Risk
64.99,16.21,64.99,16.21,1,RS,12,5,2017,24.299907407407407,21.930563224269413,2.3693441831379936,High Risk
69.2,31.13,69.2,31.13,1,RJ,3,4,2018,17.122546296296296,24.44770518559929,7.325158889302994,High Risk
89.99,36.86,89.99,36.86,1,CE,4,0,2017,25.954108796296296,39.506097159490444,13.551988363194148,High Risk
399.99,19.05,399.99,19.05,1,RJ,11,2,2017,8.87287037037037,20.23452649547978,11.36165612510941,High Risk
135.0,121.22,135.0,121.22,1,RS,12,6,2017,43.76554398148148,22.99327170048713,20.772272280994347,High Risk
49.0,16.79,49.0,16.79,1,BA,12,0,2017,15.867314814814815,21.21285446188042,5.345539647065603,High Risk
75.0,16.5,75.0,16.5,1,RJ,3,6,2018,9.394525462962964,25.622807131742803,16.22828166877984,High Risk
47.5,26.61,47.5,26.61,1,MA,1,1,2017,13.835601851851852,20.500416128624543,6.664814276772692,High Risk
99.9,25.15,99.9,25.15,1,MT,2,0,2018,18.027824074074076,21.431037057845465,3.4032129837713896,High Risk
160.0,62.92,160.0,62.92,1,BA,3,4,2018,21.257361111111113,22.232336849356976,0.9749757382458633,High Risk
809.1,44.29,809.1,44.29,1,AL,4,3,2017,46.42774305555555,20.17880637844929,26.24893667710626,High Risk
99.9,17.95,99.9,17.95,1,RJ,11,6,2017,56.82269675925926,21.194642475091644,35.62805428416762,High Risk
13.7,14.1,13.7,14.1,1,RJ,12,4,2017,26.182800925925925,20.297204678881094,5.88559624704483,High Risk
246.62,28.27,246.62,28.27,1,CE,11,4,2017,10.477685185185186,22.01241613110577,11.534730945920584,High Risk
41.8,16.79,41.8,16.79,1,BA,2,0,2018,38.11472222222222,21.349821045357263,16.764901176864957,High Risk
59.9,18.96,59.9,18.96,1,ES,12,4,2017,16.53875,21.519562131524122,4.980812131524122,High Risk
39.99,21.19,39.99,21.19,1,RJ,2,0,2018,56.87486111111111,25.61018697466774,31.264674136443368,High Risk
80.0,25.11,80.0,25.11,1,RN,1,1,2018,16.49443287037037,20.652579354907292,4.158146484536921,High Risk
69.8,39.71,34.9,19.855,2,BA,4,3,2018,46.22761574074074,21.690785337139673,24.536830403601066,High Risk
1698.99,84.71,1698.99,84.71,1,PR,12,1,2017,22.929270833333334,35.41282924710513,12.483558413771796,High Risk
149.9,98.02,149.9,98.02,1,GO,11,2,2017,15.76818287037037,23.06893775151677,7.3007548811464,High Risk
79.0,24.55,79.0,24.55,1,PB,4,1,2017,42.129884259259256,23.6856333837672,18.444250875492056,High Risk
549.0,61.63,549.0,61.63,1,SC,11,4,2017,32.547847222222224,22.608742841810535,9.939104380411688,High Risk
24.5,25.63,24.5,25.63,1,PE,12,3,2017,18.891365740740742,21.74585436746828,2.8544886267275373,High Risk
2029.0,121.22,2029.0,121.22,1,RS,11,3,2017,8.063541666666667,25.294799776188274,17.231258109521605,High Risk
52.0,17.61,52.0,17.61,1,SC,11,4,2017,13.358125,20.509283698385484,7.151158698385485,High Risk
349.0,17.19,349.0,17.19,1,SC,2,3,2018,27.041909722222222,21.349821045357263,5.692088676864959,High Risk
99.99,18.28,99.99,18.28,1,MS,3,5,2018,11.037430555555556,21.349821045357263,10.312390489801707,High Risk
99.0,16.45,99.0,16.45,1,RJ,2,4,2018,28.53767361111111,25.65248366732659,2.885189943784521,High Risk
54.99,24.93,54.99,24.93,1,AL,7,0,2017,36.152256944444446,21.46413596533425,14.688120979110195,High Risk
47.49,19.32,47.49,19.32,1,GO,3,2,2018,20.07613425925926,21.349821045357263,1.2736867860980041,High Risk
59.9,16.18,59.9,16.18,1,GO,12,4,2017,21.35990740740741,21.8254116220113,0.46550421460388947,High Risk
59.9,37.97,59.9,37.97,1,AL,11,3,2017,21.932546296296298,22.240218046439384,0.30767175014308634,High Risk
659.0,42.13,659.0,42.13,1,RJ,12,5,2017,59.17075231481481,22.86521250178614,36.30553981302867,High Risk
54.99,21.18,54.99,21.18,1,RO,2,1,2018,16.34232638888889,21.349821045357263,5.007494656468374,High Risk
989.0,21.8,989.0,21.8,1,RJ,3,0,2018,38.18827546296296,26.515936681976243,11.67233878098672,High Risk
182.0,23.85,182.0,23.85,1,RJ,3,1,2018,31.207997685185184,26.253907372794302,4.954090312390882,High Risk
25.05,25.63,25.05,25.63,1,PE,2,2,2018,50.055925925925926,21.466671398127303,28.589254527798623,High Risk
108.0,16.52,108.0,16.52,1,RS,2,6,2018,25.748564814814817,21.37677676063626,4.371788054178555,High Risk
26.0,18.23,26.0,18.23,1,ES,3,3,2018,21.270995370370372,21.349821045357263,0.07882567498689141,High Risk
120.0,49.37,120.0,49.37,1,RJ,11,4,2017,32.87436342592593,22.39381767147311,10.48054575445282,High Risk
1437.0,42.51,1437.0,42.51,1,CE,11,5,2017,23.373055555555556,22.56807884355106,0.8049767120044962,High Risk
175.0,37.92,175.0,37.92,1,TO,3,6,2018,33.82364583333333,21.923899060183068,11.899746773150262,High Risk
54.0,16.82,54.0,16.82,1,BA,2,1,2018,27.22797453703704,21.349821045357263,5.878153491679775,High Risk
149.99,40.38,149.99,40.38,1,RJ,12,2,2017,16.290983796296295,23.460022620421018,7.169038824124723,High Risk
220.0,33.99,220.0,33.99,1,CE,1,2,2018,20.34665509259259,24.02108749154668,3.674432398954089,High Risk
1499.99,55.24,1499.99,55.24,1,RJ,2,0,2018,4.2806597222222225,27.826929242974995,23.546269520752773,High Risk
709.9,33.37,709.9,33.37,1,MT,11,0,2017,24.467685185185186,21.00709321675535,3.460591968429835,High Risk
27.9,15.1,27.9,15.1,1,DF,2,5,2018,20.516631944444445,21.269407490544424,0.7527755460999792,High Risk
33.9,18.23,33.9,18.23,1,RJ,3,6,2018,11.041030092592592,25.682032778404096,14.641002685811504,High Risk
179.98,35.76,89.99,17.88,2,GO,2,0,2018,17.841157407407408,21.349821045357263,3.508663637949855,High Risk
39.9,17.78,39.9,17.78,1,BA,4,1,2017,28.217280092592592,48.87011424640869,20.652834153816098,High Risk
32.9,49.09,32.9,49.09,1,RJ,9,0,2017,7.374664351851852,28.722799713638004,21.348135361786152,High Risk
74.99,23.1,74.99,23.1,1,SC,3,0,2018,20.749537037037037,21.42448061620587,0.6749435791688327,High Risk
493.24,56.54,246.62,28.27,2,RJ,11,1,2017,8.81773148148148,21.07459370733661,12.25686222585513,High Risk
15.99,22.93,15.99,22.93,1,SC,3,6,2018,9.472268518518518,21.509073258239013,12.036804739720495,High Risk
149.9,27.59,149.9,27.59,1,RJ,2,1,2018,34.15946759259259,24.89287074881409,9.266596843778501,High Risk
109.97,59.78,109.97,59.78,1,RJ,3,1,2018,34.006840277777776,24.416083019606294,9.590757258171482,High Risk
99.0,17.94,99.0,17.94,1,RJ,11,2,2017,25.682152777777777,20.442698816520306,5.239453961257471,High Risk
49.99,26.89,49.99,26.89,1,CE,11,5,2017,25.633645833333333,23.753921571149366,1.8797242621839665,High Risk
104.0,27.05,104.0,27.05,1,RJ,2,1,2018,10.329641203703703,24.730204567705947,14.400563364002243,High Risk
29.99,22.06,29.99,22.06,1,BA,3,2,2018,29.21209490740741,21.363143446990698,7.8489514604167105,High Risk
289.0,16.77,289.0,16.77,1,AL,11,4,2017,16.664699074074075,20.767580578165415,4.102881504091339,High Risk
99.98,28.2,49.99,14.1,2,RJ,1,0,2018,7.021851851851852,21.993061943591172,14.97121009173932,High Risk
75.99,21.02,75.99,21.02,1,RJ,12,0,2017,31.176354166666666,22.246892375402254,8.929461791264412,High Risk
58.0,16.17,58.0,16.17,1,RJ,2,5,2018,18.09517361111111,25.65248366732659,7.557310056215478,High Risk
79.9,26.88,79.9,26.88,1,GO,2,3,2018,18.3121875,21.48249695957034,3.1703094595703405,High Risk
499.0,169.19,249.5,84.595,2,BA,5,2,2018,20.835983796296297,22.419312952756215,1.583329156459918,High Risk
49.9,15.79,49.9,15.79,1,MT,2,1,2018,17.194560185185185,21.269407490544424,4.0748473053592384,High Risk
104.49,15.48,104.49,15.48,1,RS,2,5,2018,41.79113425925926,21.269407490544424,20.521726768714835,High Risk
210.0,52.69,210.0,52.69,1,PA,1,6,2018,23.414131944444446,26.07869404350767,2.6645620990632253,High Risk
49.9,17.6,49.9,17.6,1,RJ,12,5,2017,31.406493055555554,22.192323215927818,9.214169839627736,High Risk
169.9,20.43,169.9,20.43,1,BA,12,5,2017,50.98859953703704,22.071457409758388,28.91714212727865,High Risk
120.0,20.0,120.0,20.0,1,RS,2,5,2018,17.30611111111111,21.349821045357263,4.043709934246152,High Risk
750.0,68.4,750.0,68.4,1,PR,3,1,2018,8.138252314814816,20.1606258328986,12.022373518083784,High Risk
149.9,23.37,149.9,23.37,1,DF,2,3,2018,19.646840277777777,21.42448061620587,1.7776403384280925,High Risk
59.9,17.13,59.9,17.13,1,RJ,3,0,2018,8.153935185185185,25.823862104803435,17.66992691961825,High Risk
69.99,11.1,69.99,11.1,1,SP,2,3,2017,11.98412037037037,21.809162103846433,9.825041733476063,High Risk
159.0,35.63,159.0,35.63,1,BA,11,3,2017,15.572986111111112,22.360318257538733,6.787332146427621,High Risk
24.99,15.1,24.99,15.1,1,RJ,12,1,2017,10.6390625,20.83047934425984,10.19141684425984,High Risk
29.9,25.19,29.9,25.19,1,RJ,9,3,2017,12.026296296296296,22.55396676580631,10.527670469510015,High Risk
199.9,51.9,199.9,51.9,1,CE,5,5,2018,15.944965277777778,20.83529387436524,4.890328596587464,High Risk
94.0,17.1,94.0,17.1,1,BA,9,2,2017,23.06255787037037,20.29496587608513,2.7675919942852403,High Risk
53.9,25.21,53.9,25.21,1,BA,4,6,2018,21.89582175925926,20.949679867697768,0.9461418915614921,High Risk
98.9,52.82,98.9,52.82,1,GO,3,5,2018,16.9546875,22.07524358939293,5.120556089392931,High Risk
179.38,35.06,179.38,35.06,1,PA,1,6,2018,18.790590277777778,23.616442592228346,4.825852314450568,High Risk
209.8,55.85000000000001,69.93333333333334,18.61666666666667,3,RS,12,2,2017,20.86224537037037,21.145745267083235,0.2834998967128648,High Risk
122.99,14.61,122.99,14.61,1,RJ,2,2,2018,12.432708333333334,20.27033702244087,7.837628689107536,High Risk
339.8,41.0,169.9,20.5,2,RS,2,6,2018,18.250497685185184,21.37677676063626,3.1262790754510767,High Risk
244.99,18.82,244.99,18.82,1,RJ,12,6,2017,4.768935185185185,22.596991632399828,17.828056447214642,High Risk
75.0,51.03,75.0,51.03,1,SE,3,3,2018,46.83025462962963,22.36994771468876,24.46030691494087,High Risk
32.5,18.23,32.5,18.23,1,SC,3,1,2018,24.391956018518517,21.349821045357263,3.0421349731612537,High Risk
39.5,16.79,39.5,16.79,1,BA,11,4,2017,27.01542824074074,20.78260675568567,6.232821485055069,High Risk
229.89,54.85,114.945,27.425,2,BA,4,2,2017,15.772048611111112,20.021274871358283,4.2492262602471715,High Risk
102.0,36.03,102.0,36.03,1,AL,9,6,2017,63.9790625,20.483123661096894,43.4959388389031,High Risk
149.0,34.84,149.0,34.84,1,MA,11,4,2017,26.281122685185185,26.329938552091566,0.048815866906380734,High Risk
18.9,16.79,18.9,16.79,1,RJ,3,6,2018,15.532754629629629,25.358995890625966,9.826241260996337,High Risk
52.0,18.97,52.0,18.97,1,BA,4,3,2018,29.77232638888889,20.732134636940227,9.040191751948662,High Risk
44.7,29.51,44.7,29.51,1,RJ,12,1,2017,7.446354166666667,22.27525623949954,14.828902072832875,High Risk
261.0,24.7,261.0,24.7,1,BA,8,0,2017,16.36318287037037,22.178392020472874,5.815209150102504,High Risk
78.9,16.31,78.9,16.31,1,GO,12,0,2017,21.93778935185185,21.185661600901074,0.7521277509507769,High Risk
249.0,49.18,249.0,49.18,1,PI,1,3,2018,10.947407407407407,22.01821946271442,11.070812055307012,High Risk
179.99,27.8,179.99,27.8,1,TO,12,0,2017,11.07037037037037,22.225684954182576,11.155314583812206,High Risk
139.4,32.57,69.7,16.285,2,ES,11,5,2017,10.17130787037037,20.395753999872102,10.224446129501732,High Risk
136.0,19.64,136.0,19.64,1,PA,3,2,2018,22.448020833333334,30.724599942731775,8.27657910939844,High Risk
35.9,18.23,35.9,18.23,1,RJ,3,2,2018,36.08762731481482,25.744118938717467,10.34350837609735,High Risk
193.32,70.47,96.66,35.235,2,PA,12,3,2017,27.65045138888889,23.997538006136587,3.6529133827523026,High Risk
250.0,54.11,250.0,54.11,1,PA,12,3,2017,28.752685185185186,24.86368001742244,3.889005167762747,High Risk
49.9,17.66,49.9,17.66,1,RJ,12,4,2017,41.390914351851855,22.33183361201633,19.059080739835526,High Risk
69.9,25.04,69.9,25.04,1,PE,3,2,2018,15.124456018518519,21.35700746137155,6.23255144285303,High Risk
119.9,18.09,119.9,18.09,1,MS,12,0,2017,22.711064814814815,21.19594456118054,1.5151202536342758,High Risk
42.99,24.84,42.99,24.84,1,RN,3,6,2017,22.107141203703705,24.152443825833497,2.0453026221297925,High Risk
78.0,68.3,39.0,34.15,2,SE,11,3,2017,21.27744212962963,22.306434023680367,1.028991894050737,High Risk
44.9,34.15,44.9,34.15,1,MA,3,4,2018,34.35148148148148,22.70473395415413,11.64674752732735,High Risk
69.0,18.36,69.0,18.36,1,GO,3,2,2018,12.118715277777778,21.349821045357263,9.231105767579486,High Risk
599.0,49.03,599.0,49.03,1,ES,12,1,2017,24.397824074074073,22.74317775717593,1.6546463168981447,High Risk
59.8,17.7,59.8,17.7,1,RS,3,6,2018,11.484016203703703,21.37677676063626,9.892760556932558,High Risk
139.99,38.5,139.99,38.5,1,BA,12,2,2017,33.31924768518518,22.90581574073607,10.413431944449112,High Risk
19.9,42.38,19.9,42.38,1,PI,11,3,2017,22.190497685185186,22.420922087631617,0.23042440244643103,High Risk
169.0,27.5,169.0,27.5,1,RS,2,0,2018,16.152835648148148,21.741534499462986,5.588698851314838,High Risk
40.0,17.6,40.0,17.6,1,RS,12,6,2017,18.10134259259259,21.64402671911609,3.5426841265235005,High Risk
59.0,19.65,59.0,19.65,1,BA,12,0,2017,38.34991898148148,21.33422717517297,17.01569180630851,High Risk
89.9,38.18,89.9,38.18,1,AL,11,1,2017,36.34861111111111,22.368520042208758,13.980091068902354,High Risk
97.9,11.89,97.9,11.89,1,SP,12,0,2017,16.19324074074074,26.537782368083203,10.344541627342462,High Risk
295.0,20.08,295.0,20.08,1,PI,3,0,2018,2.030613425925926,21.349821045357263,19.31920761943134,High Risk
278.98,16.7,278.98,16.7,1,RS,11,4,2017,17.761469907407406,20.767580578165415,3.0061106707580088,High Risk
33.9,23.28,33.9,23.28,1,BA,3,5,2018,31.079664351851854,21.42448061620587,9.655183735645984,High Risk
179.9,21.75,179.9,21.75,1,RJ,12,4,2017,20.477430555555557,22.79624955399233,2.3188189984367717,High Risk
36.9,15.1,36.9,15.1,1,RS,2,5,2018,32.550810185185185,21.269407490544424,11.28140269464076,High Risk
90.0,25.12,90.0,25.12,1,SE,3,6,2017,24.287534722222222,26.535999617330702,2.24846489510848,High Risk
52.18,16.68,52.18,16.68,1,RJ,2,0,2018,9.518402777777778,25.616810702647882,16.098407924870102,High Risk
89.0,27.68,89.0,27.68,1,MA,3,0,2018,36.120868055555555,22.796190327589542,13.324677727966012,High Risk
47.99,15.1,47.99,15.1,1,RJ,12,1,2017,9.184814814814814,20.374657587884954,11.18984277307014,High Risk
325.0,38.96,325.0,38.96,1,CE,3,1,2018,49.531412037037036,28.911600245210057,20.61981179182698,High Risk
34.9,33.24,34.9,33.24,1,PA,8,5,2017,11.293634259259258,20.181809184395362,8.888174925136104,High Risk
279.9,38.65,279.9,38.65,1,PE,3,2,2018,15.160162037037036,21.94148203567081,6.781319998633773,High Risk
110.0,23.35,110.0,23.35,1,RJ,3,4,2018,39.22728009259259,25.977373444912544,13.24990664768005,High Risk
88.0,17.87,88.0,17.87,1,RJ,12,5,2017,35.15833333333333,22.364406542485757,12.793926790847575,High Risk
56.0,17.96,56.0,17.96,1,BA,11,4,2017,11.983958333333334,20.934889553042982,8.950931219709648,High Risk
234.99,22.44,234.99,22.44,1,PB,2,4,2018,13.215196759259259,21.380726422478443,8.165529663219184,High Risk
95.0,21.62,95.0,21.62,1,RJ,3,2,2018,30.42997685185185,25.782904388722997,4.647072463128854,High Risk
29.99,24.84,29.99,24.84,1,CE,4,1,2017,23.839016203703704,28.277401012424463,4.438384808720759,High Risk
279.0,34.4,279.0,34.4,1,CE,2,5,2018,18.142002314814814,28.727986649339954,10.58598433452514,High Risk
538.9,24.17,538.9,24.17,1,TO,2,0,2018,36.324814814814815,21.442063591693614,14.8827512231212,High Risk
19.9,15.79,19.9,15.79,1,BA,2,0,2018,11.757199074074075,21.269407490544424,9.512208416470349,High Risk
450.0,16.9,450.0,16.9,1,RS,2,5,2018,53.903391203703706,21.349821045357263,32.553570158346446,High Risk
192.99,70.23,192.99,70.23,1,RS,2,1,2018,36.83146990740741,22.24991982484472,14.58155008256269,High Risk
174.0,42.2,87.0,21.1,2,SC,11,0,2017,9.01357638888889,20.454572276965635,11.440995888076746,High Risk
249.0,84.44,249.0,84.44,1,BA,5,4,2018,31.100347222222222,20.882275924135307,10.218071298086915,High Risk
185.0,45.75,185.0,45.75,1,RJ,12,4,2017,16.97170138888889,23.59831324539169,6.626611856502802,High Risk
25.8,28.2,12.9,14.1,2,RJ,1,6,2018,2.1392824074074075,21.711011615044132,19.571729207636725,High Risk
399.9,75.52,399.9,75.52,1,BA,2,6,2018,18.065729166666667,22.24991982484472,4.1841906581780535,High Risk
550.0,19.82,550.0,19.82,1,RS,3,0,2018,23.6878125,21.349821045357263,2.3379914546427365,High Risk
159.9,28.5,159.9,28.5,1,RJ,11,4,2017,18.949953703703702,21.942230358146354,2.9922766544426516,High Risk
174.9,40.21,174.9,40.21,1,CE,2,0,2018,71.97123842592593,29.16272654065334,42.808511885272594,High Risk
279.0,64.35,279.0,64.35,1,PE,11,4,2017,41.322546296296295,23.07397193561158,18.248574360684714,High Risk
24.07,15.23,24.07,15.23,1,RS,3,5,2018,16.127708333333334,21.269407490544424,5.1416991572110895,High Risk
39.99,25.63,39.99,25.63,1,PE,11,0,2017,16.876712962962962,21.180638486687034,4.303925523724072,High Risk
23.9,24.35,23.9,24.35,1,CE,2,3,2017,6.979050925925926,26.140134274470565,19.16108334854464,High Risk
219.0,40.46,219.0,40.46,1,RJ,2,3,2018,14.182824074074073,24.397840247114065,10.215016173039992,High Risk
79.9,18.44,79.9,18.44,1,RJ,3,3,2018,13.183460648148149,25.884426728043135,12.700966079894986,High Risk
80.9,25.85,80.9,25.85,1,DF,2,3,2018,17.077083333333334,21.403976102311564,4.3268927689782295,High Risk
129.9,27.38,129.9,27.38,1,SE,4,1,2017,23.767974537037038,22.63108736643429,1.1368871706027477,High Risk
949.9,29.52,949.9,29.52,1,RJ,11,1,2017,36.0008912037037,21.21264182180477,14.788249381898932,High Risk
209.99,18.72,209.99,18.72,1,RJ,11,6,2017,30.1996875,21.02894696460287,9.17074053539713,High Risk
47.5,62.15,47.5,62.15,1,BA,3,2,2018,19.03761574074074,22.562425960225934,3.524810219485193,High Risk
169.9,21.68,169.9,21.68,1,RJ,11,4,2017,33.408854166666664,22.46929183607376,10.939562330592903,High Risk
199.0,51.89,199.0,51.89,1,BA,5,2,2018,32.951145833333335,21.287368734469343,11.663777098863992,High Risk
122.99,15.61,122.99,15.61,1,SC,2,0,2018,11.174953703703704,21.269407490544424,10.09445378684072,High Risk
49.0,18.23,49.0,18.23,1,SC,3,3,2018,18.07755787037037,21.349821045357263,3.272263174986893,High Risk
27.99,34.15,27.99,34.15,1,MA,12,4,2017,14.076296296296297,23.29654914341864,9.220252847122344,High Risk
210.0,50.0,210.0,50.0,1,RS,2,6,2018,22.045567129629628,21.98236761357317,0.06319951605645713,High Risk
43.9,24.84,43.9,24.84,1,AL,3,1,2017,48.67283564814815,20.509398307999767,28.163437340148384,High Risk
99.99,23.57,99.99,23.57,1,RS,12,2,2017,15.295162037037038,21.998617836660323,6.703455799623285,High Risk
525.0,58.3,525.0,58.3,1,BA,4,6,2017,22.514351851851853,20.708169530438585,1.8061823214132673,High Risk
229.0,106.31,229.0,106.31,1,RJ,11,0,2017,15.186435185185186,23.563574560717072,8.377139375531886,High Risk
52.2,17.62,52.2,17.62,1,RS,2,6,2018,22.27396990740741,21.37677676063626,0.8971931467711478,High Risk
398.0,27.24,398.0,27.24,1,ES,11,1,2017,27.893078703703704,20.98847465516954,6.904604048534164,High Risk
24.99,17.92,24.99,17.92,1,RJ,2,3,2018,15.757094907407408,25.53513398274283,9.778039075335423,High Risk
149.0,40.37,149.0,40.37,1,RJ,2,3,2018,15.501030092592593,24.180291934894047,8.679261842301454,High Risk
51.12,36.46,25.56,18.23,2,RJ,3,4,2018,21.919641203703705,23.457277576190016,1.5376363724863111,High Risk
29.99,16.79,29.99,16.79,1,BA,11,4,2017,28.283530092592592,20.85524444081003,7.428285651782563,High Risk
179.96,53.67,179.96,53.67,1,SE,3,5,2017,20.10015046296296,22.303283241702204,2.203132778739242,High Risk
239.70000000000002,60.150000000000006,79.9,20.05,3,RJ,1,1,2018,11.568668981481482,23.45225116851877,11.88358218703729,High Risk
50.9,16.8,50.9,16.8,1,BA,11,1,2017,10.322280092592592,20.489939977242866,10.167659884650273,High Risk
84.99,16.35,84.99,16.35,1,SC,12,5,2017,25.04939814814815,20.999717200924984,4.049680947223166,High Risk
307.99,69.50999999999999,153.995,34.754999999999995,2,BA,3,5,2018,15.727199074074074,21.914339828673818,6.187140754599744,High Risk
49.0,14.1,49.0,14.1,1,RJ,2,0,2018,43.34935185185185,29.364723923149345,13.984627928702505,High Risk
230.0,26.45,230.0,26.45,1,MS,2,5,2018,53.51592592592593,21.494045333473927,32.021880592452,High Risk
32.9,17.93,32.9,17.93,1,RJ,3,0,2018,9.776342592592593,25.744118938717467,15.967776346124873,High Risk
207.0,46.29,207.0,46.29,1,RJ,2,4,2018,12.22642361111111,24.397840247114065,12.171416636002954,High Risk
73.9,51.02,73.9,51.02,1,BA,3,1,2018,33.98834490740741,22.05221545845094,11.936129448956468,High Risk
149.9,17.62,149.9,17.62,1,RJ,11,1,2017,15.946435185185186,20.393760112518873,4.447324927333687,High Risk
1055.9,27.88,1055.9,27.88,1,SC,2,0,2018,15.146898148148148,23.442052300896485,8.295154152748337,High Risk
89.99,64.05,89.99,64.05,1,RS,11,2,2017,27.415729166666665,22.99723814178597,4.418491024880694,High Risk
99.99,29.1,99.99,29.1,1,DF,2,1,2018,16.166238425925926,21.660843182147783,5.494604756221857,High Risk
85.5,18.48,85.5,18.48,1,RS,3,1,2018,14.378831018518518,21.349821045357263,6.970990026838745,High Risk
127.9,18.15,127.9,18.15,1,RJ,11,4,2017,19.455162037037038,20.887578584093532,1.4324165470564942,High Risk
89.9,23.21,89.9,23.21,1,RJ,3,2,2018,33.15725694444444,25.677586604004233,7.479670340440208,High Risk
82.89,34.54,41.445,17.27,2,GO,3,2,2018,10.42568287037037,21.349821045357263,10.924138174986894,High Risk
74.0,13.08,74.0,13.08,1,SP,11,6,2017,4.93375,23.517549163951674,18.583799163951674,High Risk
225.91,19.15,225.91,19.15,1,GO,3,3,2018,12.539421296296297,21.349821045357263,8.810399749060966,High Risk
86.99,16.37,86.99,16.37,1,SC,12,5,2017,9.250613425925925,20.92688135544198,11.676267929516056,High Risk
69.9,35.85,69.9,35.85,1,AC,3,6,2018,28.960798611111112,21.849790041352353,7.111008569758759,High Risk
119.0,21.63,119.0,21.63,1,PE,12,0,2017,23.15863425925926,22.402839111615165,0.7557951476440934,High Risk
95.0,15.42,95.0,15.42,1,DF,3,5,2018,18.562291666666667,21.269407490544424,2.707115823877757,High Risk
83.7,18.47,83.7,18.47,1,RJ,3,3,2018,32.396875,25.884426728043135,6.512448271956867,High Risk
796.0,64.4,398.0,32.2,2,BA,11,1,2017,22.26013888888889,21.44193907296663,0.8181998159222594,High Risk
78.99,38.6,78.99,38.6,1,CE,4,1,2018,16.260659722222222,22.455411382997553,6.1947516607753315,High Risk
45.9,34.15,45.9,34.15,1,PB,3,5,2018,15.298287037037037,21.80708154419944,6.5087945071624045,High Risk
75.0,21.37,75.0,21.37,1,RJ,2,2,2018,53.86159722222222,25.750494763993412,28.11110245822881,High Risk
137.99,18.54,137.99,18.54,1,RJ,12,5,2017,18.79375,22.35981988648286,3.566069886482861,High Risk
99.9,16.46,99.9,16.46,1,SC,11,5,2017,31.8115625,20.47809510360872,11.333467396391281,High Risk
204.0,29.83,204.0,29.83,1,PE,2,1,2018,12.741296296296296,21.781776815360587,9.04048051906429,High Risk
360.0,96.28,180.0,48.14,2,RN,4,4,2018,52.81763888888889,20.562470966799992,32.255167922088894,High Risk
22.99,18.23,22.99,18.23,1,RS,3,0,2018,19.124861111111112,21.349821045357263,2.224959934246151,High Risk
109.9,37.46,109.9,37.46,1,CE,4,1,2018,14.908668981481481,21.692612647059576,6.783943665578095,High Risk
27.99,24.35,27.99,24.35,1,PE,4,3,2017,21.934525462962963,26.61043225615849,4.6759067931955265,High Risk
135.0,21.44,135.0,21.44,1,RS,11,4,2017,26.769247685185185,21.942276977604216,4.826970707580969,High Risk
19.9,15.1,19.9,15.1,1,SC,2,1,2018,28.420011574074074,21.269407490544424,7.15060408352965,High Risk
1767.8,436.24,883.9,218.12,2,BA,1,4,2018,18.254722222222224,28.93940663153433,10.684684409312105,High Risk
246.62,20.27,246.62,20.27,1,RJ,11,5,2017,19.041435185185186,20.93406613522889,1.8926309500437029,High Risk
23.9,15.1,23.9,15.1,1,RJ,2,2,2018,35.1253125,25.062204868986324,10.063107631013676,High Risk
249.0,43.94,249.0,43.94,1,RJ,12,2,2017,21.016435185185184,23.475825751328806,2.4593905661436217,High Risk
388.0,23.21,388.0,23.21,1,MS,11,2,2017,12.254571759259258,21.224062913613853,8.969491154354595,High Risk
59.9,25.7,59.9,25.7,1,MT,2,2,2018,27.525752314814813,21.466671398127303,6.05908091668751,High Risk
281.99,17.73,281.99,17.73,1,RS,11,0,2017,10.845069444444444,20.444788809401917,9.599719364957473,High Risk
42.0,15.1,42.0,15.1,1,RS,2,1,2018,30.159328703703704,21.269407490544424,8.88992121315928,High Risk
29.5,16.11,29.5,16.11,1,RS,12,3,2017,13.872708333333334,21.102807266821234,7.2300989334879,High Risk
31.9,19.32,31.9,19.32,1,RJ,3,1,2018,28.651296296296298,25.744118938717467,2.9071773575788313,High Risk
186.9,23.02,186.9,23.02,1,BA,4,4,2018,31.745231481481483,20.277679162199078,11.467552319282404,High Risk
59.9,23.35,59.9,23.35,1,BA,4,2,2018,29.27371527777778,27.723449175004717,1.5502661027730618,High Risk
24.99,22.85,24.99,22.85,1,MA,3,6,2018,15.68738425925926,22.49613092864357,6.808746669384311,High Risk
68.9,15.23,68.9,15.23,1,RS,2,1,2018,16.911435185185184,21.269407490544424,4.35797230535924,High Risk
21.99,17.63,21.99,17.63,1,CE,11,4,2017,25.45633101851852,22.75050827635127,2.70582274216725,High Risk
26.9,15.1,26.9,15.1,1,SC,2,4,2018,13.360497685185186,21.269407490544424,7.908909805359238,High Risk
69.9,24.21,69.9,24.21,1,AL,4,1,2017,33.98671296296296,28.503054614986226,5.483658347976736,High Risk
145.9,21.51,145.9,21.51,1,SC,11,2,2017,6.613622685185185,21.202961584326953,14.589338899141769,High Risk
27.99,17.63,27.99,17.63,1,CE,11,5,2017,23.29284722222222,24.569791324993048,1.2769441027708268,High Risk
599.9,23.44,599.9,23.44,1,RS,11,6,2017,16.928657407407407,20.91915077676269,3.990493369355285,High Risk
69.9,16.93,69.9,16.93,1,BA,12,2,2017,8.391539351851852,21.368405066143623,12.97686571429177,High Risk
103.8,51.28,51.9,25.64,2,CE,11,2,2017,16.28304398148148,21.69358073177498,5.410536750293499,High Risk
1054.0,64.05,1054.0,64.05,1,PR,1,3,2018,9.959120370370371,21.26185697897324,11.302736608602867,High Risk
389.0,26.85,389.0,26.85,1,RS,3,0,2018,17.827685185185185,21.500079935058082,3.672394749872897,High Risk
126.9,29.29,126.9,29.29,1,RS,11,2,2017,15.381736111111111,21.731593797974256,6.349857686863144,High Risk
299.8,38.66,149.9,19.33,2,SP,10,1,2016,30.567858796296296,20.001809223299418,10.566049572996878,High Risk
55.0,23.32,55.0,23.32,1,BA,3,4,2018,33.11420138888889,21.42448061620587,11.689720772683017,High Risk
379.0,192.48,379.0,192.48,1,PE,3,3,2018,22.1603125,22.80760394066332,0.6472914406633201,High Risk
557.8,48.02,278.9,24.01,2,PE,3,4,2018,12.296851851851851,21.442063591693614,9.145211739841763,High Risk
324.0,108.24,108.0,36.08,3,PI,2,2,2018,14.666446759259259,22.1910848074739,7.524638048214641,High Risk
56.99,24.89,56.99,24.89,1,MA,3,5,2017,17.072523148148147,20.691938663363644,3.619415515215497,High Risk
19.9,16.11,19.9,16.11,1,RJ,12,2,2017,25.03744212962963,21.353766486883973,3.683675642745655,High Risk
129.0,54.65,129.0,54.65,1,RJ,3,0,2018,22.082835648148148,24.295713585139097,2.2128779369909495,High Risk
61.99,19.12,61.99,19.12,1,PB,3,4,2018,20.390983796296297,21.349821045357263,0.9588372490609665,High Risk
30.1,15.1,30.1,15.1,1,RJ,11,1,2017,37.831550925925924,20.016839206437524,17.8147117194884,High Risk
126.0,77.9,126.0,77.9,1,RJ,11,4,2017,27.221539351851852,23.080312712369388,4.141226639482465,High Risk
31.9,16.79,31.9,16.79,1,BA,11,3,2017,19.672708333333333,20.2499723796112,0.5772640462778682,High Risk
85.0,21.67,85.0,21.67,1,RJ,3,2,2018,9.633611111111112,25.782904388722997,16.149293277611886,High Risk
179.7,45.900000000000006,59.9,15.300000000000002,3,MS,3,1,2018,15.134224537037037,21.269407490544424,6.135182953507387,High Risk
220.0,38.68,220.0,38.68,1,PA,1,6,2018,33.47890046296296,24.78270670356972,8.696193759393243,High Risk
115.0,21.3,115.0,21.3,1,MS,11,3,2017,18.464826388888888,21.789103036606956,3.3242766477180687,High Risk
38.0,30.0,38.0,30.0,1,RJ,10,0,2017,18.00574074074074,25.162363781000185,7.1566230402594435,High Risk
185.9,56.24,92.95,28.12,2,TO,11,6,2017,25.177523148148147,21.373044395490478,3.804478752657669,High Risk
52.0,17.61,52.0,17.61,1,RJ,12,2,2017,37.20866898148148,21.438623925411626,15.770045056069854,High Risk
24.5,15.1,24.5,15.1,1,RJ,12,0,2017,20.876122685185184,20.834858669839814,0.04126401534536939,High Risk
99.0,30.22,99.0,30.22,1,PE,11,0,2017,15.275439814814815,21.829784112620217,6.554344297805402,High Risk
89.99,15.39,89.99,15.39,1,RJ,2,0,2018,19.868113425925927,25.45942317396797,5.591309748042043,High Risk
23.79,15.1,23.79,15.1,1,RS,2,2,2018,12.989710648148149,21.269407490544424,8.279696842396275,High Risk
44.9,34.15,44.9,34.15,1,GO,12,6,2017,29.950405092592593,22.166270510335067,7.784134582257526,High Risk
205.0,16.18,205.0,16.18,1,RS,2,6,2018,23.335451388888888,21.37677676063626,1.958674628252627,High Risk
209.9,17.23,209.9,17.23,1,RJ,2,1,2018,21.771770833333335,26.55689439805668,4.785123564723346,High Risk
89.99,43.0,89.99,43.0,1,ES,11,0,2017,10.794386574074075,22.113278203654122,11.318891629580047,High Risk
38.0,15.1,38.0,15.1,1,RJ,3,4,2018,45.41644675925926,25.271189824960956,20.145256934298303,High Risk
289.9,66.84,289.9,66.84,1,SC,1,4,2018,18.857141203703705,24.773192463270753,5.916051259567048,High Risk
145.0,26.29,145.0,26.29,1,TO,2,2,2018,34.11966435185185,21.466671398127303,12.65299295372455,High Risk
219.99,26.38,219.99,26.38,1,RS,2,4,2018,14.435266203703703,21.494045333473927,7.058779129770224,High Risk
94.99,21.46,94.99,21.46,1,MA,12,3,2017,33.234409722222225,23.466765144465484,9.76764457775674,High Risk
649.0,169.12,649.0,169.12,1,PE,10,2,2016,20.215694444444445,26.883731774982596,6.6680373305381515,High Risk
279.99,19.4,279.99,19.4,1,RJ,12,2,2017,12.031863425925925,21.888600054130688,9.856736628204763,High Risk
359.8,92.14,179.9,46.07,2,BA,5,4,2018,20.98578703703704,20.882275924135307,0.10351111290173165,High Risk
199.9,43.81,199.9,43.81,1,MA,12,0,2017,64.31653935185186,27.862840087817773,36.453699264034086,High Risk
69.9,42.52,69.9,42.52,1,PI,11,2,2017,26.93021990740741,22.44668968722591,4.4835302201815,High Risk
79.99,21.64,79.99,21.64,1,RJ,3,6,2018,18.225752314814816,25.720818228409627,7.495065913594811,High Risk
34.9,34.15,34.9,34.15,1,PA,1,2,2018,20.484768518518518,24.724631762314576,4.239863243796059,High Risk
179.0,51.12,179.0,51.12,1,GO,2,3,2018,11.405185185185186,21.964784638085426,10.55959945290024,High Risk
308.99,85.95,154.495,42.975,2,RJ,1,0,2018,18.768935185185185,22.134302773386793,3.3653675882016074,High Risk
699.99,73.26,699.99,73.26,1,ES,2,6,2018,7.825960648148148,22.24991982484472,14.423959176696574,High Risk
42.9,16.79,42.9,16.79,1,BA,3,6,2018,33.20552083333333,21.37677676063626,11.82874407269707,High Risk
89.99,45.09,89.99,45.09,1,RJ,12,3,2017,15.816666666666666,22.480725073651882,6.664058406985216,High Risk
278.0,109.44,139.0,54.72,2,RJ,3,4,2018,12.074756944444445,24.631728962392614,12.55697201794817,High Risk
198.0,91.98,99.0,45.99,2,SC,12,2,2017,22.2059375,22.163447074292723,0.042490425707278234,High Risk
199.0,19.27,199.0,19.27,1,RJ,3,3,2018,21.32255787037037,26.61745902129638,5.294901150926009,High Risk
59.0,37.96,59.0,37.96,1,MA,12,2,2017,23.743136574074075,25.950684751293487,2.2075481772194117,High Risk
99.9,17.14,99.9,17.14,1,RJ,2,3,2018,97.47015046296296,25.9589427695718,71.51120769339116,High Risk
192.99,56.63,192.99,56.63,1,RJ,2,1,2018,33.74144675925926,24.622766171412053,9.118680587847209,High Risk
19.0,15.1,19.0,15.1,1,RJ,11,1,2017,8.985520833333334,20.01188752059832,11.026366687264987,High Risk
298.0,19.97,298.0,19.97,1,RJ,3,3,2018,34.141921296296296,26.61745902129638,7.524462274999916,High Risk
87.0,25.64,87.0,25.64,1,PI,11,1,2017,22.08707175925926,21.493378496326635,0.593693262932625,High Risk
119.9,25.68,119.9,25.68,1,RS,2,0,2018,20.68488425925926,21.466671398127303,0.7817871388680437,High Risk
119.9,15.85,119.9,15.85,1,SC,3,6,2018,4.160138888888889,21.296363205823422,17.136224316934534,High Risk
138.99,33.85,69.495,16.925,2,MS,3,3,2018,15.901574074074073,21.349821045357263,5.44824697128319,High Risk
119.9,24.22,119.9,24.22,1,RJ,12,0,2017,10.246319444444444,22.11712360219855,11.870804157754106,High Risk
55.0,24.39,55.0,24.39,1,PA,3,0,2017,8.936145833333333,23.86029919788367,14.924153364550337,High Risk
29.99,15.1,29.99,15.1,1,RJ,2,4,2018,35.172777777777775,25.23878020023137,9.933997577546403,High Risk
790.0,69.02,790.0,69.02,1,PA,1,5,2018,45.953668981481485,27.107739787559634,18.84592919392185,High Risk
145.95,17.27,145.95,17.27,1,RS,11,5,2017,16.170023148148147,20.912706687187594,4.742683539039447,High Risk
24.99,21.15,24.99,21.15,1,RN,2,0,2018,13.994305555555556,21.349821045357263,7.355515489801707,High Risk
129.9,27.23,129.9,27.23,1,RJ,2,2,2018,15.318703703703704,24.712080464115893,9.393376760412188,High Risk
105.98,38.68,52.99,19.34,2,RJ,3,6,2018,38.92565972222222,23.727092945851734,15.198566776370487,High Risk
196.0,17.13,196.0,17.13,1,ES,3,5,2018,45.2940625,21.349821045357263,23.94424145464274,High Risk
149.9,36.37,149.9,36.37,1,TO,2,0,2018,15.294791666666667,21.849790041352353,6.554998374685686,High Risk
89.9,18.51,89.9,18.51,1,ES,3,6,2018,10.115324074074074,21.37677676063626,11.261452686562187,High Risk
105.0,38.78,105.0,38.78,1,RS,3,6,2018,21.039814814814815,21.923899060183068,0.8840842453682534,High Risk
479.93999999999994,401.58000000000004,79.99,66.93,6,RJ,3,0,2018,23.030752314814816,24.65376858130167,1.6230162664868537,High Risk
29.99,17.63,29.99,17.63,1,MS,11,5,2017,6.829953703703704,21.030948793451465,14.20099508974776,High Risk
144.99,43.04,144.99,43.04,1,PA,5,0,2017,10.144212962962962,20.14173321927937,9.997520256316408,High Risk
128.99,21.29,128.99,21.29,1,RJ,11,4,2017,12.22525462962963,22.035417791052296,9.810163161422667,High Risk
229.99,15.55,229.99,15.55,1,RJ,3,4,2018,4.476770833333333,26.263310824261794,21.78653999092846,High Risk
114.9,43.21,114.9,43.21,1,PA,1,3,2018,35.238194444444446,27.096522038443812,8.141672406000634,High Risk
50.0,25.63,50.0,25.63,1,RS,12,6,2017,15.249837962962962,21.861900322077997,6.6120623591150345,High Risk
53.9,22.96,53.9,22.96,1,RJ,3,4,2018,42.84855324074074,25.677586604004233,17.17096663673651,High Risk
357.8,33.38,178.9,16.69,2,RJ,11,6,2017,9.00363425925926,20.955107923962796,11.951473664703537,High Risk
49.0,17.67,49.0,17.67,1,RJ,11,5,2017,18.8675,21.67137431126506,2.8038743112650586,High Risk
19.95,15.1,19.95,15.1,1,RS,3,0,2018,9.317881944444444,21.269407490544424,11.95152554609998,High Risk
349.9,20.02,349.9,20.02,1,RJ,3,0,2018,35.116284722222225,26.515936681976243,8.600348040245983,High Risk
49.9,18.23,49.9,18.23,1,RJ,3,3,2018,36.157349537037035,25.795681883910547,10.361667653126489,High Risk
559.0,41.43,559.0,41.43,1,RJ,11,5,2017,28.543530092592594,22.92402417434749,5.619505918245103,High Risk
192.99,70.23,192.99,70.23,1,SC,3,4,2018,19.361493055555556,22.24991982484472,2.8884267692891648,High Risk
84.99,20.08,84.99,20.08,1,RS,12,2,2017,15.102916666666667,21.27601382602092,6.1730971593542545,High Risk
109.0,16.52,109.0,16.52,1,GO,11,5,2017,23.95550925925926,20.883643026872484,3.0718662323867747,High Risk
166.99,23.04,166.99,23.04,1,BA,12,6,2017,17.22866898148148,22.205916685372372,4.977247703890892,High Risk
117.3,26.96,117.3,26.96,1,CE,11,2,2017,34.16827546296296,21.869198888061987,12.299076574900973,High Risk
179.99,35.78,179.99,35.78,1,BA,2,5,2018,23.822256944444444,21.849790041352353,1.9724669030920907,High Risk
246.97,20.97,246.97,20.97,1,BA,12,2,2017,20.41011574074074,22.305563127294725,1.895447386553986,High Risk
34.99,24.84,34.99,24.84,1,AL,3,1,2017,6.5731828703703705,20.509398307999767,13.936215437629397,High Risk
19.9,18.23,19.9,18.23,1,RJ,3,3,2018,50.0528125,25.567543607472416,24.485268892527586,High Risk
24.99,16.79,24.99,16.79,1,BA,12,4,2017,12.808229166666667,21.70229762141516,8.894068454748492,High Risk
21.99,15.1,21.99,15.1,1,RJ,2,6,2018,16.59175925925926,25.15110446577178,8.559345206512521,High Risk
100.0,29.73,100.0,29.73,1,BA,4,2,2018,28.034305555555555,21.290443056178685,6.7438624993768705,High Risk
72.0,19.74,72.0,19.74,1,RS,11,0,2017,21.033101851851853,20.388906637288322,0.6441952145635312,High Risk
54.99,18.26,54.99,18.26,1,RJ,3,1,2018,25.345277777777778,25.884426728043135,0.539148950265357,High Risk
145.0,57.68,145.0,57.68,1,RS,11,4,2017,18.937939814814815,23.189446630651204,4.25150681583639,High Risk
188.0,19.2,188.0,19.2,1,RJ,3,1,2018,40.94549768518519,26.495868423525554,14.449629261659634,High Risk
49.0,17.64,49.0,17.64,1,RS,11,4,2017,19.03959490740741,21.061427589155027,2.021832681747618,High Risk
54.99,17.95,54.99,17.95,1,BA,11,0,2017,11.644050925925926,20.367666115565868,8.723615189639942,High Risk
43.98,30.2,21.99,15.1,2,GO,2,6,2018,23.89988425925926,21.296363205823422,2.6035210534358377,High Risk
59.9,19.39,59.9,19.39,1,RJ,3,3,2018,33.88457175925926,25.884426728043135,8.000145031216125,High Risk
46.9,35.67,46.9,35.67,1,CE,11,0,2017,42.208136574074075,22.5635827208794,19.644553853194676,High Risk
53.99,21.18,53.99,21.18,1,PB,12,3,2017,12.73554398148148,21.877569295601248,9.142025314119767,High Risk
190.0,42.09,190.0,42.09,1,SC,3,0,2018,8.167719907407408,21.923899060183068,13.75617915277566,High Risk
27.9,16.79,27.9,16.79,1,BA,2,3,2018,15.18806712962963,21.349821045357263,6.161753915727633,High Risk
64.9,20.94,64.9,20.94,1,RJ,2,2,2018,6.095127314814815,25.750494763993412,19.6553674491786,High Risk
120.9,49.38,120.9,49.38,1,SC,11,1,2017,3.2753472222222224,22.178458949178644,18.90311172695642,High Risk
59.9,42.48,59.9,42.48,1,PE,3,5,2018,17.061493055555555,21.923899060183068,4.862406004627513,High Risk
199.98,36.56,99.99,18.28,2,RS,3,5,2018,20.280856481481482,21.349821045357263,1.068964563875781,High Risk
106.9,16.19,106.9,16.19,1,BA,12,4,2017,11.720636574074074,21.933650502364397,10.213013928290323,High Risk
159.9,18.37,159.9,18.37,1,SC,2,0,2018,21.02650462962963,21.349821045357263,0.32331641572763203,High Risk
21.9,15.1,21.9,15.1,1,RJ,12,6,2017,35.9687962962963,21.789549399157437,14.17924689713886,High Risk
24.99,18.23,24.99,18.23,1,MS,3,0,2018,15.673796296296297,21.349821045357263,5.676024749060966,High Risk
24.9,42.38,24.9,42.38,1,SE,11,2,2017,36.200497685185184,22.669242701599178,13.531254983586006,High Risk
29.99,17.63,29.99,17.63,1,CE,1,0,2018,9.102997685185185,21.842060045583022,12.739062360397837,High Risk
220.0,29.04,110.0,14.52,2,RJ,1,6,2018,9.123425925925925,20.136979156484998,11.013553230559072,High Risk
49.0,19.04,49.0,19.04,1,PA,4,1,2018,7.146400462962963,22.561294003540528,15.414893540577566,High Risk
59.8,16.86,59.8,16.86,1,MT,12,4,2017,25.26449074074074,21.838860874867578,3.4256298658731623,High Risk
504.0,49.0,504.0,49.0,1,RS,2,3,2018,11.34662037037037,21.98236761357317,10.6357472432028,High Risk
79.0,34.09,79.0,34.09,1,SC,3,2,2018,21.928368055555556,21.80708154419944,0.12128651135611435,High Risk
194.99,33.81,194.99,33.81,1,PA,9,6,2017,16.860752314814814,20.70431604635322,3.8435637315384064,High Risk
109.9,38.32,109.9,38.32,1,RN,12,3,2017,14.7134375,22.68337165895399,7.969934158953992,High Risk
89.18,24.75,89.18,24.75,1,PI,3,6,2018,65.3749074074074,21.534578399970655,43.84032900743675,High Risk
101.4,35.2,50.7,17.6,2,RS,11,6,2017,45.68012731481482,20.829595116935767,24.85053219787905,High Risk
36.0,25.63,36.0,25.63,1,PA,9,1,2017,30.082546296296297,20.94943371716014,9.133112579136156,High Risk
57.39,18.94,57.39,18.94,1,CE,11,6,2017,11.34607638888889,24.12670609441649,12.780629705527602,High Risk
119.99,18.72,119.99,18.72,1,RJ,3,0,2018,20.364780092592593,26.110810946317983,5.74603085372539,High Risk
69.99,17.77,69.99,17.77,1,CE,12,4,2017,21.68355324074074,23.045958787199478,1.3624055464587386,High Risk
489.9,18.0,489.9,18.0,1,MG,1,5,2017,12.824074074074074,20.884169721682994,8.06009564760892,High Risk
145.0,15.76,145.0,15.76,1,RJ,2,0,2018,14.926608796296296,26.63094225748634,11.704333461190043,High Risk
125.0,19.84,125.0,19.84,1,RJ,3,5,2018,58.688229166666666,26.110810946317983,32.57741822034868,High Risk
89.9,17.88,89.9,17.88,1,MS,11,4,2017,25.283252314814813,21.08073141756958,4.202520897245233,High Risk
227.88,59.22,227.88,59.22,1,RS,2,3,2018,26.606064814814815,22.24991982484472,4.356144989970094,High Risk
383.6,80.64,95.9,20.16,4,RJ,1,2,2018,9.25,23.977855976468085,14.727855976468085,High Risk
23.99,15.1,23.99,15.1,1,RS,2,2,2018,23.195752314814815,21.269407490544424,1.9263448242703909,High Risk
99.9,23.02,99.9,23.02,1,PE,2,3,2018,11.719097222222222,21.42448061620587,9.705383393983647,High Risk
28.7,15.23,28.7,15.23,1,DF,3,0,2018,14.745729166666667,21.269407490544424,6.523678323877757,High Risk
66.0,16.22,66.0,16.22,1,RJ,2,4,2018,10.199398148148148,25.65248366732659,15.45308551917844,High Risk
99.9,23.63,99.9,23.63,1,BA,3,5,2018,12.230115740740741,21.42448061620587,9.194364875465128,High Risk
134.9,29.34,134.9,29.34,1,CE,12,0,2017,22.7221875,22.741451072871925,0.019263572871924595,High Risk
9.0,14.1,9.0,14.1,1,RJ,1,3,2018,13.109710648148148,21.94675016056733,8.837039512419182,High Risk
139.94,40.31,139.94,40.31,1,RJ,12,2,2017,28.01857638888889,23.4192678195672,4.599308569321689,High Risk
8.9,18.23,8.9,18.23,1,RJ,3,0,2018,17.3046875,26.565027322106634,9.260339822106634,High Risk
649.0,73.76,649.0,73.76,1,DF,2,4,2018,19.991377314814816,22.24991982484472,2.258542510029905,High Risk
219.9,35.34,219.9,35.34,1,GO,2,5,2018,17.609502314814815,21.867373016840098,4.257870702025283,High Risk
33.99,16.11,33.99,16.11,1,RJ,2,3,2018,28.59019675925926,25.350704847268506,3.239491911990754,High Risk
138.5,27.05,138.5,27.05,1,SC,3,2,2018,7.3018171296296295,21.48249695957034,14.180679829940711,High Risk
388.0,23.21,388.0,23.21,1,RS,12,0,2017,16.969675925925927,22.011466934087434,5.041791008161507,High Risk
139.99,28.34,139.99,28.34,1,RJ,2,1,2018,41.376736111111114,24.87480215595761,16.501933955153504,High Risk
62.9,18.32,62.9,18.32,1,RS,3,3,2018,19.41903935185185,21.349821045357263,1.9307816935054127,High Risk
169.9,38.15,169.9,38.15,1,AL,4,3,2017,27.858935185185185,20.147025421194982,7.711909763990203,High Risk
129.99,20.15,129.99,20.15,1,BA,12,1,2017,14.430266203703704,21.383648493562,6.953382289858295,High Risk
339.8,41.42,169.9,20.71,2,ES,3,1,2018,29.179733796296297,21.349821045357263,7.829912750939034,High Risk
149.99,18.62,149.99,18.62,1,BA,2,5,2018,17.901689814814816,21.349821045357263,3.4481312305424474,High Risk
99.0,69.57,99.0,69.57,1,RJ,1,1,2018,16.379247685185184,25.46071008700689,9.081462401821707,High Risk
50.0,18.89,50.0,18.89,1,PE,2,4,2018,32.50883101851852,21.349821045357263,11.159009973161258,High Risk
45.6,16.79,45.6,16.79,1,MS,11,6,2017,12.105555555555556,20.912263862445908,8.806708306890352,High Risk
20.9,17.78,20.9,17.78,1,SE,2,4,2017,19.615324074074074,21.750215317407445,2.134891243333371,High Risk
189.0,23.03,189.0,23.03,1,BA,5,0,2018,27.931574074074074,21.171458212465705,6.760115861608369,High Risk
104.9,43.14,104.9,43.14,1,AL,11,3,2017,22.325844907407408,22.268497924195415,0.05734698321199261,High Risk
149.9,27.9,149.9,27.9,1,SC,2,2,2018,27.22479166666667,21.70269544059279,5.522096226073877,High Risk
15.0,15.1,15.0,15.1,1,SC,2,5,2018,20.045092592592592,21.269407490544424,1.2243148979518317,High Risk
83.9,17.84,83.9,17.84,1,RJ,11,2,2017,36.34071759259259,20.601206311465752,15.739511281126838,High Risk
45.0,16.6,45.0,16.6,1,RJ,2,1,2018,69.49697916666666,25.5652477574548,43.931731409211864,High Risk
18.98,17.63,18.98,17.63,1,CE,2,4,2018,74.97679398148148,26.097531658639895,48.87926232284158,High Risk
19.9,25.63,19.9,25.63,1,RJ,9,6,2017,12.117986111111112,20.42823239307886,8.31024628196775,High Risk
287.8,63.52,143.9,31.76,2,RJ,2,2,2018,30.803194444444443,24.200615765537215,6.6025786789072285,High Risk
19.9,16.79,19.9,16.79,1,MT,11,4,2017,34.29962962962963,20.84773206448712,13.45189756514251,High Risk
65.9,16.22,65.9,16.22,1,RJ,11,2,2017,14.971423611111112,20.45521149221363,5.483787881102517,High Risk
95.2,16.64,95.2,16.64,1,ES,3,6,2018,20.171608796296297,21.37677676063626,1.2051679643399638,High Risk
149.7,52.800000000000004,49.9,17.6,3,RJ,12,5,2017,19.624421296296298,21.95093320169558,2.3265119053992827,High Risk
25.9,16.79,25.9,16.79,1,RJ,11,6,2017,15.90630787037037,21.13173343916833,5.225425568797959,High Risk
29.99,15.79,29.99,15.79,1,MT,11,6,2017,18.21752314814815,21.13968637630996,2.9221632281618106,High Risk
149.0,45.12,149.0,45.12,1,ES,2,0,2018,25.728819444444444,21.923899060183068,3.8049203842613757,High Risk
68.9,37.17,68.9,37.17,1,PA,3,2,2018,54.39473379629629,37.38448699841498,17.010246797881315,High Risk
89.99,25.12,89.99,25.12,1,PA,2,4,2017,38.86643518518518,30.92103202528895,7.94540315989623,High Risk
34.9,16.79,34.9,16.79,1,PE,11,2,2017,15.192627314814814,20.18878379757077,4.996156482755957,High Risk
467.0,21.15,467.0,21.15,1,RS,3,5,2018,30.238958333333333,21.349821045357263,8.88913728797607,High Risk
59.0,16.85,59.0,16.85,1,BA,2,2,2018,15.032002314814815,21.349821045357263,6.317818730542449,High Risk
25.49,17.63,25.49,17.63,1,PE,2,4,2018,20.534016203703704,21.349821045357263,0.8158048416535593,High Risk
69.9,16.25,69.9,16.25,1,RJ,2,2,2018,16.032824074074075,25.65248366732659,9.619659593252514,High Risk
176.0,34.12,88.0,17.06,2,RJ,3,0,2018,14.187916666666666,24.096448428325207,9.90853176165854,High Risk
450.0,17.9,450.0,17.9,1,RS,2,0,2018,16.52716435185185,21.349821045357263,4.822656693505412,High Risk
65.0,18.38,65.0,18.38,1,BA,3,1,2018,14.2825,21.349821045357263,7.067321045357263,High Risk
525.0,33.51,525.0,33.51,1,RJ,2,5,2018,14.845856481481482,25.001287105217692,10.15543062373621,High Risk
1009.0,144.09,1009.0,144.09,1,RJ,1,0,2018,42.963854166666664,25.394865555088494,17.56898861157817,High Risk
139.99,21.43,139.99,21.43,1,BA,4,6,2017,42.80966435185185,31.80430367398995,11.005360677861901,High Risk
59.99,26.96,59.99,26.96,1,CE,1,1,2018,23.217453703703704,21.820842397432934,1.3966113062707706,High Risk
44.9,16.11,44.9,16.11,1,RS,11,6,2017,18.083738425925926,20.841433825353455,2.7576953994275293,High Risk
29.0,16.11,29.0,16.11,1,RJ,12,4,2017,32.98222222222222,21.943159224478368,11.039062997743851,High Risk
325.0,16.02,325.0,16.02,1,RJ,2,0,2018,22.152037037037037,26.218900874977326,4.066863837940289,High Risk
129.34,21.4,129.34,21.4,1,RJ,12,4,2017,38.14125,23.35648605080094,14.78476394919906,High Risk
54.99,16.14,54.99,16.14,1,RJ,12,3,2017,15.172141203703704,21.483391574219446,6.311250370515742,High Risk
219.0,66.34,219.0,66.34,1,SC,1,4,2018,9.650150462962962,25.183757071916087,15.533606608953125,High Risk
49.0,28.75,49.0,28.75,1,PE,11,3,2017,19.611238425925926,21.386416475629513,1.7751780497035874,High Risk
78.0,38.84,78.0,38.84,1,MT,3,2,2018,14.606574074074073,21.923899060183068,7.317324986108995,High Risk
315.0,53.94,105.0,17.98,3,RS,11,4,2017,7.342986111111111,20.609557841990995,13.266571730879884,High Risk
50.0,19.04,50.0,19.04,1,PE,3,3,2018,21.36369212962963,21.349821045357263,0.01387108427236683,High Risk
44.9,22.06,44.9,22.06,1,MS,3,6,2018,10.074918981481481,21.390099162269703,11.315180180788222,High Risk
59.99,25.7,59.99,25.7,1,MT,12,0,2017,20.743483796296296,21.851444437163206,1.10796064086691,High Risk
178.5,96.9,178.5,96.9,1,CE,5,4,2018,13.0365625,20.78607166856109,7.749509168561088,High Risk
89.18,23.2,89.18,23.2,1,RJ,3,3,2018,20.026145833333334,25.677586604004233,5.651440770670899,High Risk
349.9,31.96,349.9,31.96,1,AL,3,1,2018,14.474594907407408,22.014888058430593,7.540293151023185,High Risk
159.0,67.48,159.0,67.48,1,RJ,3,1,2018,11.335833333333333,24.69603701476989,13.360203681436555,High Risk
23.8,16.79,23.8,16.79,1,GO,12,3,2017,27.00116898148148,21.01787105814281,5.983297923338672,High Risk
59.8,25.7,59.8,25.7,1,CE,12,2,2017,27.522175925925925,22.526794988499077,4.995380937426848,High Risk
39.9,17.35,39.9,17.35,1,BA,4,6,2017,9.505023148148148,33.493043637042426,23.98802048889428,High Risk
129.0,44.98,129.0,44.98,1,ES,3,0,2018,17.620497685185185,21.923899060183068,4.3034013749978826,High Risk
16.9,17.92,16.9,17.92,1,RJ,12,2,2017,28.43380787037037,21.322666753100748,7.1111411172696215,High Risk
130.0,26.99,130.0,26.99,1,SC,3,6,2018,8.912731481481481,21.50945267484934,12.596721193367857,High Risk
80.0,17.0,80.0,17.0,1,RJ,2,1,2018,15.598125,25.79145248007385,10.193327480073851,High Risk
169.9,17.63,169.9,17.63,1,MT,2,3,2018,19.027314814814815,21.349821045357263,2.322506230542448,High Risk
59.49,17.67,59.49,17.67,1,ES,12,6,2017,12.115185185185185,21.88140860857773,9.766223423392544,High Risk
49.0,17.67,49.0,17.67,1,RS,11,4,2017,20.798530092592593,21.14220747846705,0.3436773858744573,High Risk
69.9,23.07,69.9,23.07,1,RJ,3,5,2018,13.748495370370371,25.677586604004233,11.929091233633862,High Risk
934.94,62.43,934.94,62.43,1,PE,1,2,2018,30.114074074074075,30.950324528936605,0.8362504548625296,High Risk
289.0,41.12,289.0,41.12,1,RS,3,0,2018,37.03938657407407,21.94148203567081,15.097904538403263,High Risk
229.0,53.98,229.0,53.98,1,BA,2,1,2018,42.74542824074074,22.202953013010998,20.542475227729746,High Risk
277.99,16.7,277.99,16.7,1,RJ,3,5,2018,31.8815625,26.4709974647633,5.410565035236701,High Risk
74.9,42.55,74.9,42.55,1,CE,2,3,2018,15.237233796296296,30.014565107610302,14.777331311314006,High Risk
79.99,20.05,79.99,20.05,1,SC,2,0,2018,21.62445601851852,21.349821045357263,0.2746349731612554,High Risk
40.0,14.52,40.0,14.52,1,SP,3,0,2017,14.63673611111111,23.441183801778276,8.804447690667166,High Risk
259.9,19.39,259.9,19.39,1,RJ,11,2,2017,43.70013888888889,20.436639496053076,23.26349939283581,High Risk
166.99,50.83,166.99,50.83,1,RN,12,5,2017,19.03730324074074,23.521827854272882,4.484524613532141,High Risk
149.99,72.18,149.99,72.18,1,PA,9,1,2017,28.98537037037037,20.779806362796272,8.205564007574097,High Risk
120.0,25.68,120.0,25.68,1,SC,2,6,2018,29.998645833333335,21.49362711340631,8.505018719927026,High Risk
118.99,16.59,118.99,16.59,1,CE,12,6,2017,10.431331018518518,24.189691109544118,13.7583600910256,High Risk
44.9,34.15,44.9,34.15,1,PB,2,3,2018,16.096921296296298,21.80708154419944,5.7101602479031435,High Risk
149.9,19.95,149.9,19.95,1,SC,3,4,2018,18.053472222222222,21.349821045357263,3.296348823135041,High Risk
75.9,35.66,75.9,35.66,1,DF,3,1,2018,6.129710648148148,21.78709474553661,15.657384097388462,High Risk
59.99,22.35,59.99,22.35,1,BA,4,6,2017,18.030358796296298,39.95777842300401,21.92741962670771,High Risk
19.9,18.23,19.9,18.23,1,GO,3,1,2018,22.94005787037037,21.349821045357263,1.5902368250131076,High Risk
115.0,15.69,115.0,15.69,1,GO,3,6,2018,17.98505787037037,21.296363205823422,3.311305335453053,High Risk
89.0,18.05,89.0,18.05,1,BA,4,4,2017,34.694270833333334,32.8118514616727,1.8824193716606317,High Risk
149.99,45.13,149.99,45.13,1,BA,12,5,2017,16.83892361111111,22.85990250533369,6.02097889422258,High Risk
85.9,19.84,85.9,19.84,1,BA,2,2,2018,22.32258101851852,21.349821045357263,0.9727599731612564,High Risk
155.99,34.89,155.99,34.89,1,PI,2,2,2018,12.638668981481482,21.932932109838138,9.294263128356656,High Risk
22.99,17.63,22.99,17.63,1,PE,2,6,2018,24.905011574074074,21.37677676063626,3.5282348134378125,High Risk
239.99,34.13,239.99,34.13,1,TO,12,4,2017,12.067094907407407,22.92133206014929,10.854237152741883,High Risk
44.0,35.26,22.0,17.63,2,RJ,3,4,2018,26.089016203703704,23.71771571483765,2.371300488866055,High Risk
12.9,18.23,12.9,18.23,1,SC,3,3,2018,11.94431712962963,21.349821045357263,9.405503915727634,High Risk
24.99,25.63,24.99,25.63,1,PA,3,0,2018,41.961666666666666,32.80621828031822,9.155448386348446,High Risk
267.9,77.28999999999999,133.95,38.644999999999996,2,SC,11,2,2017,11.53976851851852,21.627299746676137,10.087531228157617,High Risk
178.5,99.60000000000001,29.75,16.6,6,RJ,2,2,2018,8.014722222222222,24.01643538347972,16.0017131612575,High Risk
13.65,15.23,13.65,15.23,1,RJ,3,3,2018,19.987673611111113,25.13676272405873,5.1490891129476175,High Risk
32.9,25.63,32.9,25.63,1,PA,2,4,2018,20.70550925925926,27.403359950009317,6.697850690750059,High Risk
199.9,34.94,199.9,34.94,1,RJ,3,0,2018,7.034699074074074,24.654798462403146,17.620099388329074,High Risk
987.0,38.71,987.0,38.71,1,RN,3,0,2018,44.89388888888889,21.94148203567081,22.95240685321808,High Risk
151.9,27.14,151.9,27.14,1,RJ,3,6,2018,14.94238425925926,24.89287074881409,9.95048648955483,High Risk
519.0,19.6,519.0,19.6,1,DF,3,4,2018,12.003472222222221,21.349821045357263,9.346348823135042,High Risk
999.0,70.41,999.0,70.41,1,ES,11,2,2017,13.636956018518518,21.94109090939869,8.30413489088017,High Risk
115.0,43.22,115.0,43.22,1,PI,12,1,2017,15.0571875,22.729534226169125,7.672346726169126,High Risk
95.8,40.79,47.9,20.395,2,PA,4,5,2018,18.23320601851852,23.22430655247701,4.991100533958491,High Risk
109.9,57.32,109.9,57.32,1,RN,3,5,2018,11.427199074074075,22.14962263750182,10.722423563427746,High Risk
319.0,28.77,319.0,28.77,1,CE,1,6,2018,18.333819444444444,25.076548349459458,6.742728905015014,High Risk
589.0,137.6,589.0,137.6,1,CE,3,0,2018,32.36799768518519,29.846382964779245,2.5216147204059425,High Risk
64.0,20.9,64.0,20.9,1,AL,5,3,2017,11.897835648148147,24.082558188163606,12.184722540015459,High Risk
99.0,17.94,99.0,17.94,1,ES,2,4,2018,12.946585648148147,21.349821045357263,8.403235397209116,High Risk
19.9,16.79,19.9,16.79,1,MS,2,5,2018,18.54767361111111,21.349821045357263,2.8021474342461516,High Risk
49.0,17.67,49.0,17.67,1,GO,11,3,2017,19.32619212962963,20.45269948252951,1.126507352899882,High Risk
44.9,15.1,44.9,15.1,1,RJ,2,3,2018,43.70456018518519,25.23878020023137,18.465779984953816,High Risk
45.49,16.11,45.49,16.11,1,GO,12,5,2017,11.253761574074074,21.593304830774525,10.33954325670045,High Risk
98.99,17.97,98.99,17.97,1,RJ,12,4,2017,11.345081018518519,22.09208272707758,10.747001708559063,High Risk
27.0,25.63,27.0,25.63,1,PA,1,0,2018,32.317060185185184,23.46417171926769,8.852888465917495,High Risk
18.99,25.63,18.99,25.63,1,PA,7,3,2017,7.278680555555556,20.030760199759552,12.752079644203995,High Risk
22.49,15.23,22.49,15.23,1,RJ,3,2,2018,11.971550925925927,25.09461449371591,13.123063567789982,High Risk
150.0,15.8,150.0,15.8,1,RJ,12,4,2017,13.552141203703703,20.480016608934235,6.927875405230532,High Risk
839.99,56.38,839.99,56.38,1,RN,4,2,2018,25.838912037037037,20.955404096449424,4.883507940587613,High Risk
199.6,70.4,49.9,17.6,4,RS,2,1,2018,15.258425925925925,21.349821045357263,6.091395119431338,High Risk
235.0,18.09,235.0,18.09,1,PE,2,1,2018,20.149641203703705,21.349821045357263,1.2001798416535578,High Risk
389.0,59.39,389.0,59.39,1,SC,2,3,2018,35.35315972222222,22.24991982484472,13.103239897377502,High Risk
34.99,17.63,34.99,17.63,1,PE,2,5,2018,25.796921296296297,21.349821045357263,4.447100250939034,High Risk
49.0,19.63,49.0,19.63,1,BA,11,4,2017,41.40210648148148,20.942582332278594,20.45952414920289,High Risk
494.99,20.71,494.99,20.71,1,SC,11,5,2017,32.007974537037036,20.732184959795237,11.275789577241799,High Risk
129.9,18.16,129.9,18.16,1,RJ,2,6,2018,19.202719907407406,26.016315161275028,6.813595253867621,High Risk
59.9,21.22,59.9,21.22,1,PI,2,2,2018,22.887592592592593,21.349821045357263,1.5377715472353302,High Risk
189.75,17.58,189.75,17.58,1,RJ,11,3,2017,37.056921296296295,20.393760112518873,16.663161183777422,High Risk
170.0,33.64,170.0,33.64,1,CE,12,0,2017,28.078761574074075,23.646688494929776,4.432073079144299,High Risk
139.0,40.36,139.0,40.36,1,RS,3,6,2018,8.018483796296296,21.923899060183068,13.905415263886772,High Risk
49.0,34.15,49.0,34.15,1,PA,2,3,2018,27.207511574074076,34.37532385373449,7.167812279660417,High Risk
69.0,18.36,69.0,18.36,1,RS,3,6,2018,18.05064814814815,21.37677676063626,3.3261286124881124,High Risk
119.9,18.12,119.9,18.12,1,CE,11,4,2017,6.055462962962963,22.22810256201374,16.172639599050775,High Risk
120.0,18.09,120.0,18.09,1,RJ,11,0,2017,32.17929398148148,20.308728733342768,11.87056524813871,High Risk
198.0,35.19,198.0,35.19,1,BA,11,0,2017,10.955462962962963,22.40773521728266,11.452272254319697,High Risk
89.9,26.89,89.9,26.89,1,SE,4,6,2017,17.26829861111111,22.77244435602333,5.504145744912218,High Risk
52.99,17.62,52.99,17.62,1,RJ,11,2,2017,45.731180555555554,20.44622356991199,25.284956985643564,High Risk
52.11,15.11,52.11,15.11,1,SC,2,0,2018,10.40519675925926,21.269407490544424,10.864210731285164,High Risk
69.9,39.42,69.9,39.42,1,RJ,11,1,2017,16.476076388888888,22.158824031158176,5.6827476422692875,High Risk
520.9,157.27,520.9,157.27,1,CE,3,4,2017,18.212222222222223,23.745257468940636,5.533035246718413,High Risk
399.0,125.78,399.0,125.78,1,RJ,12,5,2017,46.06961805555556,23.756517017828585,22.313101037726973,High Risk
168.9,22.89,168.9,22.89,1,MT,3,1,2018,28.81707175925926,21.681563115400728,7.1355086438585325,High Risk
250.0,36.24,125.0,18.12,2,RS,2,3,2018,25.10560185185185,21.349821045357263,3.755780806494588,High Risk
110.0,55.03,110.0,55.03,1,CE,4,3,2018,25.344212962962963,21.600497327706336,3.7437156352566276,High Risk
139.5,91.4,27.9,18.28,5,RJ,3,3,2018,4.714768518518518,23.974756022148707,19.25998750363019,High Risk
23.2,30.2,11.6,15.1,2,GO,2,0,2018,10.060011574074075,21.269407490544424,11.20939591647035,High Risk
34.9,16.11,34.9,16.11,1,RS,2,6,2018,39.57043981481481,21.33085998116112,18.239579833653693,High Risk
99.99,47.23,99.99,47.23,1,PB,2,6,2018,23.106099537037036,21.964784638085426,1.1413148989516095,High Risk
129.9,20.15,129.9,20.15,1,GO,12,2,2017,16.534027777777776,21.224548005532384,4.690520227754607,High Risk
88.0,22.33,88.0,22.33,1,RJ,3,6,2018,33.94708333333333,25.638737832034785,8.308345501298547,High Risk
172.5,38.76,172.5,38.76,1,BA,12,4,2017,54.31296296296296,23.156810970084592,31.15615199287837,High Risk
27.99,22.06,27.99,22.06,1,BA,3,4,2018,16.746712962962963,21.363143446990698,4.616430484027735,High Risk
14.9,16.79,14.9,16.79,1,RJ,2,1,2018,22.50050925925926,25.38867242620975,2.8881631669504912,High Risk
119.8,35.97,119.8,35.97,1,RJ,3,3,2018,13.881064814814815,24.154496509869155,10.27343169505434,High Risk
144.99,18.26,144.99,18.26,1,GO,12,4,2017,11.408460648148148,21.679732574089506,10.271271925941358,High Risk
34.3,25.63,34.3,25.63,1,CE,1,1,2018,30.275844907407407,21.51850955018947,8.757335357217936,High Risk
129.9,38.46,129.9,38.46,1,RJ,11,4,2017,10.228518518518518,22.08231156056,11.853793042041483,High Risk
174.0,137.10000000000002,29.0,22.850000000000005,6,PB,3,6,2018,24.541979166666668,21.69645988141157,2.8455192852550972,High Risk
170.0,35.68,85.0,17.84,2,RJ,12,2,2017,14.075856481481482,21.456710966357605,7.380854484876123,High Risk
181.01,26.3,181.01,26.3,1,BA,12,5,2017,33.078599537037036,22.32986275943123,10.748736777605806,High Risk
32.99,17.6,32.99,17.6,1,RJ,12,2,2017,29.60744212962963,21.316105788874406,8.291336340755223,High Risk
204.0,29.83,204.0,29.83,1,PE,2,5,2018,30.992847222222224,21.781776815360587,9.211070406861637,High Risk
139.94,30.82,139.94,30.82,1,RJ,11,4,2017,18.01361111111111,22.35749757414245,4.343886463031339,High Risk
629.99,11.66,629.99,11.66,1,SP,12,6,2017,3.9941203703703705,27.377338884414968,23.383218514044597,High Risk
89.9,17.2,89.9,17.2,1,RS,2,2,2018,15.985474537037037,21.349821045357263,5.364346508320226,High Risk
23.99,21.15,23.99,21.15,1,RN,12,6,2017,10.304872685185185,22.050228082859043,11.745355397673858,High Risk
119.9,18.09,119.9,18.09,1,RS,12,2,2017,8.169328703703703,21.22685532045531,13.057526616751607,High Risk
250.0,69.9,250.0,69.9,1,BA,2,2,2018,20.247245370370372,22.24991982484472,2.0026744544743487,High Risk
167.6,30.94,83.8,15.47,2,DF,3,0,2018,23.08827546296296,21.269407490544424,1.8188679724185377,High Risk
151.0,17.03,151.0,17.03,1,RJ,3,2,2018,20.064710648148147,26.43530380028585,6.370593152137705,High Risk
109.99,23.35,109.99,23.35,1,GO,3,0,2018,25.884074074074075,21.42448061620587,4.4595934578682055,High Risk
170.0,21.68,170.0,21.68,1,ES,11,4,2017,13.058599537037036,21.821753475733896,8.76315393869686,High Risk
80.0,34.36,80.0,34.36,1,GO,12,4,2017,12.461296296296297,22.440759862005994,9.979463565709697,High Risk
49.0,17.67,49.0,17.67,1,GO,11,5,2017,20.835243055555555,21.218690959704055,0.3834479041485004,High Risk
13.3,15.1,13.3,15.1,1,RJ,3,4,2018,46.09797453703704,25.458898766965476,20.639075770071564,High Risk
598.98,29.47,598.98,29.47,1,CE,2,0,2018,29.81675925925926,28.99812371679008,0.8186355424691811,High Risk
109.9,27.5,109.9,27.5,1,RJ,3,2,2018,34.95891203703704,24.817892711478947,10.14101932555809,High Risk
179.99,45.72,179.99,45.72,1,RJ,11,0,2017,9.149189814814815,22.99594173879274,13.846751923977926,High Risk
250.0,54.55,250.0,54.55,1,DF,3,1,2018,10.987210648148148,22.140257717195254,11.153047069047107,High Risk
320.0,54.37,320.0,54.37,1,PE,3,5,2018,26.95662037037037,22.18908052649821,4.767539843872161,High Risk
34.3,18.34,34.3,18.34,1,RS,3,3,2018,19.009502314814814,21.349821045357263,2.3403187305424495,High Risk
200.0,38.54,200.0,38.54,1,PE,12,1,2017,5.940011574074074,23.30528104742713,17.365269473353056,High Risk
179.0,51.12,179.0,51.12,1,BA,1,5,2018,25.843356481481482,22.259783714788167,3.5835727666933153,High Risk
99.99,44.8,99.99,44.8,1,RN,4,2,2017,18.80244212962963,20.22672092586328,1.4242787962336507,High Risk
169.9,38.74,169.9,38.74,1,BA,2,2,2018,26.17386574074074,21.923899060183068,4.249966680557673,High Risk
84.99,15.35,84.99,15.35,1,GO,2,3,2018,17.80327546296296,21.269407490544424,3.4661320275814624,High Risk
234.9,16.39,234.9,16.39,1,RS,11,5,2017,13.08550925925926,20.86124187604748,7.77573261678822,High Risk
325.0,19.55,325.0,19.55,1,CE,11,1,2017,34.23462962962963,21.329312016973468,12.905317612656162,High Risk
148.0,54.699999999999996,74.0,27.349999999999998,2,CE,11,2,2017,21.51241898148148,21.710602986553603,0.19818400507212175,High Risk
82.8,17.02,82.8,17.02,1,RJ,2,0,2018,51.31097222222222,25.79145248007385,25.51951974214837,High Risk
319.98,43.22,159.99,21.61,2,SC,2,6,2018,35.91880787037037,21.37677676063626,14.542031109734111,High Risk
99.0,17.94,99.0,17.94,1,RJ,11,1,2017,9.718310185185185,20.442698816520306,10.72438863133512,High Risk
89.9,19.87,89.9,19.87,1,MT,2,2,2018,42.056979166666665,21.349821045357263,20.7071581213094,High Risk
217.0,29.92,217.0,29.92,1,PA,11,5,2017,21.77778935185185,23.587769710031548,1.809980358179697,High Risk
79.99,42.76,79.99,42.76,1,RJ,2,5,2018,26.146354166666665,23.811848702766078,2.3345054639005873,High Risk
285.0,54.12,285.0,54.12,1,PB,3,0,2018,13.933993055555556,22.202953013010998,8.268959957455442,High Risk
49.0,15.23,49.0,15.23,1,MS,3,4,2018,16.98292824074074,21.269407490544424,4.2864792498036834,High Risk
45.0,15.1,45.0,15.1,1,RS,2,2,2018,23.306875,21.269407490544424,2.0374675094555776,High Risk
299.99,22.22,299.99,22.22,1,BA,4,0,2017,14.991006944444445,23.98748668456567,8.996479740121226,High Risk
156.0,17.53,156.0,17.53,1,RJ,2,3,2018,39.32956018518519,26.43530380028585,12.894256384899336,High Risk
110.99,43.19,110.99,43.19,1,PB,2,1,2018,20.463483796296295,21.923899060183068,1.4604152638867731,High Risk
18.95,24.84,18.95,24.84,1,CE,4,1,2017,40.380381944444444,28.202056295989276,12.178325648455168,High Risk
280.0,35.76,280.0,35.76,1,AL,8,3,2017,25.950081018518517,20.642514171781617,5.307566846736901,High Risk
69.9,24.94,69.9,24.94,1,CE,3,3,2018,15.125694444444445,27.592276522234567,12.466582077790122,High Risk
69.89,22.55,69.89,22.55,1,PA,3,3,2018,25.145868055555557,31.22994120174279,6.084073146187233,High Risk
166.99,23.49,166.99,23.49,1,RS,12,5,2017,17.12472222222222,22.44151725111494,5.31679502889272,High Risk
166.99,40.16,166.99,40.16,1,CE,12,6,2017,11.443946759259259,24.141432543209554,12.697485783950295,High Risk
139.9,18.23,139.9,18.23,1,SC,12,5,2017,27.817881944444444,20.68805709003981,7.129824854404635,High Risk
35.9,16.79,35.9,16.79,1,MT,11,2,2017,16.331064814814816,20.18878379757077,3.857718982755955,High Risk
154.08,16.84,154.08,16.84,1,RS,3,6,2018,40.419826388888886,21.37677676063626,19.043049628252625,High Risk
139.9,23.85,139.9,23.85,1,BA,2,4,2018,17.431041666666665,21.42448061620587,3.993438949539204,High Risk
142.99,16.76,142.99,16.76,1,MS,12,6,2017,10.431851851851851,21.90187196318693,11.47002011133508,High Risk
21.99,17.63,21.99,17.63,1,PE,12,0,2017,15.248773148148148,21.01094467996268,5.762171531814532,High Risk
39.9,24.48,39.9,24.48,1,PE,4,1,2018,15.274270833333333,20.827100776127228,5.552829942793895,High Risk
599.8,149.64,299.9,74.82,2,MT,11,0,2017,18.906342592592594,23.213254129392297,4.306911536799703,High Risk
49.0,17.67,49.0,17.67,1,RJ,11,0,2017,15.78525462962963,20.785344307307536,5.000089677677906,High Risk
62.0,15.18,62.0,15.18,1,MS,2,0,2018,51.07289351851852,21.269407490544424,29.803486027974095,High Risk
49.8,33.58,24.9,16.79,2,RS,12,4,2017,11.150717592592592,21.476336391501864,10.325618798909272,High Risk
285.97,35.8,285.97,35.8,1,MA,1,2,2018,14.408912037037037,20.066029295553374,5.657117258516337,High Risk
53.9,21.35,53.9,21.35,1,MS,3,5,2018,12.891712962962963,21.349821045357263,8.4581080823943,High Risk
109.9,21.57,109.9,21.57,1,AL,10,5,2017,19.98664351851852,23.295806044013084,3.309162525494564,High Risk
1658.83,34.48,1658.83,34.48,1,BA,2,5,2018,17.278831018518517,21.867373016840098,4.588541998321581,High Risk
238.99,22.47,238.99,22.47,1,MA,11,6,2017,17.211886574074075,23.506155305870905,6.29426873179683,High Risk
67.9,19.45,67.9,19.45,1,RJ,3,6,2018,22.408472222222223,25.822340567729768,3.413868345507545,High Risk
45.9,18.23,45.9,18.23,1,RS,3,2,2018,7.683541666666667,21.349821045357263,13.666279378690597,High Risk
49.9,22.93,49.9,22.93,1,RS,3,0,2018,18.839618055555555,21.482117542960008,2.6424994874044536,High Risk
336.0,61.36,84.0,15.34,4,RS,2,5,2018,19.88303240740741,21.269407490544424,1.3863750831370147,High Risk
56.41,16.83,56.41,16.83,1,SC,2,4,2018,5.1954513888888885,21.349821045357263,16.154369656468376,High Risk
144.99,18.26,144.99,18.26,1,RS,12,1,2017,15.360914351851852,21.32572664473636,5.964812292884508,High Risk
199.9,19.28,199.9,19.28,1,RJ,3,1,2018,43.66821759259259,26.61745902129638,17.05075857129621,High Risk
1199.9,34.72,1199.9,34.72,1,RJ,11,1,2017,7.133009259259259,21.18136200269758,14.04835274343832,High Risk
49.0,17.64,49.0,17.64,1,RJ,11,4,2017,34.665844907407404,21.236945387746236,13.428899519661169,High Risk
224.9,16.32,224.9,16.32,1,SC,2,1,2018,48.730625,21.349821045357263,27.38080395464274,High Risk
10.0,14.1,10.0,14.1,1,RJ,3,0,2018,2.5237268518518516,22.203456564094743,19.679729712242892,High Risk
109.9,29.7,109.9,29.7,1,CE,4,5,2017,23.058321759259258,22.24731678080348,0.8110049784557773,High Risk
69.99,16.25,69.99,16.25,1,RJ,12,6,2017,12.084513888888889,22.25257969710567,10.168065808216781,High Risk
370.47,37.11,370.47,37.11,1,BA,2,1,2018,17.526539351851852,21.900191385461685,4.373652033609833,High Risk
919.99,71.53,919.99,71.53,1,RJ,11,6,2017,12.782210648148148,22.244110761081014,9.461900112932867,High Risk
199.0,26.43,199.0,26.43,1,RJ,11,3,2017,23.602824074074075,21.635573117402192,1.967250956671883,High Risk
53.9,17.63,53.9,17.63,1,GO,2,6,2018,14.984918981481481,21.37677676063626,6.39185777915478,High Risk
49.9,16.05,49.9,16.05,1,SP,3,0,2017,3.462037037037037,22.874744217685393,19.412707180648354,High Risk
120.0,14.59,120.0,14.59,1,RJ,2,0,2018,9.955104166666667,20.879161766791604,10.924057600124938,High Risk
230.0,20.47,230.0,20.47,1,RS,11,0,2017,11.056481481481482,20.481849540519264,9.425368059037782,High Risk
179.0,81.42,179.0,81.42,1,AL,2,6,2018,32.37634259259259,22.49298480957474,9.883357783017853,High Risk
292.9,26.54,292.9,26.54,1,CE,4,3,2017,13.66957175925926,23.884784783863157,10.215213024603898,High Risk
495.0,28.31,495.0,28.31,1,RJ,12,6,2017,38.078969907407405,22.46608706646722,15.612882840940184,High Risk
319.0,16.98,319.0,16.98,1,GO,11,2,2017,15.094652777777778,20.223458020844134,5.128805243066356,High Risk
28.5,18.23,28.5,18.23,1,RJ,3,3,2018,20.87534722222222,25.625501363532198,4.750154141309977,High Risk
950.0,132.51,950.0,132.51,1,RS,12,5,2017,75.86768518518518,21.718316278979046,54.149368906206135,High Risk
29.99,18.23,29.99,18.23,1,RS,3,4,2018,13.009363425925926,21.349821045357263,8.340457619431337,High Risk
69.9,29.9,69.9,29.9,1,AL,1,5,2018,19.06332175925926,21.859834682325822,2.7965129230665617,High Risk
69.9,50.15,69.9,50.15,1,BA,11,5,2017,49.364826388888886,22.653162203557457,26.71166418533143,High Risk
89.9,27.07,89.9,27.07,1,RS,3,5,2018,12.13443287037037,21.540617307381364,9.406184437010994,High Risk
114.0,33.68,57.0,16.84,2,RJ,2,6,2018,11.853657407407407,24.14734179771031,12.293684390302904,High Risk
468.0,46.69,234.0,23.345,2,BA,5,3,2018,12.062256944444444,21.919372316106276,9.857115371661832,High Risk
277.53,57.25,138.765,28.625,2,ES,11,2,2017,9.889826388888888,20.89121784408659,11.001391455197702,High Risk
19.99,17.63,19.99,17.63,1,PA,12,5,2017,17.38747685185185,21.974987500828274,4.587510648976423,High Risk
19.9,15.79,19.9,15.79,1,BA,12,5,2017,12.142025462962962,20.48433002283017,8.342304559867209,High Risk
113.9,38.35,113.9,38.35,1,AL,7,1,2017,22.735578703703705,20.56336287768478,2.172215826018924,High Risk
74.9,16.96,74.9,16.96,1,MS,2,0,2018,17.20513888888889,21.349821045357263,4.144682156468374,High Risk
89.9,17.88,89.9,17.88,1,SC,12,3,2017,54.04935185185185,20.28944140098866,33.75991045086319,High Risk
229.9,26.1,229.9,26.1,1,CE,3,5,2017,50.99305555555556,21.848200936336756,29.1448546192188,High Risk
239.70000000000002,45.93,79.9,15.31,3,RS,2,2,2018,8.263553240740741,21.269407490544424,13.005854249803683,High Risk
359.70000000000005,54.269999999999996,119.90000000000002,18.09,3,RJ,12,1,2017,28.991689814814816,21.48448853297249,7.507201281842324,High Risk
589.0,17.87,589.0,17.87,1,RS,11,4,2017,12.450810185185185,20.488476773614224,8.037666588429039,High Risk
30.0,25.63,30.0,25.63,1,CE,2,6,2018,24.641238425925927,26.88957559780118,2.248337171875253,High Risk
115.0,38.36,115.0,38.36,1,MA,11,3,2017,50.067256944444445,27.701542625653282,22.365714318791163,High Risk
102.48,34.52,102.48,34.52,1,RN,11,2,2017,20.343912037037036,21.90112285525121,1.5572108182141733,High Risk
19.9,15.1,19.9,15.1,1,RJ,2,4,2018,18.448252314814816,25.062204868986324,6.613952554171508,High Risk
259.99,28.67,259.99,28.67,1,PA,10,1,2017,24.16371527777778,20.912527609519874,3.2511876682579057,High Risk
179.0,49.86,179.0,49.86,1,CE,5,0,2018,25.21300925925926,20.424864520392237,4.788144738867022,High Risk
269.96999999999997,135.27,89.99,45.09,3,RJ,11,2,2017,15.259351851851852,21.869726767289517,6.610374915437665,High Risk
260.0,16.57,260.0,16.57,1,RJ,2,0,2018,73.20657407407407,26.4709974647633,46.73557660931077,High Risk
229.0,23.74,229.0,23.74,1,RS,12,3,2017,18.38045138888889,22.289905317663642,3.9094539287747523,High Risk
165.9,54.24,82.95,27.12,2,CE,1,6,2018,18.34028935185185,23.27228112780027,4.931991775948418,High Risk
169.9,18.44,169.9,18.44,1,RS,12,0,2017,29.31974537037037,21.346603609023564,7.973141761346806,High Risk
41.3,15.1,41.3,15.1,1,RJ,2,6,2018,9.02763888888889,25.32767979701683,16.30004090812794,High Risk
109.99,24.97,109.99,24.97,1,SE,3,2,2017,19.70372685185185,22.006484286284575,2.302757434432724,High Risk
222.9,22.05,222.9,22.05,1,GO,2,1,2018,16.53903935185185,21.380726422478443,4.841687070626591,High Risk
59.9,16.18,59.9,16.18,1,RS,11,0,2017,15.361481481481482,20.37924959766306,5.017768116181577,High Risk
310.0,44.2,310.0,44.2,1,AL,12,2,2017,22.066006944444446,23.20858671880447,1.1425797743600228,High Risk
126.0,38.4,126.0,38.4,1,RJ,2,1,2018,12.576342592592592,24.166787859690757,11.590445267098165,High Risk
186.0,22.14,186.0,22.14,1,RJ,3,4,2018,18.14490740740741,26.277144761138224,8.132237353730815,High Risk
81.0,39.68,40.5,19.84,2,RS,11,2,2017,16.79828703703704,20.211656029654943,3.4133689926179045,High Risk
69.9,25.33,69.9,25.33,1,RJ,2,3,2018,19.613842592592594,25.03694043905913,5.423097846466536,High Risk
89.99,15.39,89.99,15.39,1,SC,2,3,2018,39.0309375,21.269407490544424,17.761530009455576,High Risk
108.9,21.25,108.9,21.25,1,SC,11,1,2017,14.036273148148148,21.076988178481887,7.04071503033374,High Risk
165.9,29.68,165.9,29.68,1,RJ,11,2,2017,8.354444444444445,22.31275300000394,13.958308555559496,High Risk
173.0,74.16,173.0,74.16,1,SC,11,0,2017,30.987939814814816,23.123098046837413,7.864841767977403,High Risk
115.0,30.01,115.0,30.01,1,CE,2,2,2017,34.126157407407405,24.17397123868665,9.952186168720754,High Risk
20.0,15.23,20.0,15.23,1,RJ,3,4,2018,7.390717592592592,25.09461449371591,17.703896901123315,High Risk
35.0,16.11,35.0,16.11,1,RS,2,0,2018,17.88458333333333,21.303904265882114,3.419320932548782,High Risk
44.8,50.85,44.8,50.85,1,PE,3,3,2018,11.960740740740741,21.950912151572638,9.990171410831897,High Risk
776.0,42.12,776.0,42.12,1,PA,4,1,2018,22.56601851851852,27.62732539445605,5.061306875937532,High Risk
159.99,103.25,159.99,103.25,1,AL,2,1,2018,22.538993055555554,23.80769328920309,1.268700233647536,High Risk
12.99,22.85,12.99,22.85,1,RN,3,3,2018,24.743449074074075,21.465233951098458,3.2782151229756167,High Risk
1169.44,34.45,1169.44,34.45,1,PA,5,1,2017,27.14642361111111,25.8590014312133,1.2874221798978098,High Risk
120.0,19.38,120.0,19.38,1,RJ,12,4,2017,4.646805555555556,22.03125425520648,17.384448699650925,High Risk
101.0,32.63,101.0,32.63,1,RN,3,4,2018,25.39699074074074,21.80708154419944,3.5899091965412993,High Risk
14.0,16.79,14.0,16.79,1,MT,11,2,2017,15.135787037037037,20.190319663727216,5.054532626690179,High Risk
166.8,22.88,166.8,22.88,1,BA,3,2,2018,14.036273148148148,21.681563115400728,7.64528996725258,High Risk
470.0,161.71,470.0,161.71,1,SC,1,0,2018,37.059328703703706,25.516701312744043,11.542627390959662,High Risk
169.9,48.02,169.9,48.02,1,BA,4,0,2018,44.48883101851852,21.1856640331928,23.303166985325717,High Risk
55.0,18.27,55.0,18.27,1,RS,3,2,2018,20.721226851851853,21.349821045357263,0.6285941935054105,High Risk
149.9,18.93,149.9,18.93,1,RJ,3,0,2018,16.27627314814815,26.495868423525554,10.219595275377404,High Risk
