seller_id,total_orders,average_delivery_days,late_rate,average_price,average_freight
0015a82c2db000af6aaaf3ae2ecb0532,3,10.793885030864198,0.0,895.0,21.02
001cca7ae9ae17fb1caed9dfb1094831,234,13.096631647673314,5.555555555555555,104.64542735042734,36.99089743589744
002100f778ceb8431b7a1020ff7ab48f,54,16.192371399176952,16.666666666666664,22.52962962962963,14.417777777777777
003554e2dce176b5555353e4f3555ac8,1,4.646805555555556,0.0,120.0,19.38
004c9cd9d87a3c30c522c48c4fc07416,168,14.43036361882716,7.738095238095238,116.48648809523809,20.977916666666665
00720abe85ba0859807595bbf045a33b,26,8.532746171652422,7.6923076923076925,38.75,12.153076923076924
00ab3eff1b5192e5f1a63bcecfee11c8,1,9.052488425925926,0.0,98.0,12.08
00d8b143d12632bad99c0ad66ad52825,1,7.233344907407408,0.0,86.0,51.1
00ee68308b45bc5e2660cd833c3f81cc,172,9.16644191429802,8.13953488372093,117.79069767441861,18.49220930232558
00fc707aaaad2d31347cf883cd2dfe10,135,15.77124777091907,4.444444444444445,93.96222222222222,16.926592592592595
010543a62bd80aa422851e79a3bc7540,2,9.085081018518519,0.0,708.0,15.975000000000001
010da0602d7774602cd1b3f5fb7b709e,5,26.114687499999995,0.0,169.9,46.05
011b0eaba87386a2ae96a7d32bb531d1,2,25.1803125,0.0,49.99,14.59
01266d4c46afa519678d16a8b683d325,3,5.922897376543209,0.0,30.083333333333332,15.743333333333334
013900e863eace745d3ec7614cab5b1a,26,11.491611467236469,0.0,62.29615384615385,18.064230769230768
014c0679dd340a0e338872e7ec85666a,15,19.02018364197531,13.333333333333334,470.53333333333336,41.88733333333333
014d9a685fd57276679edd00e07089e5,12,8.837832754629629,0.0,60.82333333333333,12.244166666666667
0176f73cc1195f367f7b32db1e5b3aa8,38,13.377644066764132,10.526315789473683,122.18947368421053,33.47552631578947
01bcc9d254a0143f0ce9791b960b2a47,10,12.787733796296296,0.0,139.321,25.148
01c97ebb5cdac52891c0ed1c37ba0012,12,12.708532986111111,0.0,48.125,14.875
01cf7e3d21494c41fb86034f2e714fa1,65,11.565541132478632,4.615384615384616,145.224,30.222307692307695
01ed254b9ff8407dfb9d99ba1e17d923,5,6.675569444444444,0.0,293.198,13.544
01fd077212124329bac32490e8ef80d9,39,7.986924857549857,2.564102564102564,30.974358974358974,14.752820512820513
01fdefa7697d26ad920e9e0346d4bd1b,130,10.75119756054131,6.153846153846154,113.8656153846154,21.002
0241d4d5d36f10f80c644447315af0bd,246,10.94086523261066,5.691056910569105,127.6329268292683,27.86142276422764
0249d282d911d23cb8b869ab49c99f53,11,10.258965698653197,18.181818181818183,35.72727272727273,12.625454545454545
024b564ae893ce8e9bfa02c10a401ece,8,18.18716724537037,0.0,88.30000000000001,26.5
028872bfa080090a9d0abd4f1af168f8,3,16.481273148148148,0.0,23.5,15.79
02b72cdeb9cfcc429f1af6f4e3f3b737,4,12.510251736111112,0.0,130.6625,56.4975
02c988090b766852e088c69d7fb3b551,16,8.518108362268519,0.0,97.77312500000001,12.910625
02d35243ea2e497335cd0f076b45675d,16,25.812436342592594,37.5,362.125,37.871875
02dcd3e8e25bee036e32512bcf175493,15,17.230233796296297,33.33333333333333,89.46000000000001,18.772666666666666
02ecc2a19303f05e59ce133fd923fff7,24,10.815350597993827,0.0,219.34124999999997,19.925416666666667
02f5837340d7eb4f653d676c7256523a,30,9.659020061728395,3.3333333333333335,129.435,19.361
02f623a8eb246f3c5f7c2f96462654e6,44,8.482709648569024,9.090909090909092,144.95454545454547,18.855227272727273
0307f7565ff85b299b6e5ef162b1b1a9,6,15.198894675925928,0.0,785.3166666666666,42.83166666666667
0336182e1b3e92f029d5354832045fdf,2,13.061111111111112,0.0,14.9,8.785
034b9387752bfa309f350a70cd45ffa3,8,8.508582175925927,0.0,12.0,18.0325
038b75b729c8a9a04b0d07cba7eabe86,2,22.549861111111113,50.0,233.5,45.425
039b29ff3b3473435d0cd59040575de9,9,9.107943672839506,0.0,12.766666666666667,11.183333333333334
039e6ad9dae79614493083e241147386,5,14.593856481481481,20.0,2585.0,69.684
03a2a6dcbe45d639c4dc2a0d24769c40,9,10.4471579218107,11.11111111111111,119.82333333333334,19.13888888888889
03bd479e1d9484cdb14104d3023f7321,3,20.46724151234568,33.33333333333333,119.90000000000002,19.24
0417b067eeab773d2f7061a726dc477f,13,17.55735933048433,30.76923076923077,143.01384615384615,49.42846153846154
042573af89b6d931f672efaf789d8358,3,20.024783950617284,33.33333333333333,137.82666666666668,21.69666666666667
04308b1ee57b6625f47df1d56f00eedf,92,18.87600291867955,11.956521739130435,641.2152173913043,32.05239130434783
0432ead42b6c8a0bdf68154add917fdf,87,8.863279320987655,3.4482758620689653,87.06206896551724,13.563218390804598
044668ccd5316b12a7cf0d54a156e3e9,4,7.197418981481482,0.0,34.45,13.3875
04843805947f0fc584fc1969b6e50fe7,2,15.037071759259259,100.0,700.0,37.38
048c2757535328e0d7dac690ad3c0aae,50,18.514625925925927,14.000000000000002,181.3016,24.9466
04aa0a1c5ce6b222003403a3e11c3cc0,17,16.365153867102396,11.76470588235294,324.5882352941176,48.32411764705882
04aba03279157f6d4e0fe8ccaf21963c,15,11.624953703703705,6.666666666666667,161.06666666666666,21.282
04e38a233f726ef161074ab1c9b0399a,24,11.575084394290123,12.5,41.31666666666667,14.819583333333334
04ee0ec01589969663ba5967c0e0bdc0,1,3.0675925925925926,0.0,289.49,24.83
04fdea0c111866e6cf812f1570d6b5bd,8,18.002058738425927,12.5,108.125,21.66875
0509040ea3fe50071181bbc359eb7738,96,11.378378785686728,6.25,38.430729166666666,14.686458333333333
052577151711aec5c744fe12e66db3e1,1,14.03383101851852,0.0,687.0,42.65
054694fa03fe82cec4b7551487331d74,21,30.169812610229275,28.57142857142857,394.5761904761905,31.44
056b4ada5bbc2c50cc7842547dda6b51,65,12.710589921652423,10.76923076923077,187.7446153846154,19.729076923076924
0570350b23eda5444f8d1d9544932058,11,4.799916877104377,0.0,56.99090909090909,11.350909090909092
05730013efda596306417c3b09302475,4,9.451623263888889,0.0,238.0,54.167500000000004
058cb5aeb36d7c0fcae20fc85d5e0a59,12,9.675294174382715,8.333333333333332,103.0,62.318333333333335
058fd0aa2bfdb2274e05e1ae971dabb6,63,10.220733575837741,7.936507936507936,119.83968253968253,13.95047619047619
05a48cc8859962767935ab9087417fbb,1,11.276516203703704,0.0,42.9,16.49
05a940b4ecae36cadfd8e93bd9c43257,9,14.254607767489713,0.0,77.23333333333333,18.77777777777778
05aebce0b5c8f0d41b29b686f2d05fd3,2,6.0006712962962965,50.0,37.495000000000005,22.945
05ca864204d09595ae591b93ea9cf93d,1,5.168472222222222,100.0,179.9,8.52
05d2173d43ea568aa0540eba70d2ca76,66,14.65211595117845,6.0606060606060606,87.26757575757576,25.443484848484847
05e107217c7266362fd44b75b2cd4cc4,8,6.803227719907407,50.0,24.172500000000003,10.251249999999999
05f51e13da97139648b8125c31e5f51b,60,12.294118248456789,15.0,218.33849999999998,31.477500000000003
05feb94f19d094d4b0f9281f0b1d4c99,6,15.371317515432098,0.0,1558.8333333333333,116.17333333333333
05ff92fedb5be47920fea08e501238b9,60,12.246267746913581,5.0,353.933,29.131500000000003
062c325cd6a2b87845fab56b4ec2eeae,2,5.495763888888889,0.0,66.61,11.93
062ce95fa2ad4dfaedfc79260130565f,59,13.336690207156309,3.389830508474576,126.76440677966103,20.073389830508475
06532f10282704ef4c69168b914b77be,8,16.55254195601852,0.0,1228.49375,79.1
06579cb253ecd5a3a12a9e6eb6bf8f47,70,10.958568783068785,15.714285714285714,65.53428571428572,20.293857142857142
066a6914e1ebf3ea95a216c73a986b91,72,14.171297743055556,4.166666666666666,124.39416666666665,22.988611111111112
0691148aee60ca47977c187804f935ae,53,13.014661949685536,3.7735849056603774,110.72660377358491,28.130943396226417
0692610d8abe24f287e9fae90ea0bbee,4,6.603399884259259,25.0,43.4975,7.9325
06a2c3af7b3aee5d69171b0e14f0ee87,402,17.7378431338677,23.6318407960199,89.79597014925372,30.028656716417913
06bb3a2fe5e7b7a845b13e8fb91bd944,18,8.900171039094651,0.0,85.3438888888889,18.11888888888889
06df0c10d34e459d9672bc77388742eb,30,9.701925925925927,10.0,302.3333333333333,17.525666666666666
06e5eefc71ec47ae763c5c6f8db7064f,93,10.9686506869773,2.1505376344086025,232.7813978494624,23.136021505376345
07017df32dc5f2f1d2801e579548d620,9,10.179305555555555,0.0,105.16555555555556,20.194444444444443
070d165398b553f3b4b851c216b8a358,38,11.01272508528265,13.157894736842104,87.715,25.472105263157893
0725b8c0f3f906e58f70cbe76b7c748c,36,11.780044688786008,19.444444444444446,60.04222222222222,19.554166666666667
0743a0239d764b9a0f959a57d07e36ab,4,5.358070023148148,0.0,84.24,16.565
0747d5bb69f0586cc869d8af4c50f93e,13,14.296866096866097,7.6923076923076925,24.83076923076923,13.956923076923077
0761743cbffb25d7148189e9f1a5f03a,7,14.52374007936508,0.0,34.457142857142856,12.314285714285715
077c5fae4bea9500e3737b16f71b9d3a,6,7.973985339506172,0.0,17.8,11.74
0791d9fc1e30678ecf03d3e55fa108d3,11,6.251305765993266,0.0,76.54545454545455,16.99909090909091
079d295dcbf06ee8bb1b65ba964eb2b6,10,6.923537037037038,0.0,34.93,19.079
07a9bc7f61396b658ddf3ac534efe44c,1,5.995138888888889,0.0,119.9,15.59
07bf9669d84d1f11be443a9dd938f698,24,8.712097800925926,0.0,74.0,26.925833333333333
07d75e33f2750d97d467fb57e4dfdd8a,2,11.796643518518518,0.0,361.2,18.595
07de60b03d150fb3ea09eab5da5e4c8b,9,13.419634773662551,11.11111111111111,79.9,18.87777777777778
07e8e8fc5222bb358e6f259da3197074,2,8.63806712962963,0.0,25.9,11.53
080102cd0a76b09e0dcf55fcacc60e05,128,9.722531919126157,3.90625,43.848828125,16.881484375
080199a181c46c657dc5aa235411be3b,83,8.108475011155734,2.4096385542168677,174.74939759036147,12.53831325301205
08061dc0fc165ed41288cc7acde738ee,4,20.068133680555558,25.0,30.95,14.605
08084d990eb3f53af056ccbc1730c8a7,12,8.503523341049382,0.0,31.041666666666668,19.524166666666666
081acf3de680d554796c9cf041be7bc2,8,13.57564525462963,12.5,199.6625,25.6875
082e0bf4cb865a6533b1e8e498cc0255,23,13.150716082930758,13.043478260869565,90.14347826086957,43.08826086956522
085f6f7e049c996695fb2074fe38d45e,8,10.334759837962963,0.0,38.175,16.32
08633c14ef2db992c11f840f04fad4cd,97,10.11452796869034,6.185567010309279,78.80721649484536,14.685773195876289
0873d9f8f36123f8d910f4760e788cfb,6,13.130835262345679,50.0,1210.9316666666666,26.843333333333334
0885aaf116795758dfeb5f1032487bcd,29,5.738515325670498,3.4482758620689653,88.72758620689655,17.208275862068966
0887a9f087bcd5d9f6642b52f897fc6c,12,14.240796682098766,8.333333333333332,136.83333333333334,18.3625
08ad4ac1388e4420ca531c3edfc46198,7,7.046665013227513,0.0,31.66,12.721428571428572
08cdbae123ff67ca4e36d9d641ce0119,6,29.354342206790122,66.66666666666666,516.4983333333333,182.745
08d0949a9a17c027262db1f3c450c26c,12,14.330144675925924,0.0,27.066666666666666,19.42
08d1c9478fb0d7d7fcac9c0da4e82fc7,1,10.392372685185185,0.0,538.0,67.57
08d2d642cf72b622b14dde1d2f5eb2f5,20,14.932358796296295,15.0,45.45,15.307999999999998
08f5819815f3d06545011850bd70f0a8,3,8.471766975308642,0.0,150.66666666666666,23.61
091065b789659bc3cd9af9cb3a6253ff,2,11.264837962962964,0.0,679.5,42.685
0936e1837d0c79253456bbb2ffaaef10,2,18.366805555555555,0.0,19.45,15.56
093805f8f2aeb63881444571e1f48f30,27,8.16587877229081,3.7037037037037033,45.029259259259256,12.738518518518518
094ced053e257ae8cae57205592d6712,19,12.158787158869396,0.0,79.9578947368421,24.15947368421053
0951a6e282947e09cd47969f4ed0b47f,7,4.71951388888889,0.0,70.32857142857144,12.574285714285713
09883d9ab71c8fe8a9bfc7fc3075b07e,4,14.438301504629628,25.0,67.4,15.122499999999999
099095b050cfe8eb1ddff5317587e96e,19,10.407467714424952,15.789473684210526,263.36,36.9521052631579
09bad886111255c5b5030314fc7f1a4a,5,6.468912037037036,0.0,97.5,14.572
09f952a5f58d2285b0372551ae8f9b01,56,13.147993138227514,5.357142857142857,211.09821428571428,27.231428571428573
0a198e95d32b1be2da9424c962a6ebfa,1,16.04769675925926,0.0,69.99,16.68
0a82f5fb06a4fe4ac2cf7cb412ec71b8,2,5.281736111111111,0.0,231.0,11.399999999999999
0a85ebe4e328db81ac9109781205e2f7,12,5.248940007716049,8.333333333333332,55.65833333333333,11.479166666666666
0aa2205ca24f113f4658a5c536667426,11,6.862206439393939,0.0,74.14727272727272,15.68
0ac4201fda2c68ebc0e47cb9423cf3c9,14,12.482843915343917,7.142857142857142,119.77714285714286,16.71357142857143
0ad80de75c811326389cfb1daba7d45e,6,8.998383487654321,0.0,241.5666666666667,19.220000000000002
0adac9fbd9a2b63cccaac4f8756c1ca8,134,12.779218663626313,5.223880597014925,116.10149253731343,17.894776119402987
0ade5cc4a305ed7093a23f68ca47519c,2,6.875769675925927,0.0,79.44,21.195
0aea4c6ae1505b3228ddf3dd7822ee5b,8,18.434872685185184,25.0,178.48875,18.96875
0af2ab31141893d26aca5a404a537dab,1,5.809513888888889,0.0,59.0,15.51
0af977692321d895349eded183341d28,2,2.5402256944444446,0.0,128.875,9.735
0afccdb8a34ee5c79f7c06faf2b4d56e,24,13.473533468364197,8.333333333333332,49.4,15.47875
0b09101900100c0e9d312861fad5a1b9,1,18.53783564814815,0.0,153.75,14.61
0b0ddbc7b9d9584f442c7ac92b0ff6c9,3,11.944313271604939,0.0,472.25333333333333,44.626666666666665
0b18d63d0cd1d723567903fd34a07df2,14,6.88448578042328,0.0,119.86714285714285,18.992142857142856
0b1ca3ef18a63d7eb0c8897fa0849c08,1,6.710289351851852,0.0,55.0,7.87
0b35c634521043bf4b47e21547b99ab5,77,17.4247843013468,11.688311688311687,171.89155844155843,18.89792207792208
0b36063d5818f81ccb94b54adfaebbf5,15,14.543993055555555,0.0,51.0,1.2
0b3f27369a4d8df98f7eb91077e438ac,2,7.161655092592593,0.0,73.255,12.44
0b46f784306be7200ca1700aa55d819f,1,3.2436574074074076,0.0,19.9,10.96
0b64bcdb0784abc139af04077d49a20e,4,8.495092592592593,0.0,34.4,17.052500000000002
0b90b6df587eb83608a64ea8b390cf07,209,14.400937832270069,3.349282296650718,136.328995215311,17.216172248803826
0bae85eb84b9fb3bd773911e89288d54,145,10.269420977011494,0.6896551724137931,51.265931034482755,20.048275862068966
0bb27263628258b8111a0262769fa9db,1,41.68077546296296,0.0,22.2,10.96
0bb738e4d789e63e2267697c42d35a2d,30,11.943653815453384,3.3333333333333335,76.94666666666667,20.564666666666668
0be8ff43f22e456b4e0371b2245e4d01,175,10.33649470899471,6.2857142857142865,64.77714285714286,14.33422857142857
0bebbb2cea103a4a020c95d43fd7d754,9,5.9149704218106995,0.0,151.91111111111113,16.348888888888887
0bf0150d5b9d60d9cd2906003332f085,62,14.129168533452807,19.35483870967742,93.13870967741936,17.705483870967743
0bfd0b434243adc5c2e1aa6baf19c6aa,6,8.463200231481482,0.0,61.86666666666667,10.964999999999998
0c7533c71df861ec58ad7ff999ed0e8d,73,10.596120306950786,4.10958904109589,40.94931506849315,11.975479452054795
0c7f30ae9b147eca07affbef92832a6a,5,8.54264814814815,0.0,95.9,17.522
0c8380b62e38e8a1e6adbeba7eb9688c,218,12.583845300288822,5.045871559633028,79.0320642201835,18.67775229357798
0cab2da43793a6f3c5ed8514c5f54627,3,5.005370370370371,0.0,103.23333333333335,19.066666666666666
0cbcee27c791afa0cdcb08587a2013a8,39,12.96724626068376,10.256410256410255,129.59358974358975,20.09051282051282
0d33a55da925bbf1ff02af5f6059fc7f,24,8.80104118441358,4.166666666666666,22.804166666666664,16.067083333333333
0d4c8269e7f0401201794deef160edd6,4,18.80715277777778,0.0,198.16,24.8475
0d83f8e03188682112cc0d93523705cc,8,25.216799768518516,50.0,87.0325,15.53875
0d85bbda9889ce1f7e63778d24f346eb,58,18.322939814814813,18.96551724137931,83.53793103448275,28.00862068965517
0daf5180aa44356f60f8effa533b55a2,2,8.025891203703704,50.0,72.4,19.415
0db783cfcd3b73998abc6e10e59a102f,137,11.658036631522032,3.64963503649635,66.25839416058393,14.592335766423359
0dd184061fb0eaa7ca37932c68ab91c5,193,11.247586475724429,9.844559585492227,95.57989637305698,27.56217616580311
0ddefe3c7a032b91f4e25b9c3a08fca1,10,8.622295138888889,0.0,40.29,15.0
0df3984f9dfb3d49ac6366acbd3bbb85,88,9.61155579229798,1.1363636363636365,112.40329545454546,16.852840909090908
0dfbed20065e425d2eaefb101f9816c0,3,21.56864197530864,33.33333333333333,28.116666666666664,16.416666666666668
0e44d110fa6a54e121cb2c095a77762f,6,12.001626157407408,16.666666666666664,37.22,11.676666666666668
0e72c1a751b496722a6cb1f10653b62a,3,6.891940586419753,0.0,46.93333333333334,17.1
0e982cff76cc0579f632cea8a0e38c9d,7,8.335092592592591,0.0,138.84285714285713,15.608571428571427
0ea22c1cfbdc755f86b9b54b39c16043,265,11.021397274633124,1.509433962264151,39.97018867924528,15.969735849056603
0eaa7e33d73809f1f925f7d07c506cbd,15,5.903765432098766,0.0,103.46666666666667,12.993333333333334
0ebd97a106433a45a4aebe57c1799778,32,9.262953559027778,0.0,95.2125,19.215
0ec28cec4046a4a199b6de9b4c891d97,4,8.863423032407407,0.0,74.15,14.01
0ed6ce5d87fd9c69eaacaeb778d67235,42,15.995893132716049,14.285714285714285,48.25047619047619,15.97095238095238
0ee4fb99ac55ffbbc98795aa01b7f8fa,1,6.882916666666667,0.0,59.9,11.03
0ef83d7d83ed97cd2a0049ac8be5f88a,55,9.616123106060606,1.8181818181818181,80.382,18.669090909090908
0f0c984a4a955310903b6b6008660bad,4,14.240300925925926,25.0,92.4525,27.892500000000002
0f519b0d2e5eb2227c93dd25038bfc01,1,12.271921296296297,0.0,79.9,23.0
0f7eea709efdf942b5f95c7516dbacd7,3,8.043919753086419,0.0,65.24666666666667,14.773333333333333
0f80a40c312b2472dca482cf50f5186f,1,5.3246064814814815,0.0,129.9,20.1
0f94588695d71662beec8d883ffacf09,1,14.887152777777779,0.0,9.0,18.59
0fe2d9733ed841eb064503920015a8c0,3,8.665925925925926,0.0,129.88,36.23666666666667
0ff83046c3fa22efee8ecf291888b191,11,12.322455808080809,0.0,69.9,23.134545454545457
0ffa40d54288e4f3499b8780dd0f144f,35,13.45839484126984,14.285714285714285,61.79428571428572,16.67628571428571
10076e5788b8ee532724bcd460baf762,26,9.809331374643874,3.8461538461538463,31.595384615384617,14.511538461538462
10089e9f2fd0c668a8fd4e52e1698888,3,7.632048611111112,0.0,379.9666666666667,19.80333333333333
101a3a003516bc11253298b2fad3cb65,6,6.880599922839505,0.0,75.0,12.333333333333334
1025f0e2d44d7041d6cf58b6550e0bfa,1420,12.051349105046949,9.225352112676056,97.32997183098591,23.743943661971834
10264f60a8f0a4d2f30810f5c661c673,4,4.128816550925926,0.0,71.15,10.465
1099a00e0ee3a50935e6c2447ca090c5,3,15.039498456790126,33.33333333333333,283.2333333333333,20.37666666666667
10cdd491d1dbea8fb4ead97b19c334ce,3,7.089984567901234,0.0,69.63333333333334,26.286666666666665
10ff823eda2b032e2c93d17a7d294736,8,9.76951244212963,0.0,143.1225,18.485
112453736dbe3889cfb74e1aaa0ba0c1,14,13.670192625661375,0.0,135.0,18.912142857142857
1127b7f2594683f2510f1c2c834a486b,128,10.25074951171875,6.25,52.10703125,13.81796875
11305281b50fff20ae8bb473f8e11876,40,14.009434317129628,12.5,163.21750000000003,36.11275
113e3a788b935f48aad63e1c41dac1bd,48,12.03533733603395,4.166666666666666,17.653125,14.304166666666667
116ccb1a1604bc88e4d234a8c23f33de,73,8.779757420091324,5.47945205479452,27.464246575342468,12.923835616438357
11742f81550ac064cc9a40f67151d9ad,2,9.095063657407408,0.0,390.95,24.555
117cfc326c6d50da67ca858ff5c0c852,5,6.073467592592593,0.0,90.92,16.296
11938fcc75f6902fea1d0a6f72b54a57,2,22.36358796296296,0.0,297.49,71.08
119c7f1a00ef43fad0e57604e76a747c,2,5.977835648148148,0.0,94.9,8.51
119d1aef1b4144adba89163f6cd9f5d4,4,4.477740162037037,0.0,273.5,51.06
11bfa66332777660bd0640ee84d47006,102,16.1661926969862,17.647058823529413,38.48892156862745,16.496764705882352
11d4c477d09821164bca4f70a2eae031,4,6.707725694444444,0.0,20.76,14.454999999999998
11eac105f3f90a9b87b19c89d91e24f3,5,9.12383101851852,0.0,160.578,24.988
11fb6f6d341adbe19e81733701704635,3,5.362199074074074,0.0,399.0,133.22
120476eb7a04c149d14772edaf5d9bf2,6,6.561263503086419,0.0,394.8,25.138333333333335
1284de4ae8aa26997e748c851557cf0e,3,19.269425154320988,0.0,486.6566666666667,28.956666666666667
128639473a139ac0f3e5f5ade55873a5,554,14.412933066753576,6.31768953068592,21.292148014440432,17.472364620938627
128f9bfbe4c7d5185033914b1de3d39a,15,12.833652006172839,6.666666666666667,84.49266666666668,16.798666666666666
12a8eb0f8d1cd3270695bf2a99f55966,2,20.976712962962964,50.0,198.5,19.835
12b9676b00f60f3b700e83af21824c0e,133,15.053846247563353,1.5037593984962405,198.31578947368422,26.508796992481205
12c2ed9cded6138cf0c75f525f565fc7,4,13.442248263888889,50.0,78.74,12.7625
13074f016982ff2bd6c58ced8682f000,14,14.536311177248677,28.57142857142857,141.21428571428572,55.40428571428571
131fcb0a0c9a47bba4474aacff0f14b7,4,4.300601851851852,0.0,92.45,9.1525
1336efc61c316ddf92c899eb817f7cae,85,11.714715005446624,9.411764705882353,56.90952941176471,17.858588235294118
134285d1f41da5c13a756ee8142c8a4e,4,8.562575231481482,0.0,393.17499999999995,20.2325
134a288e7de827ec5ec62e3ec9c3a295,9,9.450118312757203,0.0,97.49444444444445,14.06111111111111
134b867a0f7f8bbe6abf10f91874891e,1,12.933530092592592,0.0,789.89,132.95
13511db12ac61e2f89c53b72a944a60b,6,9.17029899691358,16.666666666666664,133.0,44.32833333333334
1352e06ae67b410cdae0b2a22361167b,2,34.307094907407404,100.0,89.0,18.05
1354d51653f645349064725ed204e85e,20,9.203769675925926,5.0,120.5,14.236
138dbe45fc62f1e244378131a6801526,58,6.209949113984674,3.4482758620689653,19.406206896551723,11.883448275862069
139157dd4daa45c25b0807ffff348363,1,1.2141782407407407,0.0,29.9,7.78
13c2ed7698b3ca92dad49e849219da59,9,11.545720164609055,0.0,55.40111111111111,17.186666666666667
13d058e4eeac2ce8217660b2f8a05812,22,11.403861531986532,13.636363636363635,169.99,41.25409090909091
13d95f0f6f73943d4ceffad0fc2cd32c,1,22.338900462962965,100.0,249.99,59.33
13dd308f81fea30cc670c656b2b46cc3,3,3.6380208333333335,33.33333333333333,39.23333333333333,11.146666666666667
13e85aac53340018b40c2af68001b7e0,1,17.718125,0.0,17.8,14.12
13f57c12a00ed4610db646b913a7f5c6,13,12.88323896011396,15.384615384615385,49.63076923076923,13.534615384615384
13fa2a6c6b9d0f43cb588d7c82117a12,10,20.52068634259259,30.0,452.8,19.144
141440cad9341e553f8401c574a2aa38,12,6.876103395061729,0.0,107.35000000000001,24.233333333333334
1430239a858e7682bbc43b20758af153,22,7.269936868686869,0.0,28.81772727272727,11.575000000000001
1444c08e64d55fb3c25f0f09c07ffcf2,1,10.39494212962963,0.0,2749.0,69.74
1464afc72f696af775557a821c2e253f,30,11.263420910493828,3.3333333333333335,35.312,15.147333333333334
14a08204d03bb6b6bde8029f801ae0eb,38,8.629664656432748,0.0,57.51052631578948,15.623684210526314
14d7985702e72162bbf13b6beb74ab2b,38,11.145243055555556,13.157894736842104,102.28947368421052,14.578947368421053
14ee35374a7876217954b5fa08e50463,6,17.1668074845679,16.666666666666664,134.83333333333334,19.008333333333333
14f2b3587172b9db894c9bad8dab520b,2,14.027887731481481,0.0,122.0,43.03
152ee17e4c8aaf53dac99f3462e4999b,6,10.735235339506174,0.0,51.49333333333334,15.995
154bdf805377afea75a3bd158e9eab10,1,24.920844907407407,100.0,89.9,19.82
1554a68530182680ad5c8b042c3ab563,267,14.082570138021916,7.116104868913857,108.53797752808988,25.22441947565543
157c3e4b42f81ac4a44e8b1ca2fe9876,31,10.383809363799283,6.451612903225806,82.20967741935483,18.81677419354839
1588ac4010787100dddef64568f0ae35,3,19.871010802469137,0.0,199.99,15.333333333333334
15aac934c58d886785ac1b17953ea898,26,15.578190883190883,15.384615384615385,167.4576923076923,25.603846153846153
15b3b1b81484422eb41df68ac87f1f50,1,14.629606481481481,0.0,43.35,12.69
15cd6eefe58588619aaed41dfa6621b1,18,14.40606802983539,5.555555555555555,90.15222222222222,31.45111111111111
15ead3a5037a918ddb520dfe39a3d2b9,7,18.74991071428571,28.57142857142857,36.357142857142854,20.03142857142857
15fa791d5e017f66402dc28c44480657,8,11.574577546296297,12.5,225.25,22.66125
160851d3ece7aa1a510f8d1a4bb8a8af,2,5.577158564814814,0.0,51.025,19.549999999999997
16090f2ca825584b5a147ab24aa30c86,406,9.222865951696772,10.83743842364532,63.002857142857145,13.312463054187191
160e4f13fd3a64b1b86807be88b5ffb0,4,14.298266782407408,0.0,221.5,23.6125
164a5a8794e6d42e14f55e447b12a3bc,1,13.407523148148147,0.0,73.99,62.77
165b1235e9e9942cb5fae67103576fb0,16,7.1597316261574075,6.25,130.321875,25.290625
165fc07beebdcb6190fba8a06db2a449,64,13.493607494212963,12.5,273.146875,25.00046875
1660ad786c27fd935378b6192a90b417,13,8.91480146011396,7.6923076923076925,120.76923076923077,19.09846153846154
166e8f1381e09651983c38b1f6f91c11,2,14.728483796296295,0.0,39.4,15.1
167fd940acebc789debd6eb418c46e38,5,15.500854166666667,20.0,215.516,20.18
1690cada046eb7e92c12f98b1f8a8167,10,7.352841435185185,10.0,176.0,23.291
16bdc8cefd0e32a6f0824d296c5ad14a,1,9.316840277777779,0.0,41.76,19.32
1703bc09972dab9782e7a9194943b69f,1,12.12505787037037,0.0,249.9,106.21
1710c3aaa9c6b44ec3883ee0fe300e21,2,6.127557870370371,0.0,594.45,18.825000000000003
17306570e772e7718c92a562d33f5f1d,30,13.959468750000001,6.666666666666667,288.0,25.86366666666667
173d56ffbd4c56cb80fc3615487d712b,2,6.838940972222222,0.0,179.0,19.805
1746c1ae87ac63d530c7c943d0ac42e2,1,23.021400462962962,0.0,229.9,22.45
1771297ac436903d1dd6b0e9279aa505,36,9.42039448302469,2.7777777777777777,80.03527777777778,16.254444444444445
1782ce2db72c3dda627d5e7c898104e1,10,27.239915509259255,10.0,201.07999999999998,20.737000000000002
17908cf9b444ee34047cadd5c0f4a516,11,18.88040298821549,9.090909090909092,181.2718181818182,45.583636363636366
17998cf586426bf0f2c3726cb0a4b211,2,8.385243055555556,0.0,34.9,22.86
179d859f51292aac5c10806a356f7af9,19,9.148045199805068,15.789473684210526,21.287894736842105,20.83157894736842
17a053fcb14bd219540cbde0df490be0,148,11.984233061186186,8.108108108108109,272.657027027027,59.197094594594596
17ca9b9e9b9ef8fdb529001b49ebb50f,128,8.056528862847223,2.34375,75.38953125,18.35125
17e34d8224d27a541263c4c64b11a56b,260,14.041841435185184,8.076923076923077,209.3856923076923,19.57773076923077
17eea220a40cc0d2c0c5346379682398,3,25.364583333333332,66.66666666666666,291.99333333333334,25.333333333333332
17f51e7198701186712e53a39c564617,61,22.76142418032787,8.19672131147541,787.1967213114754,160.54803278688524
180c3376aff0e43dd5788709df48a843,10,16.273858796296295,10.0,451.3,20.997
1835b56ce799e6a4dc4eddc053f04066,551,12.770313550278953,10.526315789473683,59.90076225045372,15.649655172413791
1838dd9b8977065acf51d95e0053ea7a,65,12.563077635327636,4.615384615384616,42.315384615384616,18.65830769230769
184725737946a1a938bbbd1a9e978103,3,8.57604938271605,0.0,119.90000000000002,14.623333333333335
184a67a8f9f63234d3a92340bbdb727f,10,16.158923611111113,0.0,24.628999999999998,19.056
186cdd1b2df32caa72cfb410bba768d3,6,8.898485725308642,0.0,223.57499999999996,44.71333333333334
189ca3538ce9f920cacf0f982cbe223b,5,4.781097222222222,0.0,83.8,12.534
18a349e75d307f4b4cc646a691ed4216,128,11.065197663483795,5.46875,58.009453125,14.77078125
18e694e0e48ed6f7aa3f24aade5fd697,34,6.078709490740741,2.941176470588235,20.633529411764705,14.830294117647059
1900267e848ceeba8fa32d80c1a5f5a8,523,12.79522909142412,9.94263862332696,47.11198852772466,15.372791586998089
191d55f7edb8524d525ed01b20fe32e8,3,22.529178240740745,33.33333333333333,249.0,21.933333333333334
1927cdb9fa74f5270097f6250e8e8f34,1,8.128900462962964,0.0,120.0,58.92
19484c79cef6c062cb177aa4ef2fcc3c,1,21.42582175925926,100.0,201.9,10.16
1961c3e1272bfeceb05d0b78b5bbfdaf,3,5.429124228395062,0.0,219.0,13.003333333333332
1976a05ecf2996d6ffb7b5430e635fe7,9,16.67528034979424,22.22222222222222,199.57777777777778,43.82888888888889
1987cd4be10fe09ee50454f9c354d1c6,16,15.736322337962962,6.25,179.85625,16.095625000000002
198c7ea11960a9844b544d9bcdca860c,25,14.513364814814816,12.0,69.35000000000001,19.6652
1996942dc085d7773ba77a529b163cd0,9,11.793770576131687,0.0,264.8355555555556,20.586666666666666
19a7c9f66ffa6452ff4b4c0cca71da27,1,25.18634259259259,0.0,279.0,59.74
19d62d484cba71963c93f0f00ab42013,1,13.946666666666667,0.0,139.9,22.69
19e0f40a907ec568c34bfac15de4f4a1,4,5.835399305555556,0.0,44.5,10.405000000000001
1a3df491d1c4f1589fc2b934ada68bf2,171,15.035251380766733,5.263157894736842,131.41754385964913,23.849298245614037
1a8e2d9c38b84a9702ac7922924b0573,1,15.598125,0.0,80.0,17.0
1a932caad4f9d804097d7f8e615baed1,30,8.8093487654321,13.333333333333334,155.36666666666667,34.681666666666665
1acde099eb406aa220b1169b188b42da,10,12.417634259259259,0.0,31.109999999999996,14.74
1b0b0f4f95e962d6f32fe90c759d0479,2,9.46238425925926,0.0,69.9,11.685
1b1ae47a313a825a7ccceb8e2e30fa9d,10,10.654221064814816,0.0,218.4,22.937
1b45169b635ef59425637e9a33eb5fb3,8,7.7693084490740745,0.0,38.6125,13.80625
1b4b28463457a256e9a784ebe2a8f630,1,14.144814814814815,100.0,699.42,15.92
1b4c3a6f53068f0b6944d2d005c9fc89,115,14.341758756038647,6.086956521739131,125.39565217391305,25.882521739130436
1b61fb1f0f2185d89e9a126c498e9cc7,1,11.358564814814814,0.0,49.7,16.11
1b65c144b17e607c0f37f10bb7dfec8d,5,8.770837962962963,0.0,221.9,28.97
1b7e5006cb25dd23ce8686691013b121,11,15.486682449494948,18.181818181818183,239.70363636363635,13.565454545454545
1b8356dabde1d35e17cef975c3f82730,60,10.25928761574074,1.6666666666666667,56.10666666666667,16.1705
1b8b75e227c9a9c100d0c210fb6176ce,15,14.996113425925927,6.666666666666667,96.32466666666667,13.574666666666667
1b938a7ec6ac5061a66a3766e0e75f90,31,11.376438172043011,3.225806451612903,124.50967741935484,27.730645161290322
1bb2bdb95f4841f1bba2c0d2cd83d3c9,83,12.310494477911647,7.228915662650602,59.1055421686747,13.471927710843374
1bb3812d5f0747a3ab7348f199001a10,9,12.761235853909465,0.0,92.71111111111111,23.907777777777778
1bc2e21de46adfea6b98cc96b00f3b40,5,16.773094907407405,0.0,207.99,20.520000000000003
1c129092bf23f28a5930387c980c0dfc,219,11.589614673177744,5.0228310502283104,43.5096803652968,13.797123287671234
1c40343cc5d18c2d8248ac2f3366de34,22,7.398569549663299,9.090909090909092,111.88227272727272,17.18227272727273
1c56ffe0e9dea2657fc6e95b53f40b13,3,6.678163580246914,0.0,61.0,28.13
1c5e4e49b9079480255b49d50aac1aa9,12,8.798226273148147,0.0,847.7591666666667,74.13416666666667
1c68394e931a64f90ea236c5ea590300,171,15.752728909465022,3.508771929824561,145.22076023391813,16.938070175438597
1c742ac33582852aaf3bcfbf5893abcf,1,6.017256944444444,0.0,97.9,15.79
1c83418358f249c9d6affa52d579db0e,1,10.189027777777778,0.0,24.9,14.52
1ca4bdb0cd7fc48e949bac066188ed26,3,14.298279320987653,33.33333333333333,380.0,121.14999999999999
1ca7077d890b907f89be8c954a02686a,127,15.028811242344707,19.68503937007874,98.22551181102362,11.984330708661417
1caf283236cd69af44cbc09a0a1e7d32,37,14.053003003003003,10.81081081081081,24.8,16.558108108108108
1cbcd2ee0afb3fc09963b87eb65e7e4f,3,4.318333333333333,0.0,30.0,13.550000000000002
1cbd32d00d01bb8087a5eb088612fd9c,12,12.195066550925924,8.333333333333332,87.1225,20.338333333333335
1cbd50a8c52e6cf8e315c5709fab386f,9,19.0249537037037,11.11111111111111,87.33,24.52111111111111
1cbdc7cf130a41fd13a3c2a7d2fcfda7,2,8.690578703703704,0.0,82.9,29.905
1cd9e0cc1839d55516843def5600816d,5,7.781398148148147,0.0,165.0,20.344
1ce3ae5a399804d1a87e706f8a813c3e,44,13.677545244107744,9.090909090909092,58.25,19.402045454545455
1d0646a72178a6fb37ee8082140e06ec,2,7.651782407407408,0.0,30.5,18.31
1d0997ff06b524ce9289ffd75114ecd3,3,17.01238425925926,33.33333333333333,1249.0,42.19
1d139e3a3b14025640d8df1b230aace0,2,7.653206018518519,0.0,18.245,17.345
1d1bbb8ac1581824986f582583fff01d,4,9.16330439814815,25.0,41.72,14.897499999999999
1d2732ef8321502ee8488e8bed1ab8cd,5,11.34351388888889,20.0,229.6,16.036
1d29dfba02015238dfbe2449a5eaa361,12,15.374400077160493,8.333333333333332,51.06666666666666,14.76
1d4587203296c8f4ad134dc286fa6db0,41,9.532752371273713,4.878048780487805,55.792682926829265,15.961219512195122
1d503743d2526f03f0c2c89540ee008c,17,8.949377723311546,5.88235294117647,30.355294117647055,12.028823529411765
1d8dbc4f32378d715c717c1c1fc57bae,97,15.572452510500192,9.278350515463918,115.52567010309278,21.49639175257732
1d953075c2f0dd990bacf27b83b330f1,1,7.282638888888889,0.0,59.0,19.32
1da366cade6d8276e7d8beea7af5d4bf,48,17.411914544753085,12.5,132.26229166666667,35.166875
1da3aeb70d7989d1e6d9b0e887f97c23,324,8.350644397290809,4.938271604938271,26.8258024691358,12.887407407407409
1dc2de47ee26a0a5b12dc14fd6dc0dea,27,14.691942301097393,11.11111111111111,61.86296296296296,22.85925925925926
1dcfa3835714681d4ba4a93bc1e0fd41,14,15.82355076058201,0.0,84.75714285714287,21.205714285714286
1dd33b8119b3cb1056ed5dc88cd0aaf4,8,10.906626157407407,12.5,189.125,16.0925
1de62b6f2fd96227629786db492433db,2,8.235648148148147,0.0,104.4,14.365
1dfe5347016252a7884b694d4f10f5c4,26,19.4560385505698,23.076923076923077,62.78846153846154,16.155384615384616
1e26c56af8d48424e1df0140a2401f83,2,5.251145833333333,0.0,129.45,16.745
1e47d8b6546eb3a77b1acddcc9406242,1,35.493993055555556,0.0,149.9,16.81
1e47defeeadeca0e9a18fa5a9311e735,3,12.017928240740739,0.0,78.04,19.166666666666668
1e483cc5c76fef08d3ca05f9a8af7d01,10,7.953118055555555,0.0,16.609,10.228
1e8b33f18b4f7598d87f5cbee2282cc2,139,7.793638339328537,4.316546762589928,123.98244604316548,19.356187050359715
1e8c6a4c538f286aee9573239740a4b4,5,7.40725925925926,0.0,71.94,17.424
1e9d5a33694bddb76316fd1f54734d20,2,12.253842592592592,0.0,159.0,75.47
1eade46fba20122dc4aefb379f8c636b,75,12.068996913580246,13.333333333333334,48.471599999999995,13.844533333333333
1f1bb1f0859883505541bdd6606193e5,29,14.172133620689655,10.344827586206897,553.1324137931034,18.00103448275862
1f2eebc0e970fd3c463e4f5d9652687a,1,11.451400462962964,100.0,44.99,8.48
1f50f920176fa81dab994f9023523100,1926,15.571830969241567,9.44963655244029,55.37679646936656,18.202092419522327
1f7dfad2cb384ea4d2d7e1ffbd78c407,1,6.361909722222222,0.0,49.0,8.29
1f7fd2a6fcd5a6fa5d8a4dabc72aaae0,3,7.109780092592593,0.0,177.26666666666665,33.626666666666665
1f867308a0ce13133a4e639ff4de0c02,13,10.371266025641026,0.0,67.31538461538462,16.14
1f9ab4708f3056ede07124aad39a2554,77,14.565484607984606,5.194805194805195,172.89519480519482,30.90545454545455
1fa2d3def6adfa70e58c276bb64fe5bb,1,6.255381944444444,0.0,6.9,9.0
1fbe10c70e30765ed1de86d9f7e98409,6,8.043780864197531,0.0,16.458333333333332,9.893333333333333
1fdc574883ef3b33ad41562d93f3a74a,18,11.25219843106996,5.555555555555555,236.16666666666666,15.181666666666665
1fe5540d7c1c37a595fefbacd5570d9e,25,11.997797222222223,4.0,181.50400000000002,23.246
1fe61aa5494bd3ae92a2c13e067c810f,2,7.990543981481482,0.0,268.88,50.41
2009a095de2a2a41626f6c6d7722678d,12,9.82987750771605,0.0,32.4075,16.128333333333334
2039c5e51785b5dde7cf93ccb3b7be2c,1,8.269247685185185,0.0,159.9,13.78
204b4e07bddef3c9b317f70189135b22,1,10.187997685185184,0.0,73.4,14.73
2059c39f76271d4ca3f15b5ffaccc8b8,12,9.585923032407408,0.0,50.40833333333333,15.532499999999999
20611af7866c6068fd5ae1f9dbe15c92,2,8.539311342592592,0.0,109.9,57.25
2063dd1b9f568df1c16741ea7d3e6adb,3,12.651215277777778,0.0,254.36666666666667,19.05666666666667
2075d8cd4dd63ff12df0749a5866bb06,3,4.744471450617284,0.0,61.56666666666666,19.176666666666666
2089a6d640999f9b9141ac719b2af596,41,19.527540932700994,14.634146341463413,187.22,15.624634146341464
20a7efa9721046319bdde5d60b6b5365,6,15.33033564814815,0.0,83.53333333333335,15.898333333333333
20a8b0dc55da94fe74d112082427c84f,7,8.23525462962963,14.285714285714285,58.199999999999996,17.711428571428574
20b54c376b794ed028df09a3cd88e8dc,7,21.161888227513227,28.57142857142857,132.55285714285714,16.314285714285713
20cb7c2fde3e5bf10f0bbe7394e1c6a9,50,12.152555787037038,10.0,16.9,15.603
20d53aad4fe5ee93a64f8839609d3586,1,39.27744212962963,100.0,14.5,12.48
20d83f3ef0e6925fd74bfd59170babf7,54,8.516469478737998,3.7037037037037033,53.770370370370365,12.10388888888889
20f0aeea30bc3b8c4420be8ced4226c0,1,44.71587962962963,100.0,14.9,14.52
2138ccb85b11a4ec1e37afbd1c8eda1f,419,11.263819941660037,5.4892601431980905,28.85255369928401,14.087517899761338
213b25e6f54661939f11710a6fddb871,190,15.226612816764133,11.052631578947368,79.50500000000001,17.79478947368421
213fafb0ca06fb3d5886579c2565791b,3,4.259791666666667,0.0,63.23333333333334,9.053333333333333
2156f2671501a81034d7d07f217609d0,21,15.281910824514991,14.285714285714285,138.54761904761904,18.73761904761905
217f005bb37ff3aeef5b2ae1788e75ba,2,14.454687499999999,0.0,24.99,15.075
218d46b86c1881d022bce9c68a7d4b15,420,13.80322260802469,9.047619047619047,127.88166666666667,17.744380952380954
218f991754f360af9c2daa5e0b8e990c,17,13.213410947712418,11.76470588235294,209.07764705882354,15.601176470588237
2199e7fe213c16213bf5d6a7eadc9a5d,30,11.14721913580247,3.3333333333333335,125.57633333333334,18.060333333333332
21c62b998a043ebe31161d38f84929fc,4,13.303304398148148,0.0,187.6225,22.71
21d59342ba150175ca2aa4f8faddeca6,2,8.62144675925926,0.0,129.95,37.195
21e83881401b92b49fb09a16d3852291,13,10.997335292022793,0.0,239.15846153846152,38.23307692307692
2235cf78d3e2073a88146a9cb60f0dd0,1,14.215081018518518,0.0,178.99,25.77
226b05fe067266c59c15dae208213d06,11,9.617001262626262,0.0,96.08181818181819,17.152727272727272
228e4c1a0be164f613d41c24345f9d2c,5,11.118863425925927,0.0,107.94000000000001,45.948
229c3efbfb0ea2058de4ccdfbc3d784a,145,10.838898148148148,2.0689655172413794,106.75172413793103,15.866965517241379
22a23e5ac7061fc538cc2a019afaaf16,1,11.029351851851851,0.0,95.0,14.42
22c32ec35d0116ef02c281798a25bf8b,6,9.717814429012346,0.0,19.93,15.071666666666667
2305ab43e846518f58dd9d59f3f54e96,3,11.829328703703704,0.0,262.9633333333333,14.123333333333335
232a6014e7b10cba61c6c2b2ea6bb4b0,35,13.63965939153439,5.714285714285714,109.14200000000001,34.202
23613d49c3ac2bd302259e55c06c050c,79,13.88935785864979,13.924050632911392,53.07721518987342,25.7473417721519
236585a4ddb5fea9fa40233e2249ed91,11,13.136474116161617,9.090909090909092,59.04818181818182,17.10363636363636
2379bdc3888025689a9deb7b141507d5,9,18.42511059670782,33.33333333333333,111.05555555555556,14.012222222222222
238fac594e170b59c6d228f5a4f4f1d9,30,12.48156674382716,13.333333333333334,104.2,47.31733333333333
23a0ffca143a15b9b5bbdb7d552f626a,24,11.143974729938272,12.5,154.93791666666667,24.407083333333333
23c38debaffe4a25a30fdbd9b586a13f,46,11.556786936392914,15.217391304347828,117.00391304347826,18.13869565217391
23ca5f678e0b3ea6c630b30fa8bf51ea,7,7.506428571428572,0.0,26.142857142857142,13.77
23d7c96d4a1160db1c726b248601b25a,52,13.258936075498575,11.538461538461538,204.96615384615384,24.787115384615387
23ff42c4bf1f8f16cddb19d8b972974a,3,12.354687499999999,0.0,58.23333333333334,17.656666666666666
240b9776d844d37535668549a396af32,35,11.357760582010583,5.714285714285714,380.91685714285717,23.98742857142857
244b04680fdbded0acf5aebd9c92b44a,2,38.01493055555555,50.0,850.9000000000001,43.495
244c2f1bff6afe1f2eaf9bfe9b2aed38,27,15.374535322359396,14.814814814814813,95.55555555555556,44.99518518518518
247587846358bb1d2e4c6522020b36fe,1,4.81011574074074,0.0,99.0,22.51
2493dc3f20131696a0ecdb9948051a8d,4,9.174956597222222,0.0,126.095,17.6725
249f0e9905a6e06ad6c6bea7547ab9f6,3,6.271500771604939,0.0,115.98333333333333,13.013333333333334
24a6daf925d9d591870a66660416de31,2,13.617193287037036,0.0,30.0,15.04
24c1de8d9551c0b4fbc53317d53efda8,1,12.779282407407408,0.0,355.0,57.12
2528513dd95219a6013d4d05176e391a,166,10.570914839915217,5.421686746987952,196.74819277108435,22.534759036144578
2528744c5ef5d955adc318720a94d2e7,5,10.070645833333334,0.0,1249.0,52.739999999999995
252e76235acb79183cfca6e34f13337d,4,14.787332175925926,0.0,65.3,15.1425
253c025bab43881055aeecde5e2d8b77,2,16.56265625,50.0,47.41,14.754999999999999
253f95b3a0e6983ae18aed49fbc2b845,5,9.206965277777778,0.0,159.9,18.288
257e61d3251fb5efb9daadddbc2cf7ca,12,8.095081018518519,0.0,644.0833333333334,89.765
258447aad3f7b01e2643c89f64dc5647,1,7.945914351851852,0.0,51.9,19.55
259f7b5e6e482c230e5bfaa670b6bb8f,162,8.603689700502972,1.8518518518518516,51.809506172839505,16.63135802469136
25be943a321c8938947bdaabca979a90,3,3.203792438271605,0.0,159.66666666666666,31.876666666666665
25c5c91f63607446a97b143d2d535d31,266,13.9284769649819,6.015037593984962,203.79240601503759,26.11248120300752
25cf099de44674fde97473224f9d59ab,50,9.392387962962964,4.0,33.0872,14.103800000000001
25debeafbce801fdd479539350185eee,6,14.713342978395062,0.0,39.641666666666666,14.520000000000001
25e47381a6c510ddeb36084e33b89f0c,17,9.804970043572984,0.0,75.85882352941178,16.59470588235294
25e6ffe976bd75618accfe16cefcbd0d,115,9.97521205716586,5.217391304347826,100.4575652173913,14.67113043478261
262237171f48e85819065498cac80d7b,10,8.981194444444444,0.0,59.9,15.0
2646baaf662d4d92ac48f047e35db92d,18,5.476682741769547,11.11111111111111,70.16944444444444,15.907777777777776
26562f211dd1364af2a8596dc945e8ae,2,2.2555555555555555,0.0,49.5,8.055
265fdc289dffa9f1ad801c74f7d0de47,1,7.357453703703704,0.0,495.0,51.55
26785a546900236d66f2e4197c211158,15,5.767207561728395,0.0,67.94666666666667,15.03
269c5fc9fcadee614364c3620c30a1f9,6,4.606662808641976,33.33333333333333,34.93333333333333,7.52
269cff2d3c8d205c11f37a52402ea93b,5,7.116787037037037,0.0,256.318,26.682
26af45f5dfd967225a832838aa4e24a3,11,9.170877525252525,0.0,52.1,18.046363636363637
26b482dccfa29bd2e40703ba45523702,4,3.457259837962963,0.0,86.195,16.9075
26bad72add1f86e08a776ce4ffdaf1ca,7,10.942886904761904,0.0,88.85714285714286,17.702857142857145
26d6bbee02420494d471c9f6436929c0,13,7.971907941595442,0.0,33.423846153846156,19.014615384615386
26d8a1c7c75d513045798992ead43aa2,36,12.476636766975309,8.333333333333332,164.92027777777778,18.14805555555556
26e13b6ff5b641b329e5524241ee2c93,4,6.638492476851852,0.0,29.924999999999997,17.494999999999997
26e2c91ef821e1ff8985f408788fe35b,14,24.875859788359787,35.714285714285715,117.81428571428572,19.605
26e2e5033827d2ba53929f43e03d8ffe,1,5.269074074074074,0.0,139.49,15.29
26f6b7ab07be3e9e69ce82a6552efc19,2,10.984780092592594,50.0,27.4,12.975
270297ead4c65a6cd2593960d2af6b21,19,14.4933089668616,0.0,491.81052631578945,28.282105263157895
270572bb714b00531be85e16e1550f26,1,11.073055555555555,0.0,96.99,14.77
2709af9587499e95e803a6498a5a56e9,46,12.697238828502414,50.0,25.664347826086956,11.950652173913044
270d3ef21830ad0ecf3a6c53d08a533a,17,11.425807461873639,0.0,27.705882352941178,12.800588235294118
271b8923c6a549e02d3c9fd1f8c0422b,1,14.175335648148149,100.0,105.19,13.4
271c58a1d139c45eaf3316107c6d3a3b,27,13.15568329903978,7.4074074074074066,133.24555555555557,23.515555555555554
272f092de69afedd4d2969440b37f18f,39,9.34806564577398,0.0,47.341794871794875,13.541794871794872
2745f798279e0ed033addcc1474776d7,32,13.36188548900463,9.375,114.64156249999999,21.764375
276677b5d08786d5dce7c2149dcce48b,45,11.097764146090535,6.666666666666667,76.09333333333333,17.005555555555556
27a56ff04b34c2ba34ce6ba4d3b9d616,8,12.881733217592593,12.5,43.661249999999995,12.8725
282c7480173bb9c01dd41cc739fec010,8,13.806019965277779,12.5,534.275,24.013749999999998
282f23a9769b2690c5dda22e316f9941,109,11.209118459055386,4.587155963302752,59.30532110091743,17.126330275229357
28405831a29823802aa22c084cfd0649,6,7.19403163580247,0.0,35.0,12.138333333333334
28872dc528e978a639754bc8c2ce5a4c,1,4.039108796296296,0.0,1009.9,29.0
289cdb325fb7e7f891c38608bf9e0962,125,6.65641787037037,1.6,107.2844,16.60416
28a26ebce31d5918b181ede016fd693b,1,11.071064814814815,0.0,29.9,17.14
28c7d8743fbc8679f484868cc0fcaefb,3,13.52462962962963,0.0,67.16666666666667,22.953333333333333
28d162ab86bb49d719c32f0ee6186eaa,1,16.388842592592592,0.0,109.99,17.21
28ea411b354f14b1a494be4e79f0ce02,6,8.916840277777778,16.666666666666664,136.66666666666666,12.821666666666667
28f10b1c5e5abb9d4857745bede6147c,28,7.637304894179894,21.428571428571427,29.821428571428573,12.515
28fb0829fd777877cdc350d25cb5bd5b,2,14.081875,0.0,139.9,21.04
293dee954235e4e4e43f129313625ebe,8,14.440222800925927,0.0,222.365,30.0375
2953ce3a88f5e3c3b696d77fc9e4c8eb,15,8.075856481481482,26.666666666666668,31.333333333333332,10.754666666666667
296729ffb9b684050dd24836dac4494a,2,7.2698784722222225,0.0,57.0,17.805
297d5eccd19fa9a83b2630071ff105e4,8,6.882055844907407,0.0,104.37125,17.72
299c89a525fee36c567f4fe72f038100,1,9.31943287037037,0.0,189.0,53.67
29c322e3f09f886f8bacbe91dfbd979e,2,6.673425925925926,0.0,24.49,28.295
29e6e05b65f93bc224c644319dc52ecf,4,6.916348379629629,0.0,118.9,20.83
29fe9f200d3fa0c668d2aa1ec7e08dfb,5,10.749125000000001,0.0,80.0,22.832
2a1348e9addc1af5aaa619b1a3679d6b,51,27.20355324074074,29.411764705882355,52.89019607843137,14.262156862745098
2a167ca73899c85001a837d8fb4962f6,3,7.400652006172838,0.0,1365.6666666666667,33.54
2a261b5b644fa05f4f2700eb93544f2c,82,14.461137929087624,21.951219512195124,65.3048780487805,24.899146341463414
2a50b7ee5aebecc6fd0ff9784a4747d6,2,39.73696759259259,100.0,99.9,32.22
2a5b78b41cd05baeac8df54c6606b92c,56,9.337563657407406,1.7857142857142856,277.755,18.235535714285714
2a61c271b1ac763450d846849783e922,22,19.742697285353533,13.636363636363635,67.58045454545454,21.921363636363637
2a6fbeaa7ab9e5d59a35841a8da71ce4,30,14.512402777777776,6.666666666666667,54.42633333333333,21.083000000000002
2a73cba571d90c694b7caca072ccf6ce,2,21.333020833333332,100.0,171.39,19.35
2a7c6c0b0d5efde2bf75ec1e1cec2d41,3,10.607287808641976,0.0,49.199999999999996,14.813333333333333
2a7dc43cecabf23403078e2188437d1d,54,12.955495756172839,7.4074074074074066,88.81314814814814,15.439074074074075
2a84855fd20af891be03bc5924d2b453,159,8.543380066387142,3.1446540880503147,94.27044025157232,20.60830188679245
2aa3443d7bf9d9bb11133f420d75e083,10,10.573586805555555,20.0,64.7,13.412
2aafae69bf4c41fbd94053d9413e87ee,2,8.844872685185186,0.0,47.0,14.934999999999999
2addf05f476d0637864454e93ba673d5,12,10.398473186728395,0.0,379.3333333333333,27.136666666666667
2b03ac196f5ed62ac483960fe0fa3b65,7,12.89291832010582,14.285714285714285,120.44285714285715,13.155714285714286
2b1a40c1daabc6ca280c4b815c101841,33,13.906648779461278,3.0303030303030303,374.0181818181818,55.549696969696974
2b2fed75b8e5ea3a052fc4c0825da485,4,4.906539351851851,0.0,127.725,14.9825
2b3b9ce054da76a7428df143a567b156,6,7.049924768518519,0.0,50.166666666666664,10.38
2b3e4a2a3ea8e01938cabda2a3e5cc79,54,8.700260845336077,0.0,437.57685185185187,16.776851851851852
2b402d5dc42554061f8ea98d1916f148,1,6.000300925925926,0.0,299.89,63.9
2b5ed0c9139dae8883a200dfcb272ece,4,16.871241319444444,25.0,21.3525,14.835
2ba91c7ad80ff88b23b7db823b43c233,6,18.654373070987656,33.33333333333333,123.39999999999999,16.655
2bd05d410a8fd26dc4184a15f4f2f588,7,9.337569444444444,0.0,188.1042857142857,28.36285714285714
2bdb95a56a36ebbc6640337ac5eac174,1,5.851944444444444,0.0,89.9,18.0
2be17df1c49978426251562096c3cc09,16,12.265654658564815,6.25,135.3125,19.534375
2bf28e311bba65237358230cabac3f15,8,12.415434027777778,25.0,36.75,22.985
2bf6a2c1e71bbd29a4ad64e6d3c3629f,31,13.368179510155315,9.67741935483871,1633.1903225806452,32.27709677419355
2c00c85d30361cd2ced2969cffbbffa3,1,1.8740625,0.0,49.8,7.71
2c2c9832d1bb38c5b0034a3b47d313ee,1,12.09361111111111,0.0,49.9,18.45
2c3d56f92f360fb89d849b84e8f50eae,7,13.617607473544975,28.57142857142857,60.728571428571435,15.965714285714284
2c43fb513632d29b3b58df74816f1b06,3,4.594564043209877,0.0,286.0,24.05666666666667
2c4c47cb51acd5ea5db5e0ae0e26542a,15,10.8107237654321,0.0,171.72666666666666,22.764666666666667
2c538755f1ca9540af144f266e70df6c,1,6.557847222222223,0.0,334.99,24.92
2c54051840f19eca309a5423cf22df36,2,8.931585648148149,0.0,11.85,14.285
2c9005d8043aff18b8557ffb7b13cda4,1,7.852303240740741,0.0,109.9,19.74
2c9e548be18521d1c43cde1c582c6de8,171,13.734119693523933,16.95906432748538,35.16701754385965,14.365672514619884
2cb4700db635baa1c0d4f90ed27b6669,2,16.483385416666668,0.0,99.9,14.46
2cb6eb1b7185064167657fa09f541105,7,8.328468915343915,0.0,173.9857142857143,23.54
2cb98e27ce1c18abdb42209b34c382a7,1,19.064525462962962,0.0,62.49,57.21
2d20f1cd18725c91147da0791d498022,1,9.953344907407407,0.0,99.8,19.89
2d22fc3089eb907b29ebff50581fb472,3,9.620108024691358,0.0,105.90000000000002,19.896666666666665
2d2322d842118867781fc737e96d59a1,10,7.23734837962963,10.0,17.64,10.497
2d2c62bef4c8ba0dd74e0e228e808539,16,10.307319878472223,12.5,234.3125,30.0925
2d34636518ba88f5349b732fcf8ba2e4,1,10.83261574074074,0.0,150.0,18.63
2d378dbb39815785238c0139c7647fb7,2,19.639346064814816,0.0,577.0,150.22
2d42ebcda99fd55f6f4bc2f1ca035d50,11,9.647195917508418,0.0,83.77272727272727,25.679090909090913
2d50d6282f8aa2257819a77bfaa0efe0,43,13.762621393195522,13.953488372093023,69.9646511627907,17.538837209302326
2d518637f53161b973e01f56ea4bb88e,13,13.663798967236469,0.0,93.8376923076923,24.60076923076923
2d8cfba3fcd3170555941605edaa196a,1,4.953564814814815,0.0,45.0,10.96
2d9e8987a2ea5cf88dce330249043ff1,2,8.896828703703704,0.0,119.9,52.185
2dcf93836ae3ce0d7c93e2f10876467a,12,6.535892168209877,16.666666666666664,120.31666666666666,14.886666666666665
2dd1fb6f0e42a2243b8a01e40cd41216,4,15.735182291666668,0.0,171.7225,20.1075
2dee2ce60de9709b1a24083217181a1f,55,14.45154356060606,3.6363636363636362,141.53636363636363,37.455636363636366
2e0dba2da448400b1c11d7b4b22f32a4,13,8.837432336182335,0.0,18.143846153846155,13.217692307692309
2e13c71026e1a39ba5cc1b86dcb679aa,28,10.368659060846563,7.142857142857142,135.46428571428572,18.471785714285716
2e1a7d075abe038c1b2743005fe42ff1,22,14.954498106060607,27.27272727272727,62.127272727272725,15.67681818181818
2e1c9f22be269ef4643f826c9e650a52,167,9.716660983588378,6.58682634730539,72.8756886227545,13.899880239520959
2e2f44824ab87a0cb961f68bf4073e7f,1,10.955590277777778,0.0,48.0,17.93
2e3be8a987a30d7544dbbda6861cc14e,15,14.025557098765432,6.666666666666667,164.85733333333334,18.53666666666667
2e7ea2aafec5835e781b21d6d1faf1f1,7,7.159899140211641,14.285714285714285,75.48571428571428,16.888571428571428
2e90cb1677d35cfe24eef47d441b7c87,137,12.098287037037037,12.408759124087592,101.42124087591242,21.076277372262776
2ea0861cc19e94cad86438c984c52da4,6,5.2506057098765435,0.0,27.599999999999998,10.408333333333333
2eb70248d66e0e3ef83659f71b244378,197,17.974676865952247,14.213197969543149,197.92243654822335,15.51274111675127
2ec6e37d992a95eaddb3369dcbcc76d9,2,9.651765046296296,0.0,79.9,12.07
2ee0a0689f2f6a72f35a7cb6033f6e7e,4,9.681559606481482,0.0,68.0,13.21
2eeb6531ee027a48d401e72bebdd87d3,3,12.211415895061728,0.0,12.899999999999999,13.333333333333334
2ef086a599b597572aca4433b7ed6b3d,1,11.24431712962963,0.0,49.0,15.1
2f09f7d37a97956d11cc1a7cadd5262b,8,13.084930555555555,12.5,78.125,15.86375
2f1e7b90e01d9f086cbcb301c0c3d406,1,7.110335648148149,0.0,59.0,12.66
2f3d8b4c9e2ee165075331fea3f3095a,1,12.331180555555555,0.0,130.0,17.35
2f4b0d3b9634b647d4edee577d7ebb7e,11,6.510919612794613,0.0,30.718181818181815,7.673636363636363
2f4b9d112bfa44a214bc6cef085d17c8,6,14.16099151234568,0.0,48.998333333333335,19.878333333333334
2f73e04d12cdf0c945ded66bb3fcf6c7,3,13.595486111111109,0.0,453.0,33.949999999999996
2f74af7a0ee5636f12c2336f9fffed47,13,9.696574964387464,0.0,43.130769230769225,12.597692307692306
2f9b7ce230a057a98a9f5df5893ee36c,2,10.458252314814814,0.0,70.91,15.015
2fa13c8bd5705d279f7ed5cc9ec61c68,4,5.193368055555556,0.0,21.85,15.325
2fb25ab44bdbeae6a4d816e0d0c9d500,5,8.520905092592592,0.0,136.616,15.642000000000001
2fdde51ad3e12f297da656d4fbd5d0b5,9,15.266977880658438,0.0,644.7777777777778,61.32444444444444
2ff6b7bff164ef05590a52734e1296da,7,11.747468584656085,0.0,257.6557142857143,21.647142857142857
2ff97219cb8622eaf3cd89b7d9c09824,94,8.793597690110323,6.382978723404255,46.160638297872346,14.463829787234042
3076499bbc033a927bf4a8a41bcf7fd4,9,7.121721965020577,0.0,39.925555555555555,13.81111111111111
3078096983cf766a32a06257648502d1,61,12.082166818457802,4.918032786885246,129.68590163934425,22.46311475409836
30829ded4523ab9224b93bc49a62c95f,31,10.493247834528075,3.225806451612903,222.9583870967742,20.580645161290324
3092c0b297aacfb4bb6e056ebe13b9b8,17,13.56010552832244,0.0,69.66470588235293,18.46941176470588
30a2f535bb48308f991d0b9ad4a8c4bb,87,8.407107279693486,3.4482758620689653,54.38275862068966,12.460459770114943
30a81d8cf85fb2ada1b1b094c9583a95,20,4.0252054398148145,0.0,62.271,8.405
30c7f28fd3a5897b2c82d152bb760c17,6,20.652399691358024,50.0,308.22999999999996,51.848333333333336
312ba1d77e9c332ef21f9598b7f64cd7,7,25.699447751322754,57.14285714285714,73.28571428571429,14.629999999999999
31344c16881c08a8a72c6d2eb29918c1,42,15.696046075837742,4.761904761904762,222.99523809523808,52.584523809523816
31561f325664a8a7aba4c8d0c3a9b3db,38,7.351872867933724,2.631578947368421,71.11026315789474,16.504473684210524
318f287a62ab7ac10b703ac37435a231,61,12.170947366423801,11.475409836065573,39.87672131147541,17.984262295081965
31ae0774c17fabd06ff707cc5bde005f,11,11.775554503367005,9.090909090909092,610.8954545454545,77.34727272727274
31be790e64fc99f8ff48ec2bd18a3104,6,6.493200231481481,33.33333333333333,40.23333333333333,12.046666666666667
31da954dc0855f2495c6310f70a2f931,30,8.123554012345679,10.0,152.76666666666668,14.990333333333332
31e60bf8d103ce47932a85f5562deb16,1,14.461574074074074,0.0,181.0,58.04
31eec405c9bb71dec8e2629a92e764fa,5,8.572550925925926,0.0,51.378,34.048
323ce52b5b81df2cd804b017b7f09aa7,29,17.057155970625796,17.24137931034483,81.87241379310345,13.563793103448276
324583d68897f5ddbaf38f6248322176,3,25.36692901234568,66.66666666666666,28.0,14.663333333333332
325f3178fb58e2a9778334621eecdbf9,46,6.277807467793881,0.0,21.341304347826085,9.818913043478261
327b89b872c14d1c0be7235ef4871685,3,47.8408024691358,66.66666666666666,392.3333333333333,27.266666666666666
3289d8c3eef4873f91ce0b1343c0dd58,1,13.827824074074075,0.0,199.99,19.28
328acb143b4a73aad6bee8e734f5d20d,2,12.058634259259259,0.0,349.99,17.384999999999998
3296662b1331dea51e744505065ae889,1,3.404826388888889,0.0,517.8,27.71
32b8764b4ef628b53608fc34011fcc13,38,11.274994212962964,7.894736842105263,233.78947368421052,78.16894736842106
32e5635e63cb374eb63afdd242fb6134,1,7.309675925925926,0.0,910.0,17.82
32f1bb9dfa65bc7df5c0d9d95a616be4,5,6.5551157407407405,40.0,49.298,9.662
32f83ffe11cd40f7adcf4eef171f52d9,1,10.574085648148149,0.0,29.99,15.1
32fdd5d44ecb43dfd6a24b9369eca144,8,16.070402199074074,0.0,59.9,17.335
333c4210e76a1aa2ab817b99437e3ff1,2,7.161348379629629,0.0,167.5,33.715
3340ef1913fb70d28420f6ceb685c339,42,15.509944334215168,9.523809523809524,160.2654761904762,17.866666666666667
334cab711dee080b079fa5779b584783,26,6.984309561965812,0.0,41.142307692307696,13.52576923076923
33576ec5412fb5905d876f12f33bfde6,32,14.648119936342592,3.125,84.9375,17.811875
3361277dc30b7cccdb0c286b24219756,42,13.870902226631394,11.904761904761903,92.97738095238095,15.139285714285714
3364a91ec4d56c98e44174de954b94f6,6,14.826041666666669,0.0,596.6566666666666,45.65166666666667
33a17d60c64393351ebf1ef860f4e0f2,47,10.582687894011032,2.127659574468085,173.45702127659575,27.22085106382979
33a6f4b1e7cdc205511e76ba1b6e0186,126,8.538114987507349,1.5873015873015872,81.70642857142857,14.991269841269842
33ab10be054370c254ddfcf0a6253422,4,5.813640046296296,0.0,53.3,13.0825
33ac3e28642ab8bda860a2f693000e78,35,8.664377314814816,0.0,104.60085714285715,14.002571428571429
33c51922b6e3c16b24a8f28e5833c99d,20,14.790471064814815,5.0,332.8935,18.4005
33cbbec1e7e1044aaf11d152172c776f,16,8.12800853587963,0.0,45.666875,24.926875
33cbda8716511e27e556dff9d8418bf2,6,13.241147762345678,0.0,84.56666666666668,18.028333333333332
33d677f27a69b84051204ee4ae76eaca,10,9.246046296296296,0.0,16.5,17.349
33dd941c27854f7625b968cc6195a552,5,11.700719907407407,0.0,1357.5,76.182
33fd411ed63a7c2f9005e3f065d9f85d,1,8.134837962962964,0.0,24.9,18.23
34056b8b55c1775a22af2331670a799c,77,12.927642496392497,11.688311688311687,83.1,22.746883116883115
340636a908b13bbe0f4fb63fbe1d0c03,3,7.826103395061729,0.0,163.5,12.0
343e716476e3748b069f980efbaa294e,24,15.760446356682769,4.166666666666666,38.44166666666666,13.004166666666668
3442033154be05bac582e173ef54fd12,1,3.9064699074074074,0.0,161.0,8.39
344223b2a90784f64136a8a5da012e7f,1,32.62399305555556,100.0,10.9,16.79
3442f8959a84dea7ee197c632cb2df15,3,13.018587962962963,33.33333333333333,72.89999999999999,9.299999999999999
34675b28b826facfde119785bf287dc1,1,5.948611111111111,0.0,21.99,15.1
3481aa57cd91f9f9d3fa1fa12d9a3bf7,25,10.194835185185186,0.0,70.9212,30.9656
3492e68f37fd1df87f4f2f2ea247f445,9,10.19298353909465,11.11111111111111,87.54,18.822222222222223
34a557286ead8fe75c989e0afcf7d98c,4,8.269539930555556,0.0,103.725,14.64
34d1ca11b242c0fee2c834ae8d788566,41,13.131423893405602,0.0,327.3717073170732,23.95219512195122
34f563c82a85b99ae9e6d60db5fc2e28,8,10.739244791666666,0.0,291.5375,30.775
3504c0cb71d7fa48d967e0e4c94d59d9,53,7.327788478336827,0.0,44.338490566037734,12.969245283018868
35281d148dcf7134bae913c57db4e6da,1,5.274907407407407,0.0,119.99,17.03
353e21e8bf8de2722b4fae1636664b76,4,9.107554976851851,0.0,52.0,22.9725
35857757f553273b1056c1cabdace7fb,6,18.20813271604938,33.33333333333333,75.76666666666667,19.790000000000003
3586b8580d9c917874e053a1bb37b5ff,43,14.060716785099052,4.651162790697675,35.45813953488372,19.24767441860465
35b96509602ec4b7da831b5cd73ff2c2,2,9.125092592592592,0.0,279.45,23.775
35ef5aa32949680f627efec3c23e705c,5,12.05137962962963,0.0,72.32000000000001,31.362000000000002
35fb511489d9ee3ee27a76debce9df06,7,16.808877314814815,14.285714285714285,59.214285714285715,24.612857142857145
3606774ec64634822d78dc2db6d37045,1,15.816574074074074,0.0,179.9,16.37
365e445f796710c3431557e85caa25db,5,9.717527777777779,0.0,223.0,15.86
365e4bce19bda0082c3d15d83fdb8bcd,7,11.48213955026455,0.0,113.77142857142857,14.088571428571429
36890be00bbfc1cdb9a4a38a6af05a69,13,9.416596331908831,23.076923076923077,104.71538461538461,18.429230769230767
36a968b544695394e4e9d7572688598f,156,10.72726851851852,4.487179487179487,44.00301282051282,13.16173076923077
36f98ad67cc981f50ce8aed093d5783c,2,6.10787037037037,0.0,59.7,19.61
37303482a42fb700d8d127e70a9cd6c8,1,2.051712962962963,0.0,58.9,8.11
373ee4a3a775a733770ca3f790b8b9ac,22,10.605772832491583,9.090909090909092,97.34045454545453,13.196363636363635
37515688008a7a40ac93e3b2e4ab203f,239,15.078823173330234,10.0418410041841,24.912552301255232,14.21192468619247
376a891762bbdecbc02b4b6adec3fdda,58,12.116045857279692,3.4482758620689653,110.45224137931034,22.196551724137933
376d67b61dce0c990155286e7ae486a4,1,14.346273148148148,0.0,94.0,17.91
3771c85bac139d2344864ede5d9341e3,30,12.76786689814815,16.666666666666664,47.776666666666664,13.632
377bc18334c78dd2f1535ef22a3ad225,1,9.886643518518518,0.0,135.98,88.46
3785b653b1b82de85ab47dd139938091,24,11.326879340277777,0.0,64.66666666666667,20.052916666666665
37be5a7c751166fbc5f8ccba4119e043,278,10.607953304023448,2.5179856115107913,196.8904676258993,21.659028776978417
37dd29b36c458d82f74a953c40c43645,8,18.83377170138889,12.5,567.12375,59.93
38102b031c2a15e54623d711bfc753d3,10,21.436085648148147,0.0,41.8,30.821000000000005
381c83fdca332ea6afd896da20bf6e4a,46,12.691300322061192,4.3478260869565215,159.90869565217392,21.72195652173913
382229d1e840115ffe3dbf5ff460e417,48,8.98560402199074,10.416666666666668,84.10541666666667,17.776458333333334
385799a1cddbd26dfeb9157356a42282,6,6.586275077160494,0.0,91.99,12.463333333333333
38874e327ce94d11390b96eb42d61928,6,19.95860725308642,16.666666666666664,629.99,63.08166666666667
389e45560e33d2d0747f949dcddbc08e,1,3.949548611111111,0.0,39.0,8.43
38af8acfd46ac4a7bf754e8ca6736664,5,6.385703703703704,0.0,69.0,10.588
38e679b9e0064cd94c6f035707344dae,28,11.186011078042327,3.571428571428571,130.1482142857143,24.73107142857143
38e6dada03429a47197d5d584d793b41,12,12.767726658950616,41.66666666666667,49.678333333333335,17.2425
38f276ca6e7cc95a6d1bb55ac9e5550f,1,5.200891203703704,0.0,24.99,11.85
3903c788ded8dc03b5ebab37a2f3e9a1,5,10.304136574074075,20.0,23.996,10.254
391bbd13b6452244774beff1824006ed,1,44.565300925925925,100.0,63.9,17.7
391fc6631aebcf3004804e51b40bcf1e,605,14.269101584022037,9.586776859504132,65.24842975206612,16.667504132231404
392353362d22cc2c236e1ee81ff19890,10,8.406233796296297,0.0,28.869999999999997,19.197
392e0502231ae2f8b29994ef6398cd77,17,17.708312227668845,11.76470588235294,92.52352941176471,18.228823529411763
392f7f2c797e4dc077e4311bde2ab8ce,2,5.309016203703703,0.0,26.0,18.28
3935fe5fe0f82787a9dcb8deb62be09d,17,11.010660403050109,11.76470588235294,98.92294117647059,24.685882352941174
3968920b9aa752ab98f7d5888c9252f2,10,8.558229166666667,10.0,52.33,15.771
3969863bb8af7f72580b3b1ffd3a17b3,13,9.84073985042735,0.0,47.934615384615384,17.451538461538462
397c4d0c005b6f41f90098ac724e28cb,5,16.082599537037037,40.0,1635.4,89.074
3985a3c45be355a4c57fde108bfabd1c,8,10.95529369212963,0.0,43.025,21.5
3986c0b54f6b748b75e7bd4e092aa3e5,1,6.12349537037037,0.0,24.99,15.28
398cb257329ef7af7f1943a8974a3cbc,1,7.091377314814815,0.0,145.9,15.47
39a5005f2605cbdb4f9ac14485cabfd1,8,11.021380208333333,0.0,62.63375,29.07375
39c763cca83e654764b7a4a650fb9b7c,11,13.490741792929294,18.181818181818183,69.18181818181819,20.291818181818183
39d54ff918774174706fb065d7f9dc07,24,15.159373070987654,12.5,64.77875,14.501249999999999
39d61be7a92eb77b7da367bd4845bc0e,14,10.633196097883598,0.0,50.042142857142856,14.930714285714286
39f776d2974049026ff531fc42ef2a3e,4,15.296750578703705,0.0,271.01,22.5925
3a1a1fec38dd360f15fc912e821e169d,15,14.433526234567902,26.666666666666668,133.82533333333333,24.75
3a3c180dd702a725bd0ba4117689239e,1,13.821863425925926,0.0,41.9,35.48
3a3e46d10f74d8a6ca76e2b538f106a0,5,16.03554398148148,20.0,59.98,13.334
3a4127e1ba7208ea37044c5092aae170,5,11.77629861111111,0.0,368.53999999999996,16.29
3a490ba60afa30ece0e7d50cfe74a4f0,8,11.933512731481482,0.0,191.15,20.73375
3a52d63a8f9daf5a28f3626d7eb9bd28,1,6.339652777777777,0.0,35.0,17.78
3a734b715d333a2588a3d54a0c9b8746,21,11.602699514991182,4.761904761904762,101.0247619047619,16.585714285714285
3a79f35a2344ede41af21267f61d5ec6,1,14.27412037037037,0.0,186.0,31.71
3aa3c89ae3cd482385568be76120f63c,1,10.831493055555555,0.0,29.9,19.04
3ab971ce71839580d2ae5b4e40fe8044,37,6.743047422422423,8.108108108108109,132.8918918918919,23.79054054054054
3ac588cd562971392504a9e17130c40b,1,7.089305555555556,0.0,11.9,7.39
3ade81dab5a172b88e1871c28ae05260,30,13.795525077160494,13.333333333333334,179.45333333333335,47.933
3afc536624bc2e65bddfb5db33cc01f3,6,9.890516975308643,16.666666666666664,52.0,17.845000000000002
3b15288545f8928d3e65a8f949a28291,118,14.329092219868173,6.779661016949152,116.65101694915253,20.33949152542373
3b18f9856c6eb2413eafedb58e9eecd9,1,9.18412037037037,0.0,315.0,20.09
3b872fd4747f01cc56206f2934198618,27,14.418773576817559,14.814814814814813,100.99037037037039,41.34703703703704
3bb32fedaa74e4ad20f4ce067733bd31,3,6.051469907407408,0.0,34.56666666666666,19.62
3bb548e3cb7f70f28e3f11ee9dce0e59,53,10.681195842068485,0.0,145.09471698113208,16.92056603773585
3bdff180c7e1f6551a643b99c265a120,58,10.289592712324392,6.896551724137931,51.86551724137931,17.308275862068964
3be5841cdcc46de4ed3f9116f104b2c5,4,8.005859375,0.0,149.9,22.0875
3be634553519fb6536a03e1358e9fdc7,95,9.783901803118908,8.421052631578947,55.06336842105264,18.986631578947367
3bfba5a77604f6dfae7e6dd7aaf65821,4,9.362138310185186,0.0,523.875,30.6725
3c010235b7345c92f125d14ee232a76b,15,11.039577932098764,0.0,238.53333333333333,28.488
3c03b12bab54d8b37d79d914bfdb1aa0,43,13.75025785960379,16.27906976744186,98.51953488372094,15.893720930232558
3c3017960b2dbd72711a61f0400aab8f,9,12.523006687242798,0.0,97.65555555555557,25.413333333333334
3c487ae8f8d7542beff5788e2e0aea83,33,13.410306537598204,3.0303030303030303,284.4151515151515,21.80757575757576
3c4e0452bff7a2a788179488d3d77032,36,13.534090470679011,2.7777777777777777,104.06666666666666,16.836666666666666
3c7c4a49ec3c6550809089c6a2ca9370,158,9.755601046061885,8.227848101265822,25.33386075949367,11.370000000000001
3c88ed2e76a2247933a15daa7161eb1c,1,19.908125,0.0,155.0,151.2
3ca08eeb8d5595949fed424bd3677742,13,10.300126424501425,0.0,129.91384615384615,34.54615384615385
3cfa1358a6caa965278721344c8d76f2,5,6.302104166666666,0.0,628.0559999999999,16.25
3d01d1c414c44b5943a09619ff3853cb,4,13.825367476851852,0.0,75.9,18.305
3d0cd21d41671c46f82cd11176bf7277,11,12.931214225589224,0.0,40.709090909090904,15.87090909090909
3d2400ac620cffa23ac81bd192f7f555,1,7.352754629629629,0.0,105.0,8.9
3d2531eccfbde1d7c8db7a3a12fb267a,10,9.996932870370369,0.0,199.954,21.306
3d290fe363c60a77498c1126fd3fb8d3,3,7.46141975308642,0.0,66.32666666666667,11.686666666666667
3d39fbf22a665714baf62fae36029e23,8,8.574801793981482,0.0,313.025,16.32875
3d3ccf2b2f8134b10dce9dd446f0e075,3,16.772862654320985,33.33333333333333,202.86666666666667,47.31
3d4824f20035949c710eaf111f869d39,9,9.130246913580246,22.22222222222222,49.99666666666666,13.955555555555556
3d49bfdd1b43a7fe169b3740067acc61,3,8.759347993827161,0.0,71.66666666666667,20.606666666666666
3d4b1ae7539303b5704493798893e82c,9,11.561568930041153,0.0,119.55555555555556,16.18777777777778
3d5d0dc7073a299e31fa718ce1bc00b6,22,8.343190761784511,13.636363636363635,30.672727272727272,16.014545454545456
3d621842b2ed28e2b474132480edac3c,8,9.898842592592594,0.0,109.24125000000001,15.401250000000001
3d62f86afa7c73be2628a3be1423f5a0,2,16.73105902777778,0.0,6.0,21.21
3d68c634a99a1ba46dbca3967a69c623,2,9.19443287037037,0.0,297.0,131.85
3d700782d7818f2c1e0d7a9e9d75fc00,3,25.728460648148147,33.33333333333333,49.9,28.47
3d871de0142ce09b7081e2b9d1733cb1,1131,13.42082487023938,5.92396109637489,82.58832891246684,19.547524314765695
3d8fa2f5b647373c8620330c4e077a9f,47,9.32216903073286,2.127659574468085,74.50510638297872,16.8931914893617
3da38366e7bd9baf6369071f782ecdf0,1,53.34842592592592,100.0,59.47,26.96
3db66a856d18a9cba7c9241fc5221c50,97,15.825872470408552,11.34020618556701,97.71443298969074,21.075876288659792
3dbbce181edfaa4a597ec858c382d2ec,20,14.200075231481481,10.0,42.415,22.0135
3dc69bf2c42f0568a5c4791ec3fd3745,1,26.271979166666668,0.0,150.0,17.62
3ded4e2d5f135cb103e5949d7263d2dd,1,5.149016203703703,0.0,49.9,12.48
3df020b72d3d44b3af9d110fa3940b65,101,12.83312385405207,11.881188118811881,49.9,16.926435643564357
3dfd3dc96f7f8598eca74e9ac8a2fa31,6,12.230414737654321,16.666666666666664,30.5,12.616666666666667
3e35a8bb43569389d3cebef0ce820f69,2,7.917349537037037,0.0,27.9,14.44
3e46a38ee171c503c3b4a3f23fe3bf0c,1,4.184652777777778,0.0,59.9,9.11
3e51f9cbe317bc3a88f2c76583811ee4,1,8.87136574074074,0.0,76.09,8.69
3e8bd881d92466e63ba9e3e809cd3c50,9,14.945583847736625,44.44444444444444,206.93111111111114,20.825555555555557
3ea00e1dea2b0659dbaf654735929220,7,11.446294642857143,0.0,72.14285714285714,20.71
3ea08c48e851106d2f584349daba335f,1,6.003807870370371,0.0,170.0,22.94
3ef37b7ca6dd2b80bd8af81a62504996,2,14.346006944444444,0.0,350.0,20.485
3f0e48d209018b466fcd3bb4ccfeb520,10,9.822907407407408,0.0,539.9,25.58
3f2af2670e104d1bcb54022274daeac5,7,19.10740906084656,14.285714285714285,139.0857142857143,51.51142857142857
3f3486b61f45078d4f31ee5e43d8c5bb,39,13.880131469610637,15.384615384615385,96.65974358974358,22.65128205128205
3f8034bfc6b8b4135534975d49f04c63,14,10.538574735449734,0.0,90.99285714285715,17.787857142857142
3f84fefc07dc159b268d4a77d3e8c425,3,8.068271604938271,0.0,66.86666666666666,17.106666666666666
3f995f07c49d0d55a99d5c54957f7d81,43,9.59438630490956,2.3255813953488373,91.99302325581395,15.616279069767442
3f9be91358837bff69df67edfa3e42e8,7,9.842959656084657,0.0,81.38571428571429,18.90857142857143
3f9c56764fabca627406093dcb3ef0b4,7,8.48726355820106,0.0,129.9,15.092857142857142
3fac58ce0ad699020c7944d53c41329c,16,4.105978732638889,18.75,77.809375,11.438749999999999
3fadb4cba4c35bce6a7eaf9872d5623a,5,8.984731481481482,0.0,41.9,13.604000000000003
3faf68a3b0af94b10bac70d86077be49,7,16.159052579365078,0.0,188.99,17.02285714285714
3fd1e727ba94cfe122d165e176ce7967,36,15.640605709876544,19.444444444444446,76.31666666666666,15.235833333333334
3fe7120d6257285ac6a3ce7cb071ccec,2,9.570578703703703,0.0,99.99,14.14
3fefda3299e6dfaea3466ef346a3571a,1,6.3142708333333335,0.0,209.0,16.21
4003520d80d0bad1d5623f7aa3c63cda,1,17.079074074074075,0.0,70.0,16.74
402916f742e5c740cc751493d9cf5053,10,6.265953703703704,0.0,125.2,22.643
403aa86912527d730337ffcb0fb096ab,11,10.995046296296296,0.0,814.5354545454545,18.60181818181818
4049512728d969bec69f84088b012416,9,11.160608281893005,0.0,43.315555555555555,17.825555555555557
404e1ba01358af4cd63f679b2c4d1fa1,12,7.70535300925926,0.0,31.15833333333333,14.819166666666666
406740ee611378a662d274c7d8c43c4a,10,16.01571296296296,20.0,179.0,18.208000000000002
406822777a0b9eb5c50e442dd4cd3ec5,46,13.607906350644123,13.043478260869565,77.13239130434783,19.589565217391304
4091f77d8c768fc3e81c20761471761d,8,18.032364004629628,25.0,134.875,28.85875
40d54b51e962dbe09cabbcfd33298dee,31,7.220734393667861,0.0,218.88903225806453,17.344838709677422
40db9e9aa57f7bb151bcda6b0f9bdbb7,12,14.775631751543209,8.333333333333332,1930.6666666666667,54.66583333333333
40ec8ab6cdafbcc4f544da38c67da39a,2,6.5789583333333335,0.0,58.9,19.6
411f3b52d857390502ee4e4d5ceabc2d,30,8.472231095679012,20.0,60.13366666666666,12.623666666666667
4125d9385a25e82d2f72d3a0fd55bc3f,1,8.990208333333333,0.0,42.9,18.4
412a4720f3e9431b4afa1476a1acddbe,22,10.474756418350168,4.545454545454546,93.55,23.23
4170f6a9367e6b5d6401d03ce6d54569,5,22.090104166666666,20.0,113.756,18.606
417a1e6c7321084d2a0ae0d023cfad93,1,6.072372685185186,0.0,48.9,12.48
41958cbd3335433c8740300e8cd600d5,1,4.842789351851851,0.0,32.99,7.39
41ab63a91b8b264e8c8780368bf1dd5b,13,17.693314636752138,0.0,197.84230769230768,23.25153846153846
41b14765bd56c8ad10971074380f9c0c,10,7.071449074074074,0.0,39.55,11.913
41b39e28db005d9731d9d485a83b4c38,223,12.488878352848364,5.829596412556054,73.12443946188341,16.850986547085203
41b86b552e54e3a7009596125aa8b167,11,15.680195707070707,0.0,145.02727272727273,21.328181818181818
41c2bad7229b0c25e6becf179ebf63ff,23,4.664837962962963,0.0,34.0,8.257391304347825
41c9d3997dd3c072c31139dc5bb5761f,3,22.206986882716052,0.0,332.93333333333334,37.24666666666667
41da412d33e8da4f22baf55cb1bde82c,21,9.208183421516756,0.0,41.09047619047619,17.81714285714286
41e0fa5761c886a630994a55c12087e7,5,10.239402777777778,0.0,84.72,13.662
4200ddf1967c5e41e48db62bc6d4b5ac,42,8.976025958994708,2.380952380952381,17.495238095238093,11.617380952380952
4221a7df464f1fe2955934e30ff3a5a1,5,16.569189814814813,0.0,169.9,47.908
422be4cc81a457fdb46f47edeb968ae5,1,18.136979166666666,0.0,239.9,77.47
427165bf50f8ca07efc7bdc2bfcf1688,5,38.565872685185184,60.0,320.7,17.880000000000003
42b6488f5b8246d9141712abd4b1b693,2,7.897939814814816,0.0,123.995,20.905
42b729f859728f5079499127a9c2ef37,131,7.89449409810574,9.923664122137405,31.274503816793892,9.923358778625955
42bde9fef835393bb8a8849cb6b7f245,39,9.827450439221272,2.564102564102564,194.2051282051282,19.676153846153845
42d4b7e70819438f5ada61c965e92d7e,3,21.939131944444444,0.0,16.533333333333335,17.06
42ef3192a9ff87a22d1867b74b3ee205,23,9.308129528985507,0.0,58.87347826086957,13.125217391304348
42fa4ee7240e9b8eb4576358ec142ba7,22,6.923532723063972,0.0,174.80454545454543,23.580454545454543
42fb44130ac3134cde8e35cf8ec7df25,2,5.903657407407408,0.0,21.9,12.74
430315b7bb4b6e4b3c978f9dfa9b0558,20,14.35659201388889,5.0,143.22,27.508
4305fe92735c8a43d154ff6dd2b8d927,19,11.234060063352826,0.0,137.16315789473683,20.71263157894737
431050a06a317f2b38168dec3dcd2b46,10,8.922488425925925,0.0,137.0,20.615000000000002
431af27f296bc6519d890aa5a05fdb11,124,16.937258251194745,15.32258064516129,104.63387096774194,17.16491935483871
4324dd16853115efb0fd9d0d131ba6f4,18,12.7675379372428,5.555555555555555,58.458333333333336,18.178888888888892
432c37c9dfba871172ec162e20118b8c,55,15.700738636363637,14.545454545454545,48.72490909090909,16.998727272727272
432c67955c0acd1fd6b0b5d678766a71,1,6.682824074074074,0.0,389.0,60.65
43402bdf22aa2310e8f99e2f94f78628,5,16.233270833333332,0.0,129.99,37.43
4342d4b2ba6b161468c63a7e7cfce593,2,15.676087962962963,50.0,264.45,17.27
436bf27f2f18474fc6047702e9f8a866,1,19.17042824074074,0.0,29.9,14.52
4371b634e0efc0e22b09b52907d9d469,111,10.74003607774441,7.207207207207207,73.58558558558559,13.306396396396396
43753b27d77860f1654aa72e251a7878,1,27.33425925925926,0.0,23.9,42.38
4391ea5c5990502176a1dcda44a2373d,5,10.332960648148148,0.0,469.8,27.060000000000002
439a47cc365d6e3bd526812ea9de3c29,13,8.546376424501425,15.384615384615385,91.26923076923077,17.263846153846153
43a1d4bab73b816e44ef4e4facd9f9b5,1,9.82519675925926,0.0,189.9,15.5
43a5d4a57af536fddc96d08be3afdfcb,1,11.811469907407407,0.0,75.0,24.83
43b2c864251aa0ce4030c746984e088a,2,5.6157812499999995,0.0,47.4,17.26
43f8c9950d11ecd03a0304a49e010da6,41,11.497686314363143,7.317073170731707,103.64853658536586,13.600731707317074
44073f8b7e41514de3b7815dd0237f4f,151,13.167524987736082,4.635761589403973,121.72609271523179,20.78708609271523
440dd6ab244315c632130ecfb63827b1,92,16.668735909822864,13.043478260869565,142.27173913043478,22.246521739130436
443d880f15cbd3572885e1d44bf2c478,2,12.403761574074075,0.0,47.4,15.1
4450bd8327d471c4a11a83d1445b1b62,1,7.305891203703704,0.0,199.0,15.56
446cc09cdbb130904da114e807dbec40,3,4.2683024691358025,0.0,84.26666666666667,18.05666666666667
44717f64ec2a457979cf83c429077666,3,5.788680555555556,0.0,35.666666666666664,21.30333333333333
447d377bdb757058acb569025ee18a93,1,18.0040625,0.0,64.99,18.02
44ed138eca6214d572ce1d813fb0049b,3,8.585092592592593,0.0,43.26333333333333,18.669999999999998
44f091b5abab8018f682fce8124b85e5,3,15.188487654320987,66.66666666666666,118.13333333333333,11.593333333333334
45213867cefbf2cd4c6177e10216a951,14,14.91580357142857,14.285714285714285,353.9585714285714,30.981428571428573
4559697a8f7e637227c2eeaed843baff,39,12.937863544634379,7.6923076923076925,89.3923076923077,18.03128205128205
455befea1bb853c75ccbca94cff26e5c,1,12.441516203703705,0.0,19.99,22.06
455c5640e8c5bd1b2ee85c0158f85727,8,14.96896701388889,0.0,841.1875,57.17375
455f46ef09a9e45667e2981df84b5cc2,1,13.019328703703703,0.0,29.9,18.31
457fe919b032a3f7dadba6fb92cf7855,12,5.955726273148148,16.666666666666664,92.07416666666667,11.768333333333333
458c6fa920810ce2492da71bc26d9eec,2,25.40222800925926,0.0,378.38,52.805
458d868c9642f55f18f04e951a3fdde6,2,17.610983796296296,0.0,1359.0,52.375
45a3d05fb00435e52a28859dd03703b3,1,25.719780092592593,0.0,1299.0,24.79
45ba18c210d42734ec52c0c1c574e9ee,38,7.174404544346977,5.263157894736842,134.1957894736842,24.324473684210528
45c20d94d9171b0bcfab3c955e47d67b,4,14.431024305555555,0.0,32.365,20.2775
45d33f715e24d15a6ccf5c17b3a23e3c,58,11.526838681353768,6.896551724137931,77.905,14.91344827586207
461ff5303b6c9c1a4a07f40c5aece516,3,6.6001157407407405,0.0,34.23333333333333,19.576666666666664
466222e777149751370e7e98fb623b0c,1,6.829317129629629,0.0,87.9,17.55
4677a5437afda5fa7140b927b07be1cc,11,12.510571338383839,9.090909090909092,310.5181818181818,38.18181818181818
46dc3b2cc0980fb8ec44634e21d2718e,523,11.800423659797465,6.309751434034416,234.82099426386233,21.704588910133843
46ef1a25845fc051c2998d878354810c,5,16.845016203703704,20.0,50.082,19.608
4736e9d642ef4257cd7622516931eb51,20,4.870615162037037,0.0,53.94349999999999,18.544999999999998
47648caee88ccfe951fbb27fbf7b4cbe,3,13.720875771604938,33.33333333333333,521.6633333333333,22.666666666666668
478bfe564db21eeb44386606aa30b650,3,13.974162808641973,0.0,60.900000000000006,16.033333333333335
47efca563408aae19bb7206c2d969ea9,11,13.789200336700338,0.0,216.63636363636363,37.14090909090909
47f55702f598c7c6cc8458b0fbc1c49a,1,17.29196759259259,0.0,75.0,19.77
48162d548f5b1b11b9d29d1e01f75a61,89,11.21938709425718,2.247191011235955,225.948202247191,22.94876404494382
4830e40640734fc1c52cd21127c341d4,212,9.937044461914745,6.60377358490566,44.76650943396226,14.207169811320755
48328ec9a579151d9cc6a86d4a59336c,1,21.226134259259258,0.0,1099.0,97.78
483ca627d131e18f988349b1655c0acd,1,15.342986111111111,0.0,264.0,19.73
48436dade18ac8b2bce089ec2a041202,147,14.145738063744016,6.802721088435375,80.41571428571429,19.325850340136054
485452467ff670447e84a8370c3fc898,3,14.225609567901236,0.0,58.56666666666667,46.580000000000005
4867209cb29b56b92893d7bde3ce8012,1,10.228275462962962,0.0,150.0,19.15
4869f7a5dfa277a7dca6462dcf3b52b2,1148,15.005261495434894,11.585365853658537,197.72467770034842,17.43826655052265
48985c61529077fa4f1e38bcff0f2ed3,7,10.342812499999999,0.0,125.61428571428573,21.15285714285714
48b6c3f4c6a93171da04b75313f2130f,2,24.125260416666666,0.0,145.13,18.9
48bad451945f5227341793478d6353ea,3,22.083051697530863,33.33333333333333,102.33333333333333,25.83
48e5ee06fb2dc74df1c711a9b6dfac2a,3,11.242453703703704,0.0,19.0,15.1
48e954b2da4f6a750c844173b347ed40,6,8.073246527777778,0.0,66.3,26.501666666666665
48efc9d94a9834137efd9ea76b065a38,34,10.829713371459695,0.0,10.164705882352942,9.423529411764706
48fb026ed7455a42f5d3e9390ed5088e,9,11.88611239711934,0.0,54.41444444444445,21.28222222222222
49067458c68f7701fd334ce326accbe0,37,12.063711836836836,8.108108108108109,28.314864864864862,15.50945945945946
4917cee8d902e13428c3ec4b1ca6f315,31,18.077756123058542,3.225806451612903,164.64193548387095,34.65935483870968
491a5ada3aa1678414e990262c4bbdc1,1,6.891527777777778,0.0,1420.0,15.58
49383af7ab774e4e8f3000f49c83dc4b,12,7.984184027777778,0.0,55.0,20.18583333333333
4965a7002cca77301c82d3f91b82e1a9,1,6.269537037037037,0.0,8.49,7.87
497709c2976a8fa308730a2dec5b0726,2,5.948032407407408,0.0,38.0,9.02
4978a02ea9c8be7a9b5480680f40334e,19,5.341156189083821,0.0,124.0321052631579,17.90684210526316
499185655c29ecfdbfe776ef7cf875b5,1,11.124560185185185,0.0,89.0,17.33
4992e76a42cb3aad7a7047e0d3d7e729,73,8.29304540842212,6.8493150684931505,29.742465753424653,13.593972602739726
499ec63c58e51296c9cf57edcfe1c8a8,5,5.2333750000000006,0.0,73.0,9.586
49cdc90518a4f82676b38b3c1aa43ff6,5,5.732277777777777,0.0,307.9,16.522
49e7217cfe4e427191c378ec626d8737,13,16.129328703703703,0.0,220.6769230769231,27.083846153846157
49f8d2ea7b718d0ce587d34207caf2b4,1,6.839895833333333,0.0,149.9,15.36
4a1917ef994878940e1fb03eeb787ad7,3,9.937395833333333,0.0,256.0,26.206666666666667
4a1f694197d05fe70026b016a7316b41,23,11.072153784219001,4.3478260869565215,39.46826086956521,16.129565217391306
4a23adac87cf538689fa600d976f78b2,3,8.555979938271605,0.0,135.0,11.803333333333333
4a3ca9315b744ce9f8e9374361493884,1949,14.416470988208578,10.979989738327347,101.01699332991278,17.61842483324782
4a3ccda38b2129705f3fb522db62ca31,73,13.361919710806697,9.58904109589041,221.49438356164384,18.35232876712329
4a5b36211b1f51bf7eaa5c10a57fa483,1,4.035162037037037,0.0,139.19,16.07
4a82168aaef173cbb6e46ae88728f919,4,6.717989004629629,0.0,128.0,25.0975
4a82c4af97ffc0fb2dc26bfdc03b1842,3,12.739297839506174,0.0,47.9,22.400000000000002
4aba391bc3b88717ce08eb11e44937b2,28,16.728475115740743,14.285714285714285,260.2457142857143,27.162857142857142
4aba6a02a788d3ec81c03137144d9a80,1,13.221458333333333,0.0,89.9,15.38
4b0fdb526525f9890eb145bf1534640e,20,8.768653356481483,0.0,120.95,26.7605
4b1eaadf791bdbbad8c4a35b65236d52,5,22.54623148148148,20.0,192.01799999999997,13.790000000000001
4b39558c138930b9e5489c93b6df5fe3,5,13.022585648148148,0.0,219.34,26.48
4b5f66b7adcf57f1ecc0d3c07dd6b177,38,13.595445906432749,2.631578947368421,167.9415789473684,19.320526315789472
4b90495391ac0bd181a80a459df1e718,1,11.879664351851853,0.0,248.0,18.11
4b9750c8ad28220fe6702d4ecb7c898f,221,9.406085030165912,7.6923076923076925,71.56289592760182,15.196606334841627
4b98b0428fc1932cc2514ef9ce2505e6,2,22.573813657407406,50.0,163.815,17.9
4ba52dfeba874da5b9ee7b17c7494f04,11,10.621666666666668,9.090909090909092,133.0,18.62818181818182
4bcec44888b30ba9001234c534716d3f,5,9.158854166666666,0.0,29.2,12.645999999999999
4bde6149c15cf7e177b36fa060dd6de8,2,10.623096064814815,0.0,79.9,16.33
4be6b962d83299498bae2190f95d6566,12,7.3586101466049385,8.333333333333332,42.4,15.190833333333332
4be9ae93c4fc0f41713d71a4194ee1b3,1,11.089050925925926,0.0,109.9,27.07
4bf2f4ee540798a61f9636d12cd9cc80,30,13.481918209876543,3.3333333333333335,166.5186666666667,16.848333333333333
4bf658053d453036c70976bccb2c31b2,2,24.678402777777777,0.0,871.495,40.785
4bfc7a4a1cf8d4d2121c27422d9e50b5,40,8.025635127314816,2.5,203.10999999999999,26.679750000000002
4c03b9dd4c11ee2cb35c96c49efc9420,48,10.534739824459876,2.083333333333333,134.55416666666667,17.577708333333334
4c18691b6037662be2df78a765d98ab5,67,9.115787037037038,7.462686567164178,47.694328358208956,16.731194029850748
4c1c7281388a33dd06daac44f9fadbd1,5,8.786493055555557,0.0,37.664,16.318
4c2b230173bb36f9b240f2b8ac11786e,343,12.7983538494763,9.037900874635568,42.19991253644315,12.694285714285716
4c498c7345e89aebad651544829beca0,47,10.82899847320725,12.76595744680851,97.23978723404257,11.944468085106383
4c4d546adf3c3868fe19c9ec6e9ffda9,3,6.738341049382716,0.0,37.23333333333333,15.13
4c60877808f4318ef1107fbeb8f89afa,2,15.193721064814815,0.0,59.0,16.315
4c61e37f664c3c88aff092aa5ac779d7,8,16.80345920138889,37.5,98.53875,14.9825
4c8545742faaf58fafd5fd14d25d75cf,4,9.968619791666667,0.0,755.0,49.0775
4c8b8048e33af2bf94f2eb547746a916,23,19.07008655394525,13.043478260869565,81.84565217391305,16.757826086956523
4cc43a222a0f94910728b62b97a8c5f8,1,14.14508101851852,0.0,108.5,12.26
4cc4fd4fdd406a85bbdc1f824b731bd7,2,8.304594907407408,0.0,269.99,15.62
4ce8b55b4bfa4659184e7becc1fba3f2,2,12.415815972222223,0.0,99.5,29.935000000000002
4cf490a58259286ada5ba8525ba9e84a,7,24.765550595238096,0.0,153.6142857142857,20.364285714285717
4d0041cdbe51b4617d95c70b19decc74,8,7.155746527777778,0.0,654.4000000000001,28.78625
4d232b78ab7ef10393dc3807d827bc0d,5,6.165969907407407,0.0,295.0,42.998000000000005
4d600e08ecbe08258c79e536c5a42fee,7,12.936089616402116,0.0,545.1671428571428,20.422857142857143
4d6d651bd7684af3fffabd5f08d12e5a,389,13.056570146624775,4.627249357326478,110.53727506426735,20.017377892030847
4d9fea3499bdc22aa4da4e339365f215,2,12.668061342592592,0.0,96.27000000000001,15.1
4da0e408c99d2fdc2126dc9fce518060,54,9.155100308641975,0.0,56.03703703703704,17.38388888888889
4dab98ca6cd6d3df586203cefd28a042,1,28.008784722222224,0.0,154.9,18.33
4dbd95a08b31ede5c82d3f861cb1ce1a,4,12.341614583333333,0.0,92.69500000000001,23.285
4dc2e811a1760953cb7c6a590b498943,1,6.671539351851852,0.0,175.0,24.84
4dc646b9b9e8e411ef48ba000ea3ac6f,5,10.663962962962962,20.0,57.94,12.712
4ddeb3e828550cddc8d45c8bc36ab2d1,1,7.869930555555555,0.0,152.0,12.45
4de6e4ba574aa9dfdc824bc44dc47fdd,14,9.368518518518517,7.142857142857142,32.221428571428575,18.094285714285714
4deebb3199eeafb282ae33229144f94b,5,11.752780092592593,40.0,155.94,28.357999999999997
4e06067cc08b3f41d837768d392c3ee3,46,9.793098329307568,4.3478260869565215,20.47217391304348,12.446304347826086
4e0d109ccfba9a1151c103049880c857,2,19.22804398148148,0.0,139.945,33.92
4e17c65a516f69d023a2ae78b84f28d6,74,14.778386042292292,10.81081081081081,103.23324324324325,15.615405405405404
4e2627090e6e5b9fabba883a37897683,1,3.97537037037037,0.0,39.9,11.72
4e326052e5dbba8adcd512f3450a307e,6,19.841226851851854,0.0,95.0,14.326666666666666
4e42581f08e8cfc7c090f930bac4552a,2,47.10233796296296,100.0,49.0,26.9
4e480be820e37de1444325ff358c9296,2,12.108287037037037,0.0,215.15,71.72
4e5725ba188db8252977a4f0227bd462,24,20.764789737654322,29.166666666666668,77.71208333333333,15.177916666666667
4e6015589b781adaa5ce7f1892d06bb1,3,5.894976851851851,0.0,228.0,18.833333333333332
4e7c18b98d84e05cbae3ff0ff03846c2,88,12.08698824179293,4.545454545454546,102.71477272727272,32.08477272727273
4e85b538b0dad58852641540686d0e14,4,17.22519675925926,50.0,90.49499999999999,18.59
4e8dacf3d38f281ae26c3e0321d92d88,9,13.565163323045267,22.22222222222222,228.38444444444445,15.619999999999997
4e922959ae960d389249c378d1c939f5,446,14.63096879671151,10.762331838565023,101.65565022421524,16.02506726457399
4e92348462c75b6c842b994ce84a0ed4,1,9.837280092592593,0.0,69.9,15.59
4ea2f12dbe91deeacd2c1e74f069a6e6,6,8.440769675925926,0.0,35.03333333333333,11.678333333333333
4eb61f060e7dcc1d5a80d806c35cc541,8,6.202073206018518,0.0,164.125,19.14
4ebdc7e6cd6102a022dadc49156d4ea8,32,10.175631148726852,3.125,29.021874999999998,11.5375
4eeb99008a0f59d2c7759c59f9a346eb,2,7.6647337962962965,0.0,641.0,19.475
4ef4c39cf3c24f326434cf0b2e48046a,8,13.790258969907407,12.5,99.0,13.688749999999999
4f0d637c1197fd65405ebd755ac9f86b,2,7.353680555555556,0.0,99.9,16.335
4f1f1c8666cdb6442f775c4e8caed465,2,19.96107060185185,0.0,472.49,62.705
4fae87d32467e18eb46e4a76a0a0b9ce,1,6.806759259259259,0.0,100.9,19.9
4fb41dff7c50136976d1a5cf004a42e2,3,66.75465663580248,33.33333333333333,410.0,22.256666666666664
4fe2f67634d00c021aa01f96b6f2d68e,2,10.984953703703702,0.0,43.4,16.02
5011f0d93373a4c5753adf58ca77af8d,21,14.980320767195767,19.047619047619047,40.929523809523815,17.317619047619047
503c1de08ae81a2d86f17951b204db55,22,13.488269675925926,9.090909090909092,223.045,18.859545454545454
5058e8c1e82653974541e83690655b4a,77,26.44018774050024,12.987012987012985,127.43935064935064,39.07311688311688
5075aaa8404020ae6aa8bf4792099b41,15,12.410177469135801,0.0,104.85866666666668,19.95133333333333
50770d25768b0486d89be26afca3108f,6,13.481597222222222,16.666666666666664,28.62833333333333,12.681666666666667
508808d438fe2ff972ed13bb8f4a82e2,10,4.517637731481481,0.0,23.484,11.12
50a7e551a7b3f8d37cd6e32d8bfbe5ea,1,12.586157407407407,0.0,140.0,27.96
50bf89f1349bc0409a268c3a49678009,1,9.616319444444445,0.0,179.9,102.57
50c9975695009e5e6473912e83a6d1da,68,15.213292483660132,10.294117647058822,58.300000000000004,42.934558823529414
51209b446b2073894bdc0face6c73ffc,4,9.960538194444446,0.0,89.9,19.82
512d298ac2a96d1931b6bd30aa21f61d,12,10.060541087962962,0.0,616.8283333333333,26.8275
513a54369b6a8a6602fcb0e129c6d78d,2,3.5719097222222222,0.0,23.9,7.43
5145090ab595c0d0b8557199f5701fbf,4,15.680384837962961,0.0,364.9,49.4625
5151aea44289d6c6b090ee31c2132508,7,17.37599537037037,0.0,187.9,23.881428571428568
515d781150feed28a6ac091bb0e3cb8c,6,9.780329861111111,0.0,167.05833333333334,25.395
5160d23075764e18e07c1f4a87fad743,38,9.392214912280702,2.631578947368421,62.078947368421055,12.59578947368421
516e7738bd8f735ac19a010ee5450d8d,82,8.784532802619692,4.878048780487805,78.81939024390243,17.591463414634145
51702dc2a3e106c76dbff722b5bf0726,14,14.731593915343916,0.0,193.22142857142856,41.56714285714286
5194c22ed1f616ec0c0f33c571542879,4,12.323978587962962,0.0,61.4,20.2125
519a7aa428f18d125a283cf8c014fdd6,3,7.4835262345679014,0.0,26.566666666666663,24.366666666666664
51a04a8a6bdcb23deccc82b0b80742cf,1,35.314861111111114,100.0,167.99,31.93
51e0557bc7b86de13e946c60ee91ce39,1,10.434085648148148,0.0,45.8,17.6
51e4e89242cbb846c2deff3dc015650e,16,9.21369357638889,0.0,51.411249999999995,22.073125
51ed72984a04e5dd35c2b27e77179038,7,16.578348214285715,14.285714285714285,184.9,28.41857142857143
51f108f62cb87d61918159902c8f8583,3,5.971261574074074,0.0,101.24333333333334,25.01
52092ddbd3a58c450a4459bf051b2287,6,12.89526234567901,0.0,58.61666666666667,12.558333333333332
520b493b57809f446cb0a233bb3e25c7,73,7.380156804921359,2.73972602739726,50.66986301369863,14.574931506849316
522620dcb18a6b31cd7bdf73665113a9,178,15.232024292550978,10.112359550561797,318.48589887640446,25.748146067415732
5236605f4d4b0b3e4df85b850393fca0,5,10.492495370370369,20.0,53.06,16.436
52454f90d4c30c016768db02f88c1a74,5,12.806629629629631,0.0,16.1,13.434000000000001
52562a9f449c3dc3d53f5f5b9ed74903,14,13.357767857142857,0.0,233.32857142857142,31.717142857142854
525e75a6fb1454a2325ab1734bcec221,10,6.3476180555555555,0.0,60.717,11.222
5275ca25d0358ca73864e0ae41be1320,4,7.039756944444444,50.0,102.4,17.305
527801b552d0077ffd170872eb49683b,92,13.005903155193236,9.782608695652174,195.0304347826087,22.41913043478261
52831e5990d0771cb4951d6f12928167,1,5.106226851851852,0.0,65.0,13.12
528bcf6680c36dddf07620bd35b33a6f,2,21.278836805555557,50.0,484.99,21.93
528ce32f560edd11add4169f6a5b65be,2,10.162274305555556,0.0,29.9,7.65
52956b80ae65fda598f06f6b9943e7a9,3,25.609182098765434,33.33333333333333,264.0,22.28333333333333
52a50b42accf164f9f019941e5759d9b,4,5.381053240740741,25.0,34.99,14.264999999999999
52a52b9f656520e99716f5bc40f661c8,8,10.534014756944444,0.0,97.8875,18.515
52ac6f920b7280e4c6d30dd94de6259b,7,12.023976521164021,0.0,808.1857142857143,103.79857142857144
52b53f7061969fe471d119b6195da864,1,3.333136574074074,0.0,90.0,8.37
52bb00821bcdd358a5a5a27e1f6be5a1,2,15.994728009259259,0.0,174.9,19.314999999999998
52d76513f0c4d97f3b99570e2c94ee31,28,11.809747437169312,3.571428571428571,291.1821428571429,31.759285714285713
52f0fe436a347ddad7ed5f9aa4e27eaa,21,13.99463458994709,14.285714285714285,69.16619047619048,20.778095238095236
52f6f9f13ba19504c02781132a049e75,1,16.289837962962963,0.0,199.0,23.13
52f976b17ea7f2f087f56dcc419328f6,6,10.383350694444443,0.0,1271.6666666666667,143.775
52f9db5cfb423382a2fa5c9e39303202,22,10.035136258417507,0.0,55.39909090909091,15.715909090909092
5305693ffae2d3463377b1f6fe67b15a,1,13.373368055555556,0.0,93.56,12.99
53088c75f948b48a7ece173ac17f0c12,3,10.963942901234567,0.0,87.23333333333335,18.176666666666666
530ec6109d11eaaf87999465c6afee01,101,10.714642808030803,0.9900990099009901,125.56544554455446,25.713366336633666
53243585a1d6dc2643021fd1853d8905,400,13.37442884837963,4.0,544.8511,32.14145
53336f97ddbe53e2a617d07b17447b95,1,19.431122685185183,0.0,599.5,75.33
533d46c1b06970e99f09523a61df4972,2,16.602592592592593,0.0,79.99,16.32
5343d0649eca2a983820bfe93fc4d17e,110,11.36370422979798,9.090909090909092,89.26381818181818,21.591545454545457
534a01cc6df1e034e05c32028a291fa2,5,10.692097222222221,0.0,47.118,11.972
535bf14f36346c7f59d87cece104d70c,1,4.217708333333333,100.0,50.0,7.77
537eb890efff034a88679788b647c564,171,9.117996602230885,5.847953216374268,27.005263157894735,14.476842105263158
538caafddff204241cecbf3a02e6b3cf,8,17.311448206018518,50.0,16.05,11.30125
539ed9e19811677513447759be5eccfc,2,5.068101851851852,0.0,16.415,15.545
53b0300ca793f9834cd69c0678d35ee8,10,5.855703703703704,0.0,166.215,13.731
53d00c40e32aeb924a84ce72b1af869d,17,16.048920206971676,23.52941176470588,127.40294117647058,17.42470588235294
53e4c6e0f4312d4d2107a8c9cddf45cd,512,12.027491274233217,5.2734375,57.78861328125,18.9378125
54065e9aef7e9e9c2dc23b7594db021a,12,12.422222222222222,0.0,589.9166666666666,20.231666666666666
5415337f1863452476d42d9f14a16a61,1,16.04283564814815,0.0,44.9,23.45
54219883e72aad869adfb2a54b7bfa0f,5,17.007217592592593,0.0,1350.0,165.91
542917da124346b47ea1ac79a93ce454,20,11.576402777777776,5.0,65.19500000000001,18.159
544863df86ed3b78a04e0820d41430ee,1,5.5005902777777775,0.0,23.9,15.27
54583ab379489add547fe47b628db589,10,5.116539351851852,0.0,224.0,15.108
54965bbe3e4f07ae045b90b0b8541f52,81,26.727943958619115,32.098765432098766,127.79876543209878,25.632839506172836
54a1852d1b8f10312c55e906355666ee,202,11.517078692244224,9.900990099009901,84.4379207920792,16.641435643564357
54aa8463e87776b5612f4bdc4bd5d4de,7,13.480618386243387,0.0,92.75714285714285,17.647142857142857
54c04bdb5ec46762f8f08c7e8f86ed4a,19,15.41448708576998,10.526315789473683,172.71894736842106,25.05894736842105
55029529919c0123526150bd26ca8f20,7,8.695739087301588,0.0,64.85,19.268571428571427
553a440137d6e0cf776aee0bb83ac9f5,2,23.00158564814815,50.0,72.4,15.17
5563732abe64c3036cb97ad924128dd1,3,10.91849151234568,0.0,134.66666666666666,12.533333333333333
5566627eab3fe93fd6ee08798226101a,5,8.814136574074073,0.0,17.1,20.462
556a6409838156ea299c9d1f9e2dde43,4,7.399207175925927,0.0,340.7,21.71
557f22c76691849db52d2abccf0015d0,13,14.304740918803418,0.0,61.52846153846153,23.743846153846157
5587130f9850696ed7fafbc91c2cee44,2,6.5392013888888885,0.0,34.9,16.845
559d56f3b8f0bc2e5a9a62fe2ce2a39f,2,12.295746527777778,50.0,192.5,24.36
55a5b51f93f2b70ea513f5a047b0262a,41,13.728832712285456,7.317073170731707,97.6170731707317,20.66048780487805
55bb6fe5bebe5012e2d7d9928e1128ff,16,16.57628833912037,18.75,113.534375,36.029375
55c26bcb609f480eb7868594245febb5,6,9.694230324074075,0.0,110.73333333333335,26.971666666666664
55c96925041a14097b6a7825554f4ad5,6,11.093325617283952,33.33333333333333,28.333333333333332,7.648333333333333
55d3daac7c404d59e51c2aa2f4dc5a23,28,8.785415426587301,0.0,160.02142857142857,46.78142857142858
55dedd83e501d8248880557d9073cbfd,9,4.488298611111111,0.0,117.25555555555555,12.309999999999999
55f7a3319d80f7fdf078b8f03e6725fe,22,6.7771659301346805,9.090909090909092,136.99,18.485
562f8cfc51f265411f487d07e9c40e7f,13,14.032670049857549,15.384615384615385,58.99384615384616,15.333076923076922
562fc2f2c2863ab7e79a9e4388a58a14,265,11.255386355695318,3.3962264150943398,32.676415094339625,15.943245283018868
5656537e588803a555b8eb41f07a944b,185,11.422552615115116,7.567567567567568,42.871675675675675,17.969135135135136
5659d77e8d90378e39b960ad5956f64e,2,20.48904513888889,50.0,91.24000000000001,15.325
56642bcb79900e777d68e91915cb4267,56,14.243257895171956,16.071428571428573,65.315,14.538392857142856
5670f4db5b62c43d542e1b2d56b0cf7c,22,8.532830913299664,4.545454545454546,301.3677272727273,26.479999999999997
56db5c0782e8f7ddc9343f9576ff6d16,2,9.917291666666667,0.0,367.4,28.575
56e361f411e38dcef17cdc2a3d99628b,10,12.040243055555555,10.0,129.8,185.776
56f413900b5166ab4d730e9ac0b12cb0,3,10.19193287037037,0.0,50.596666666666664,14.15
570d4583587a5fe2d47c7be89b91ad27,2,5.748657407407407,0.0,62.625,11.835
5721089ba9214e80074f27d5a03fc0eb,7,7.536375661375662,0.0,35.13285714285714,9.52
5733d806668f8712c24b9abaefbfa642,2,15.00157986111111,0.0,121.9,42.94
5741dc2bf5044c34d0698681c5081bed,3,7.190243055555555,0.0,29.899999999999995,11.35
575df70bde3f9f2b30bf8d2e9910d725,34,13.309569716775599,5.88235294117647,159.11911764705883,22.157941176470587
577719699805dd125d5b6fdde5943bba,8,10.283478009259259,12.5,134.725,26.195
578fa3a9cb6b6dceab39231ad59cdaca,3,22.39690200617284,33.33333333333333,50.0,12.4
5795aebfe331fbcd02a2c4b679fb7952,6,12.203221450617285,0.0,213.33333333333334,26.015
579891617139df7d8671d373f0669622,8,18.42087962962963,25.0,35.0375,16.025
57a834594e1e9e9219603bfec184eadc,1,6.109594907407407,0.0,139.0,27.05
57c764b4a836300be881e2ff86e449f9,29,15.50414671136654,13.793103448275861,39.865517241379315,15.77206896551724
57d2ba47f7a3209aa347532ae75c1165,2,15.687424768518518,0.0,159.0,70.12
57df9869a600bd6b7c405f2a862eccfb,5,7.28955324074074,0.0,25.0,14.442000000000002
57e632711dec9ec14ca7546769483e7e,65,10.777448896011396,0.0,97.69323076923078,18.584307692307693
57fe6232e67823593374a2281d7a8af8,8,9.581882233796296,0.0,22.335,13.17
582d4f8675b945722eda7c0cb61ba4c7,71,10.591509683098591,1.4084507042253522,66.23887323943661,13.816478873239436
585175ec331ea177fa47199e39a6170a,1,7.919513888888889,0.0,3549.0,53.47
586a871d4f1221763fddb6ceefdeb95e,2,68.62114583333333,100.0,99.0,20.74
5882820ef11c4c068eea0677a7a879b4,14,14.96869460978836,7.142857142857142,708.9642857142857,52.807857142857145
58c851d1a3c7cd3da329eb59453fed44,2,4.611643518518519,0.0,134.495,12.135000000000002
58e4b302b54937e55a678c4d15111da4,1,7.158981481481481,0.0,49.9,14.52
58f1a6197ed863543e0136bdedb3fce2,45,10.38838851205857,2.2222222222222223,151.84444444444443,23.793111111111113
59417c56835dd8e2e72f91f809cd4092,18,12.569483024691358,0.0,2025.5,66.59833333333333
594f9aaa48e5bf431f011ddc5669b0d5,38,7.881920382553607,2.631578947368421,85.49473684210527,23.35815789473684
5962468f885ea01a1b6a97a218797b0a,6,10.914812885802469,0.0,112.33333333333333,15.29
596849622429351f47b32e6cae1055ff,13,5.483386752136752,0.0,82.29230769230769,11.776923076923076
5996cddab893a4652a15592fb58ab8db,1,5.080324074074074,0.0,810.0,70.75
59b22a78efb79a4797979612b885db36,133,12.501321620022278,12.781954887218044,204.39473684210526,36.82383458646616
59bbc819b99a733f02f0d6b49d1c253d,2,5.458657407407408,0.0,69.9,11.475000000000001
59cd88080b93f3c18508673122d26169,12,13.627828896604939,25.0,32.69416666666667,14.615
59cea8e446d3834393058e7e0666b6fb,10,7.272856481481481,0.0,69.66,20.454
59de1d4c8c057c2a53acd4ca66531af2,1,18.68167824074074,0.0,135.0,21.75
59fb871bf6f4522a87ba567b42dafecf,125,12.075128888888889,6.4,169.42880000000002,16.10864
5a05a16bb50629ee31afab8a6d4c2674,15,6.9908981481481485,6.666666666666667,52.95333333333333,18.745333333333335
5a32c398a06c345440bf2a683b017ad3,1,11.96880787037037,0.0,34.9,15.23
5a413ade68e8f8d93071a7f52a64cb9e,14,4.118708664021164,14.285714285714285,55.635714285714286,10.983571428571429
5a4236931428800e9d9cc04af0987118,3,3.981076388888889,0.0,14.99,15.229999999999999
5a425cc503b39b262a847fd6212bf53b,14,6.823572255291006,7.142857142857142,95.75714285714287,17.94857142857143
5a6a02f419701fc8c605af71d4fc57a4,11,5.259986321548822,9.090909090909092,54.59090909090909,10.355454545454545
5a8e7d5003a1f221f9e1d6e411de7c23,179,10.467905674529277,6.145251396648044,61.687709497206704,14.89776536312849
5a93f3ab0ef4c84ed5e1b5dbf23978bc,43,15.054766634366924,2.3255813953488373,53.471627906976735,15.184651162790697
5a9b3bcab695173c820e53934574ae80,1,7.143958333333333,0.0,139.0,64.77
5a9c0859cb00fd8aa4db443837f0a700,2,9.005376157407408,0.0,104.0,23.795
5ab05b6d86d417796c69ffd6774ec832,12,12.587885802469136,8.333333333333332,157.17499999999998,21.395833333333332
5abb8ea023c77787f2c15da891c8d384,13,19.6782719017094,23.076923076923077,172.3846153846154,57.400000000000006
5acd070dd3fe441bbb2ec1f1ede515ee,8,23.23549045138889,37.5,95.52125,15.275
5b07547f10dd980738a1a27f685af669,14,6.200850694444445,14.285714285714285,81.04285714285716,13.247857142857143
5b0cc932433fa5184b5b94bfe6bcc256,17,11.721945806100218,23.52941176470588,84.5764705882353,32.722941176470584
5b179e9e8cc7ab6fd113a46ca584da81,36,12.67396283436214,8.333333333333332,143.70833333333334,18.49
5b2e94f2c22b39ccc24d34ad0f669672,10,9.983612268518518,10.0,94.978,39.036
5b33b527da3c5b969cc99dc435cad09a,17,12.780727805010894,5.88235294117647,110.16411764705882,21.50294117647059
5b35136197710e16ac5e7b7c2bd4ea85,9,19.985843621399177,33.33333333333333,344.91111111111115,27.34333333333333
5b51032eddd242adc84c38acab88f23d,14,11.863262235449737,0.0,234.28571428571428,19.210714285714285
5b581417df4480f632484ba681e53944,12,20.34359085648148,33.33333333333333,136.79999999999998,47.70083333333333
5b664594895aefb418afaee6d40a9a23,22,10.445734953703704,0.0,45.85454545454545,10.29
5b67882648febfb6e1225e6ad7164f6b,30,12.248475694444444,3.3333333333333335,227.116,20.631333333333334
5b8154610ebb21fb90eb587365e673df,40,13.158373553240741,15.0,226.20125000000002,26.21675
5b85809efd0d0e4dea1a9544e1280ed9,14,7.376674107142857,0.0,128.9,20.91142857142857
5b925e1d006e9476d738aa200751b73b,63,10.885000367430923,6.349206349206349,122.9920634920635,16.719682539682537
5b92bfa4120daa27c574daa2e386c693,1,16.086435185185184,0.0,14.0,10.96
5b97c06a046398e7005b2b7c0d707a92,3,26.17675925925926,66.66666666666666,379.99,66.14666666666666
5bba18b40e8c973b0f32e748004775b0,1,7.072442129629629,0.0,739.98,44.82
5bc237df65098fe211bb4818f4d26d78,2,12.479837962962963,0.0,63.400000000000006,28.545
5bc24d989e71e93c33e50a7782431b0e,17,9.188674428104575,0.0,185.1764705882353,34.61941176470588
5bc55dbe2f12b6af6d83ed46023e0dc8,21,12.996622023809524,19.047619047619047,142.48095238095237,19.87047619047619
5bf397d04035b5f45cc41e82ec106803,4,3.496568287037037,0.0,381.25,11.82
5bffbafbb22daf6d3bfc216a46db8708,23,8.637940318035426,0.0,227.81304347826085,19.76086956521739
5c030029b5916fed0986310385ec9009,10,5.369206018518518,0.0,416.43999999999994,91.55
5c243662ce92d84573bfaff24c3e3700,100,10.806852083333332,3.0,328.62020000000007,17.7564
5c3460cd3e8a984382ae254e7dd20d9f,10,9.633430555555556,0.0,77.576,19.854
5c6d4016c2a288f074fa0848a2b653d2,34,11.047310049019607,8.823529411764707,91.17647058823529,14.650882352941176
5c853bb56f70f4d14218944bae111d7a,24,8.61485580632716,0.0,10.96375,10.460833333333333
5ca5d579b5857ee8709479b1047cecc3,1,17.78358796296296,100.0,169.99,8.05
5cbbd5a299cab112b7bf23862255e43e,38,10.788462780214426,0.0,71.73842105263158,17.346052631578946
5cf13accae3222c70a9cac40818ae839,155,10.625281212664277,3.225806451612903,92.21483870967742,19.37341935483871
5cf1ec37aea089f45110c70653a166ab,2,21.465109953703703,0.0,17.5,14.290000000000001
5d0363b33554b373851fc1622e4d5f3c,94,12.73062192178881,8.51063829787234,69.66797872340426,23.143404255319147
5d043cd5512d4bd2f88e5ccdd5736c38,1,9.573449074074073,0.0,650.0,64.91
5d378b73ab7dd6f0418d743e5dcb0bd1,6,30.488871527777775,16.666666666666664,1875.6666666666667,59.78333333333333
5d3bb11474a06bdc23fb9e89f1164ee0,32,9.746797236689815,3.125,114.20625,16.381875
5d505d2298ad549e4e4e835562fa0c1e,2,5.899982638888889,0.0,124.9,14.169999999999998
5d76d80a2f5f39c891b996a1bf4c9853,6,10.233966049382715,0.0,206.41666666666666,28.541666666666668
5d9dc90a686a8fddacffab6bab5653a3,12,8.628353587962962,8.333333333333332,313.495,30.7775
5d9f3746e112e696f98ea22c56b3e912,1,7.0696875,0.0,1322.64,47.77
5db42a6cd9bf1bf0d3aab9582767f168,1,16.873449074074074,0.0,200.0,19.33
5dc203c7b84a0e71e878a179de05fb9a,5,8.570122685185186,0.0,84.38,25.630000000000003
5dceca129747e92ff8ef7a997dc4f8ca,343,11.273755027804773,5.830903790087463,323.9846355685131,39.580728862973764
5de1c80811ce7007f62f00d971236c09,2,8.073929398148149,0.0,38.4,15.475000000000001
5debea795b07621e1f90532e18f96145,33,10.30880927328844,0.0,57.084242424242426,15.283333333333333
5def4c3732941a971cba8fdee992ede1,6,4.150827546296296,0.0,22.46666666666667,11.04
5e063e85d44b0f5c3e6ec3131103a57e,1,1.2883333333333333,0.0,22.9,7.42
5e105f5c9f63f5f1fd75d6cb942e55b1,8,9.292110821759259,12.5,183.9875,34.22875
5e106d93b717c2682b9383da480364a1,1,7.260185185185185,0.0,445.9,21.71
5e25c632f9db6cfb8bc100421c2737b6,1,6.050219907407407,0.0,259.0,19.91
5e49e3a44bdeb5aab2684258bbd4f525,3,16.658904320987656,33.33333333333333,169.0,17.59
5e9f5bd34e0830569f05c9d4f56e04a8,2,10.026510416666667,0.0,119.99,17.44
5ee7fd217d08dfe5d3e2f51f96a12c9a,9,16.85798739711934,22.22222222222222,129.5,29.964444444444446
5eeb9c756d9780b96283e5a2ac6da334,9,16.608179012345676,22.22222222222222,274.55555555555554,27.526666666666667
5ef131ac72773e5b3f6c0d63cf424657,11,6.272231691919192,0.0,52.344545454545454,22.381818181818183
5f0057b677eb963672bf05dfa3f16c34,4,7.040208333333333,0.0,53.47,12.7775
5f06030071324cc52bf0304014ac7234,4,10.357387152777777,0.0,195.99,25.087500000000002
5f1dc28029d2c244352a68107ec2b542,78,9.357083481718897,7.6923076923076925,35.991025641025644,12.771282051282052
5f2684dab12e59f83bef73ae57724e45,73,10.283961662861492,5.47945205479452,121.52013698630138,15.202054794520548
5f26c1408a65b42a7224cd463bdf3292,10,6.427893518518519,0.0,113.97999999999999,21.729
5f3ae9136c875522250f8184f253413a,45,7.676426440329219,6.666666666666667,25.40111111111111,13.260444444444445
5f57db27027655e6c6a391601daa0258,1,14.373472222222222,0.0,98.0,53.04
5f5a58930c3c35f3b5af264f34fb8c85,3,7.959606481481482,0.0,186.66666666666666,22.863333333333333
5f5b43b2bffa8656e4bc6efeb13cc649,29,14.025877634099617,3.4482758620689653,126.8,19.153448275862072
5f67c6082caacb26e431a7b17940cece,14,22.20229083994709,28.57142857142857,118.75714285714285,14.887857142857143
5f7300535881cef3b625fd683cf7d145,11,9.836594065656566,0.0,60.54363636363637,15.531818181818181
5fd924b4836098a5be0ecf81ba054ce0,8,7.734107349537037,0.0,143.6,16.942500000000003
602044f2c16190c2c6e45eb35c2e21cb,55,15.828208543771044,23.636363636363637,64.71218181818182,16.541090909090908
6025c79c035c3d772133b8b8238463b2,4,8.10793113425926,0.0,247.435,27.1475
6039e27294dc75811c0d8a39069f52c0,74,17.98101445195195,25.675675675675674,182.44324324324324,31.550270270270268
60562ab00b8054280520d390c8c0045c,17,10.181200980392157,0.0,173.11764705882354,17.88764705882353
6061155addc1e54b4cfb51c1c2a32ad8,33,5.790115740740741,3.0303030303030303,473.73939393939395,26.663939393939394
606ce7768feac12c5e8bd58db8b08f0f,5,9.72950925925926,0.0,583.3199999999999,20.451999999999998
609e1a9a6c2539919b8205cf7c4e6ff0,130,10.343952012108263,2.307692307692308,50.73253846153846,20.67069230769231
60da8bfa7eebe230b7d66ac4082d79b3,3,7.781188271604939,33.33333333333333,28.866666666666664,12.89
610f72e407cdd7caaa2f8167b0163fd8,17,12.596752450980391,11.76470588235294,799.1270588235294,49.66411764705882
612170e34b97004b3ba37eae81836b4c,110,10.901777988215487,1.8181818181818181,209.68200000000002,20.973272727272725
612a743d294c27884fb7b80d2b19ba35,3,8.214741512345679,0.0,1019.2333333333335,34.81666666666667
615005a3ef192c00c6f0e977cee3d2bc,11,13.398623737373738,18.181818181818183,26.045454545454547,14.149090909090908
615c3462099ffa940d37b17dfda19594,2,7.6487442129629635,0.0,114.5,16.025
6179a28a13a726c29b3bf54c070dccab,1,25.23008101851852,0.0,300.0,61.27
6187a137b2af59dfdbad8d9f8c373c14,2,13.861290509259259,0.0,37.4,15.11
61b18775be84fb700a6b2d0ba097bf66,5,11.869849537037037,0.0,66.9,20.302
61c36f0fc4a47f9532e5512b66668e62,1,12.314270833333333,0.0,750.0,17.69
620c87c171fb2a6dd6e8bb4dec959fc6,778,12.905887276254404,9.511568123393316,144.55205655526993,17.75922879177378
6219ba2359cfb97f2e38fd4c321eb309,5,23.707979166666668,60.0,68.52000000000001,16.509999999999998
6235903333ba7de1928c869e268e5964,1,4.974247685185185,0.0,94.06,41.42
623ad9d0c1e14bb5464a8c72bff7b4af,1,24.09232638888889,0.0,95.0,38.96
624f4ece8da4aafb77699233d480f8ef,54,13.516612011316873,7.4074074074074066,167.5185185185185,31.58425925925926
626ab1cd96932367f0eeec2e47046c12,3,7.193283179012345,0.0,436.6666666666667,26.823333333333334
62760d278921b5f352461620d68a9cee,3,19.679513888888888,33.33333333333333,132.33333333333334,17.7
6288c69c4ce638e59925e59193f98b16,20,9.613747106481481,5.0,209.84,13.510499999999999
62c50c1af4dfdc4149d25c5222043d39,17,13.530853077342048,0.0,136.8135294117647,16.58529411764706
62de60d81c55c29d76a6bce418b31cef,1,16.171631944444446,0.0,103.0,23.87
630008e0f062605a415d694489f6f82e,1,17.05988425925926,0.0,35.35,15.35
63191ead8d3b2f937cd1996fdcbbad20,1,11.917349537037037,0.0,367.0,53.29
63272377184e969942f7fff221be858d,2,12.299733796296296,0.0,74.85,33.265
6338ea67c41078a46ad99cc009654956,44,13.200010258838383,0.0,51.95659090909091,21.00681818181818
633ecdf879b94b5337cca303328e4a25,6,25.722860725308646,66.66666666666666,172.93333333333337,14.648333333333333
634964b17796e64304cadf1ad3050fb7,323,14.50425538929022,9.597523219814242,121.09628482972136,18.26625386996904
63704069d9bd3a75c1cf59babe56004a,1,18.27550925925926,100.0,59.3,7.39
638cba8be1fb599bbb76fd6948351eb3,22,8.502627314814815,0.0,24.336363636363636,12.194090909090908
63a79f5a7eb5cb48a7e5787b141c7993,11,6.365419823232323,0.0,74.10000000000001,18.257272727272724
63b464dbf392c7b80d12d932fa7cafed,38,13.191747380604289,5.263157894736842,174.26315789473685,22.65368421052632
63b9ae557efed31d1f7687917d248a8d,7,16.394758597883598,0.0,19.928571428571427,14.687142857142858
63ffcb71394dd8ea3872ed9ffda17c74,17,13.25094566993464,5.88235294117647,23.470588235294116,15.571764705882355
640e21a7d01df7614a3b4923e990d40c,136,10.44772314133987,6.61764705882353,55.35948529411765,17.87985294117647
6426d21aca402a131fc0a5d0960a3c90,23,10.963011272141706,4.3478260869565215,52.593043478260874,16.703478260869566
643214e62b870443ccbe55ab29a4dccf,66,9.536554257856341,13.636363636363635,48.927727272727275,13.507272727272728
643c01d7c56a724bec0454f4780e8a3e,2,9.720231481481482,0.0,102.775,20.55
6481e96574816ead57975da2c0f6d80d,43,7.341070467269596,2.3255813953488373,77.3232558139535,23.62697674418605
64c9a1db4e73e19aaafd3286dc448c96,1,9.469189814814815,0.0,439.0,43.6
64cc804291f90c81f02bfc2bb58ff55a,2,14.760040509259259,0.0,258.8,23.27
651530bf5c607240ccdd89a30c9c9712,1,11.76519675925926,0.0,199.9,24.55
651fe66032c9520ee5587f694908040d,7,6.706140873015873,0.0,66.28571428571429,18.389999999999997
6524b847b982cd56bb5d4b02b776ee42,2,42.330416666666665,100.0,389.9,27.57
6548c2550b6e2d8f18053216e1c7b6f3,5,6.334023148148148,0.0,43.54,13.969999999999999
655220df33262c7e0c4949a147366f94,15,12.130904320987655,13.333333333333334,149.66666666666666,45.43533333333333
6560211a19b47992c3666cc44a7e94c0,1996,9.539485927874267,6.212424849699398,60.47235971943888,13.701457915831664
6561d6bf844e464b4019442692b40e02,1,1.434201388888889,0.0,41.9,7.55
6562efe88ce0826a4ca4f189f03b4b84,20,15.599655671296295,10.0,53.8,14.116
656591be56071d4c9ef4e5fee78a578a,11,14.31607218013468,27.27272727272727,154.72727272727272,29.018181818181816
657969cca82e884d272385ec0ef06edd,3,8.105501543209877,0.0,46.56666666666666,17.286666666666665
659e8466eb3ff1b0e8740d74fb7bbedd,14,9.770508432539682,0.0,106.2,28.085714285714285
65a7c0788e4d632ccb5e1b594b87f0bb,9,11.43482896090535,0.0,29.633333333333333,13.046666666666667
65b081a070633e057c462abdd6fb9dd8,20,11.784479166666667,0.0,94.2545,22.079
65c255b299faf2d12050937cc219c46c,2,7.089606481481482,0.0,44.1,10.94
65febd49fd28ec955651299159b1f527,38,7.134858979044835,5.263157894736842,108.8607894736842,24.965
6601ee6383e7f452be71929f8de48bbb,2,14.825185185185186,0.0,76.8,14.17
6614814a00d344b846ae209f95ee7e3f,1,4.7878125,0.0,13.0,12.69
661ad5fcc28cdfb8bcadb12bb2272475,7,13.143630952380951,0.0,29.99,17.111428571428572
6624bc09786f0e41ae48dfc5eeb1a9e2,1,15.795405092592592,0.0,89.54,17.47
6650fcccd8cd2f7e55ffa524f30c4c59,2,8.132112268518519,0.0,169.9,48.155
668bf321538e5072858eaef6087ce027,1,4.473495370370371,0.0,19.9,8.11
66922902710d126a0e7d26b0e3805106,155,11.38841696535245,7.096774193548387,92.04709677419355,20.629870967741937
669ae81880e08f269a64487cfb287169,185,11.98548385885886,3.783783783783784,70.99389189189189,18.115297297297296
66dc1b1632bd6a3e508510c5b3492107,41,10.43919320234869,2.4390243902439024,86.39487804878048,16.82219512195122
66e0557ecc2b4dbea057e93f215f68d8,30,31.725889660493827,26.666666666666668,404.7,16.247333333333334
66fd84ee7528c0c0de85d0f44a73d5ab,21,14.563925264550264,4.761904761904762,68.48142857142857,21.58047619047619
670a9dda115b5a88b18cfadee8de2332,11,12.298190235690235,0.0,83.53636363636365,16.644545454545455
670c26e0f1bf8d0576271d5cfaec6d2b,86,13.737166639750216,4.651162790697675,72.67558139534884,19.539186046511627
671585f5a2af58b6e276bc01003c0d2b,27,5.587871227709191,0.0,46.074074074074076,16.596666666666668
67225bff54a172ff67579aaf583efd78,8,13.427086226851852,12.5,154.75,19.388749999999998
674207551483fec113276b67b0d871ff,1,1.869537037037037,0.0,119.9,13.94
6750d71153f00fc58829af2a8ef1bcf1,6,9.518886959876545,0.0,585.6666666666666,18.75
67883baaae6134ee81b271a542613728,19,5.838590399610137,15.789473684210526,429.8894736842105,17.269473684210528
679769a98cfcc6da877c8486ff1c13f3,21,9.536956018518518,0.0,334.7142857142857,20.875714285714285
67bf6941ba2f1fa1d02c375766bc3e53,20,11.918202546296296,10.0,253.1,62.897000000000006
6806dad1da97bfb5a9038eac6881f706,14,13.39661789021164,7.142857142857142,105.5,21.875714285714285
681fce914360217db47784ae28905a96,24,12.736270736882716,12.5,171.97208333333333,18.519583333333333
6824a69c9ea0313eba299dd4a2dba09a,7,4.540830026455026,0.0,95.27142857142857,16.740000000000002
685b870da5b52a710782c9c0fefbeb5b,2,39.61394675925926,100.0,313.5,21.99
6860153b69cc696d5dcfe1cdaaafcf62,84,10.229695491622575,8.333333333333332,45.56702380952381,17.745238095238093
6861de0f40cacb0602e473c51639f980,8,13.67995804398148,12.5,84.25,34.46625
686886775c8f6b1191c7b953fb52708c,1,3.546076388888889,0.0,189.0,13.62
6879c4d287a8dd06b11f54ea8f78e4da,6,6.816903935185185,0.0,87.945,24.91
688756f717c462a206ad854c5027a64a,99,10.765330387205386,9.090909090909092,58.96636363636364,19.27323232323232
68ca56ce86830f3d31b1b7ec6a54da3e,5,4.891428240740741,0.0,119.93800000000002,24.668
68f86ba270525243e68ae74044f992b9,11,10.538973063973064,9.090909090909092,70.68181818181819,16.972727272727273
6902157ee16728322d61a1321fa79e58,2,10.457511574074074,0.0,79.9,15.815000000000001
693660429f9dc4ff704eb3d88dad54d7,2,3.5799305555555554,0.0,62.0,12.059999999999999
695051e2981c8b19e77cafe450d5bdf3,1,20.190590277777776,0.0,169.76,12.69
6973a06f484aacf400ece213dbf3d946,108,14.988384880829903,16.666666666666664,96.46962962962962,11.924722222222222
698624c6632eeba1774924dbea24c700,1,6.968645833333333,0.0,19.9,15.23
6989574bd97d9773f10d232b6c07da59,7,10.962650462962964,0.0,354.0571428571428,45.871428571428574
698f5fa55a5f73d0740e9d9a773e8093,6,5.899454089506173,0.0,20.0,13.998333333333335
69a43819c758c65a5befb0b471c954d7,3,14.641141975308642,0.0,99.95,33.63666666666666
69b5eaa096c3f9d1e5c398c597f567d6,2,6.57519675925926,0.0,469.0,24.51
6a0cbc8af2e8abd1bdfb777943d174c6,34,15.508637322984749,8.823529411764707,111.41617647058824,21.441176470588236
6a3139c7bf09ece22a4713d956acbe5e,1,3.8735185185185186,0.0,61.9,14.74
6a38087bc8ad4f89ff453561005f6dea,22,11.966243686868687,0.0,83.33772727272728,24.90545454545455
6a51fc556dab5f766ced6fbc860bc613,31,15.20258064516129,6.451612903225806,232.83451612903227,24.101290322580645
6a53b90c3ad9e0b56d9fe5c69165fff5,4,11.870266203703704,0.0,34.945,13.75
6a8a889bde935bafa76d7848782dfaf9,30,7.555369212962963,6.666666666666667,28.694,12.259999999999998
6a8b085f816a1f75f92dbac6eb545f8f,133,14.367179493873573,9.022556390977442,44.24187969924812,16.195864661654138
6aa3928696eab49a19a466e665a649fd,22,8.24293507996633,4.545454545454546,94.31818181818181,15.258181818181818
6b15924333bd1a741595fe981ea04822,21,7.780927579365079,9.523809523809524,29.25333333333333,11.435238095238097
6b1c4d4d9ccf0be3d8544eb0e71e5318,1,12.218310185185185,0.0,1699.0,60.04
6b243f80ed07b10f0e8aa0f21a205f3c,89,11.021512432376197,3.3707865168539324,70.33820224719102,17.385393258426966
6b2612338467c08c9b25f0cc55b1578d,1,16.55759259259259,0.0,92.9,20.97
6b333a05bf188ef3e1f1662a86bd9855,13,10.187579237891738,7.6923076923076925,306.9930769230769,43.38230769230769
6b3bd31ad8fcda4b2635ec9f3ff2ecdf,42,12.867135141093476,9.523809523809524,96.75952380952381,17.570714285714285
6b536a23086fba0d58c08d68814397f6,22,14.15708122895623,9.090909090909092,90.76363636363637,16.35181818181818
6b803197e03abd5056b4313306b4f29d,12,4.875554591049383,0.0,33.916666666666664,10.301666666666668
6b89abe95848c850399130d149a39b63,8,11.262706886574074,0.0,141.9,41.31625
6b90f847357d8981edd79a1eb1bf0acb,47,5.477807821118992,4.25531914893617,70.68255319148936,15.69468085106383
6b9b80d53ba3676eafe60268a810b5a1,9,12.04213220164609,0.0,87.07777777777778,17.501111111111115
6ba4733aa33f6386e9fb0c0fd3993b38,3,12.429888117283951,0.0,49.93,20.03
6bb0724edf0b62fb91ac404873a97241,18,14.054401363168724,16.666666666666664,202.94444444444446,42.41777777777778
6bb62a4912377c7bfe7cb17b406bc7e6,6,5.126489197530864,0.0,123.25333333333333,17.645
6bb66d9870c2e01c05655c7ed0e7ee13,3,8.319984567901235,0.0,89.66666666666667,17.34
6bbcb8924baf70b7fe2fe2097e8cd407,11,11.510225168350168,0.0,216.5909090909091,24.029999999999998
6bcb2352a2a0c38b845f598298ab9d26,1,11.037233796296297,0.0,15.9,15.1
6bd503a8230299c9316fb0f726933927,5,10.058101851851852,20.0,64.85799999999999,25.919999999999998
6bd69102ab48df500790a8cecfc285c2,5,16.254462962962965,20.0,1614.0,57.803999999999995
6bef34c5be6f2bbd70aa5165f6df94b1,2,16.186406249999997,0.0,599.0,66.44
6c12e40690c335dbc2f68a4134d30dc1,18,14.084675925925927,0.0,507.73333333333335,26.947777777777777
6c177e38df6d3f34182b1f1d427231bf,54,14.304833033264746,3.7037037037037033,150.23870370370372,18.558518518518518
6c17baf138731a4aaacc3210adf2037b,5,7.580141203703704,0.0,107.75999999999999,17.984
6c1b6d0c604b776f844125f911eb7377,4,17.514010416666668,0.0,81.7675,14.035
6c6cc59a5c00cacc5054ca06d65cc282,1,9.252847222222222,0.0,1107.0,148.71
6c6e3d67f969468f3bfd33f827a31222,6,9.219967206790123,0.0,37.333333333333336,15.401666666666666
6c77cd583b36a13aacccf2b3ee23e233,1,6.026678240740741,0.0,18.9,12.79
6c7d50c24b3ccd2fd83b44d8bb34e073,126,12.137579824368018,1.5873015873015872,67.03142857142858,21.252619047619046
6c9875b2f94ba781186f0c1aed8d1687,4,3.681603009259259,0.0,6.25,9.5125
6c99c983ce3b6ba0ab813e6790e81691,9,6.133632973251029,0.0,60.75,22.862222222222222
6cd68b3ed6d59aaa9fece558ad360c0a,157,10.455253007784854,1.910828025477707,71.26477707006369,16.113949044585986
6cf476a4ca74498db55cbccdaa9dcfb6,6,34.39146604938272,50.0,104.15666666666668,27.776666666666667
6d04126aba80df143fd038e711b8fd96,1,37.079166666666666,100.0,89.99,18.87
6d1b9c9579132c87d2703ec38c30f2c5,4,9.304976851851851,0.0,74.9225,16.925
6d22a1fcebb6dd08c9cd90b92a93e8d0,13,15.908391203703703,0.0,55.66923076923077,17.13307692307692
6d2f2e3b539480db1e0842b3a4e32e6e,6,5.595298996913581,0.0,50.99333333333333,28.05
6d66611d7c44cc30ce351abc49a68421,174,12.124869425819497,6.896551724137931,77.17586206896551,18.48655172413793
6d7f8d9d594e28796b6b3205b00f459c,3,15.28804012345679,0.0,139.29999999999998,19.703333333333333
6d803cb79cc31c41c4c789a75933b3c7,66,12.888389099326599,6.0606060606060606,131.9909090909091,18.388939393939395
6d988d6174a2c27441597174f8905515,23,19.25952445652174,8.695652173913043,16.16217391304348,15.89
6da1992f915d77be95d7fa48b36904af,9,8.837852366255143,0.0,29.0,13.628888888888888
6dc9bec584588412a6a338830946a3e4,1,21.719467592592594,0.0,280.0,84.96
6dd7dce75cd55c1ce255dc38d9f0cd46,1,12.228090277777778,0.0,75.0,21.33
6ddc28b61be28373b4503a1f61cf98a9,11,6.850078914141414,9.090909090909092,157.53636363636363,15.19909090909091
6df688df543f90e9b38f4319e75a9d88,55,8.288001683501683,0.0,34.39563636363636,13.989818181818181
6e0908ef4d4efadbc3cc2b74ea477cb0,11,11.283656355218854,9.090909090909092,53.58636363636364,14.62090909090909
6e13dd869aa7185f601c941423abcc8f,6,4.413994984567901,0.0,87.0,12.68
6e1862e15f33d9994bc25922a85e1efc,12,3.6328163580246913,0.0,55.7075,9.235833333333334
6e386f64c84e482f0b9abf960797ee1b,29,10.478848978288635,10.344827586206897,421.0103448275862,21.08655172413793
6e4a902d1054e4e17aa6eab87fac1c75,8,6.364619502314815,25.0,73.32125,13.64125
6e4f5ff6b086632ba8dcb558fb10249e,5,10.725724537037037,0.0,167.78,42.87
6e864f5c4669eff3d98140a07cc50202,13,9.844045584045585,7.6923076923076925,56.96846153846154,14.751538461538463
6eb94e1466490d327a09abf8f3552a50,9,8.174558899176954,11.11111111111111,152.55,23.80777777777778
6ebf4eceee4dd9847201c82e77ef8123,1,15.017141203703703,0.0,59.9,22.13
6ec1a01e866584bb679eb9b098345919,31,14.619209976105138,22.58064516129032,128.99709677419355,25.67258064516129
6edacfd9f9074789dad6d62ba7950b9c,216,9.054125085733883,5.555555555555555,60.029629629629625,13.453148148148149
6ee85be3693ed79a8e80718743d80655,5,29.121037037037034,40.0,29.5,17.794
6eeed17989b0ae47c9f11ece6f38ea90,3,6.500030864197531,0.0,185.66666666666666,39.67
6f1a1263039c76e68f40a8e536b1da6a,5,25.07654861111111,20.0,35.738,14.9
6f229cc508fc6915ed5c499efd93baa4,14,9.361559193121693,14.285714285714285,189.62857142857143,23.84857142857143
6f835fd4be26989b1b064399da346143,2,6.953078703703703,0.0,98.9,15.725000000000001
6f83d9e4da896daae20b9b6b2d3ff8d2,11,15.023242845117846,0.0,69.56272727272727,19.986363636363635
6f892e20a171e98efe17fdb971ff319b,50,16.756710648148147,8.0,120.98,17.1498
6fa9202c10491e472dffd59a3e82b2a3,3,8.464201388888888,0.0,2338.08,308.33666666666664
6fc26fe110feebd80a433e1f012a84f9,72,11.43756735468107,6.944444444444445,57.65097222222222,13.572083333333333
6fd52c528dcb38be2eea044946b811f8,84,21.193753031305114,10.714285714285714,92.17880952380952,13.554285714285713
7008613ea464bad5cb9b83456e1e6a8f,152,14.095737771076998,3.9473684210526314,49.59671052631579,19.403552631578947
700f03c207639c22d933381ff60b35c2,4,29.76735821759259,50.0,297.46500000000003,34.112500000000004
70125af26c2d6d4ef401a1d02ae7701f,8,10.389732349537038,50.0,46.4,32.3025
70126eecc6aa1274392a1743866e9678,3,5.5894405864197525,0.0,32.46666666666666,15.780000000000001
701938c450705b8ae65fc923b70f35c7,111,12.521549674674674,5.405405405405405,107.02063063063062,33.97837837837838
702835e4b785b67a084280efca355756,1,1.8040393518518518,0.0,7.6,10.96
7040e82f899a04d1b434b795a43b4617,223,10.244739972595914,8.968609865470851,41.3170403587444,14.005650224215245
70849ca4f400aaabb62cb7462a6f1428,12,10.915981867283952,16.666666666666664,75.79833333333333,19.471666666666668
709e16e2b25c7474d980076c6bfc4806,80,10.457269965277778,2.5,64.39874999999999,15.337
70a12e78e608ac31179aea7f8422044b,323,14.695408819229447,10.8359133126935,92.766346749226,17.101300309597523
70b52a4cfc823994561b00bad161b4ed,10,12.360554398148148,0.0,58.5,10.035
70bf57d811208f8923b41bbd499a67a4,7,4.817481812169312,0.0,111.54285714285716,12.704285714285716
70c0fda4c313d87115644d39e62eec60,1,9.881921296296296,0.0,25.99,37.09
70c27847eca8195c983ed7e798c56743,98,10.848642172146636,9.183673469387756,123.24000000000001,14.812857142857144
70c4eedec9cb4a85cda2f3f9673557b4,1,7.002696759259259,0.0,239.9,13.18
70ee69419916dc13e3aed619061f996c,1,14.4346875,0.0,45.0,8.72
70eea00b476a314817cefde4aad4f89a,112,13.332505373677249,7.142857142857142,280.578125,24.32955357142857
70f7e8018e3d46c748c92f026aa2585a,2,7.02681712962963,0.0,119.9,18.94
70f84699be677ec988d1fa824aef7d90,5,17.529266203703706,0.0,317.65999999999997,23.228
71039d19d4303bf9054d69e9a9236699,38,13.388712536549708,26.31578947368421,93.08421052631579,16.353947368421053
710e3548e02bc1d2831dfc4f1b5b14d4,137,14.306008972019464,4.37956204379562,163.27919708029196,27.318686131386862
71271995e85f5b8530be99ed54a91b89,6,12.30955825617284,16.666666666666664,97.0,15.358333333333334
712e6ed8aa4aa1fa65dab41fed5737e4,85,23.799676879084966,21.176470588235293,463.3529411764706,79.58611764705881
712efd3b68f9686dc856b84abd0f21ae,1,7.23662037037037,0.0,139.0,17.16
7139dc5186aa238b006e066d8fbab2e4,24,14.19316020447531,12.5,71.33333333333333,22.330416666666665
713e3a23ca5e47786eb6f0d99f94cfac,4,10.095622106481482,0.0,281.5,21.7575
7142540dd4c91e2237acb7e911c4eba2,328,14.759572782576782,7.926829268292683,113.35957317073172,20.865060975609754
714b9a1332840f257b49f476bea4e341,6,32.30243055555555,33.33333333333333,249.99,26.358333333333334
71592660bbcb6a4664e97b6f8b68babc,7,11.673265542328043,0.0,289.59714285714284,24.767142857142858
71593c7413973a1e160057b80d4958f6,5,8.718585648148148,0.0,59.9,9.17
715bbd5ba4e6b74cb0d2f29eb45058b0,64,11.971359772858797,7.8125,63.1765625,19.8840625
7178e1eaa97257d8b6d4b80efd77a025,1,7.122962962962963,0.0,167.9,16.81
7178f9f4dd81dcef02f62acdf8151e01,215,15.640292420327304,4.651162790697675,171.14139534883722,20.39553488372093
717b78b0950b51ed00b1471d858b0edc,5,21.32962037037037,20.0,27.72,16.23
718539d38d07dd351c76db862760e2e2,43,7.958789567183462,0.0,29.604883720930232,14.758139534883721
71dc18fd8cbf5fd77f45dd8b427abb34,9,11.461727109053498,0.0,120.0,16.6
7202e2ba20579a9bd1acb29e61fe71f6,53,13.225150681341718,5.660377358490567,228.03207547169808,21.349245283018867
720e6cf846ea7572cbb66b743fb91e6c,1,16.14633101851852,0.0,54.0,14.55
7210cd29727d674c00741e5e387b3ccd,13,4.812738603988604,30.76923076923077,56.083846153846146,11.160769230769231
72146da5774cabf2632faedcae097a76,6,27.301358024691357,16.666666666666664,33.49,18.415
7238a95bb63ef7e498389fb863b834a1,15,7.956341820987655,6.666666666666667,151.04666666666665,37.96066666666666
7238f877570096ae403c51898fa64566,3,8.923016975308643,0.0,400.0,16.506666666666664
723a46b89fd5c3ed78ccdf039e33ac63,1,7.9987615740740745,0.0,66.64,23.4
723cd880edaacdb998898b67c8f9da30,12,9.650000964506173,8.333333333333332,178.04416666666665,34.425
72431a818f97fe6ab9c81eee3e297e54,1,12.434548611111111,0.0,229.9,19.49
725af026f869236a8dd0ceb98564d156,5,13.673094907407409,0.0,162.144,25.189999999999998
725c32fa80c2faacc4fc88450d27314e,93,9.47580321585026,1.0752688172043012,84.28903225806452,14.277204301075269
7299e27ed73d2ad986de7f7c77d919fa,358,11.322033060469687,4.748603351955307,95.27217877094972,19.00695530726257
729b2d09b2a0bdab221076327f13d050,60,12.23961400462963,6.666666666666667,30.086833333333335,15.578333333333331
729f06993dac8e860d4f02d7088ca48a,113,10.856161094723042,9.734513274336283,175.97504424778762,43.478672566371685
72bc2cce903c872fe376a8faaa81d237,18,8.86798482510288,0.0,119.39999999999999,14.209444444444445
72c38a04bd6a1c3dbc5298425a0db86d,5,8.146655092592592,0.0,129.45999999999998,22.669999999999998
72c5da29406b4234927b81855e7b64f6,31,10.797208781362007,3.225806451612903,380.6029032258065,27.541290322580643
72c73be2b085b9d57650dd53eb2004c9,1,17.34197916666667,0.0,29.4,17.92
730937bf88cb151eb2eb849f642fc213,26,7.1314743589743586,3.8461538461538463,108.5076923076923,17.537307692307692
7315baebc0572ff220d226283dc66728,2,8.092291666666668,0.0,24.924999999999997,13.184999999999999
731ef20c231d9a7103a425e83fd91271,3,11.964158950617284,0.0,564.0,168.53333333333333
734def04b237117a09321dd6d8f3f2a2,2,2.288153935185185,0.0,626.215,14.4
7354220fb240bde543b3c40c060d41e7,7,11.098485449735449,0.0,96.0,23.59
7357b52d27cbaa90f81a96cbc1279396,12,9.850832368827161,8.333333333333332,110.66833333333334,18.150833333333335
739c7d7be81f63812dea0d1b1451c651,2,17.126261574074075,0.0,38.75,35.9
73a63f72308aa20a46f4b1632018f196,35,11.388569113756613,0.0,218.30857142857144,28.494285714285713
73b8eb4a9a729d4019b24ed1be748cbf,7,4.136651785714286,0.0,81.27142857142857,12.37142857142857
73da1880b39c71de2b262bc7720c1494,2,8.223836805555555,0.0,199.0,23.495
740205fedfe4e90ca6857bc77db0f2b4,1,3.4825694444444446,0.0,229.9,21.93
7402d13c03a7e91366337cd1de471144,3,9.903695987654322,0.0,157.96333333333334,36.96666666666667
741f8c587cb4248ebc5b779a0e8e0e51,5,13.239328703703702,20.0,17.990000000000002,13.538
744dac408745240a2c2528fb1b6028f3,83,11.141101768183846,1.2048192771084338,268.9469879518072,22.624096385542167
74636e24f01da9268b0ed88dacd8513e,4,13.129348958333333,25.0,194.0,68.1525
747c1cdcd1737dcfbd1547f6eb6f2cf3,2,15.132824074074074,0.0,96.55,14.635
747e73c01a4593d4cf60dcf970fd2689,3,10.688094135802467,0.0,739.3299999999999,41.25666666666667
74871d19219c7d518d0090283e03c137,7,3.6066253306878306,0.0,78.57714285714285,12.552857142857144
7494d0dcba8551df6cf37f1b905dc2f7,1,6.993611111111111,0.0,45.9,17.07
749e7cdabbaf72f16677859e27874ba5,1,11.03644675925926,0.0,41.9,19.84
74a9b9bddf14ece02beb81f52c41a88d,2,12.172760416666668,0.0,47.5,11.03
74bafed391319577bce6f4d2acc0589a,3,7.0314351851851855,0.0,615.6666666666666,79.24333333333334
74c7dec0a384d8a05950e629bd23bde9,4,11.539169560185186,0.0,24.445,13.0025
750303a20e9c56b2a6bc45cdce0b897d,56,13.664087094907407,3.571428571428571,140.64285714285714,23.014642857142857
751bdc4d83a466c7206cd42e8f426b03,68,11.123993225762527,1.4705882352941175,95.89647058823529,15.000294117647059
751e274377499a8503fd6243ad9c56f6,2,1.9974652777777777,0.0,109.0,8.92
75745ef7bc7d4f3ea3380f6f5303f514,3,5.69443287037037,0.0,76.13333333333334,16.30666666666667
7586919161935337bf6b6d7ff5779648,18,15.853189943415638,11.11111111111111,92.48388888888888,18.345555555555556
75a4764c108403a7a0575140cb22287c,9,10.045077160493827,0.0,79.65555555555555,23.35
75d34ebb1bd0bd7dde40dd507b8169c3,67,16.071696724709785,14.925373134328357,188.90044776119402,19.60358208955224
75fbb52eda0cbc24f479d3b2fbfa8d3e,41,13.901765752032523,4.878048780487805,26.687560975609756,21.957560975609756
75fdd0a732287f9497b179f6bd445d32,1,10.883761574074073,0.0,59.9,16.18
761681a821d8275bc79f552116d06869,3,8.154621913580245,0.0,118.30666666666667,53.326666666666675
762ed976527cddf02787edba70fffa2a,4,7.73574363425926,0.0,44.95,15.079999999999998
762fafdaa57a532ee0119731697579dd,5,4.124875,0.0,41.339999999999996,10.834
76623fde66e6b63b59440fd34160512d,3,3.3888425925925922,0.0,21.8,7.78
7681ef142fd2c19048da7430856b5588,76,10.372716709307992,11.842105263157894,410.6817105263158,37.669210526315794
76833248bbc0e65a0293ec62023e4396,2,18.68045138888889,0.0,1199.99,115.35
768a86e36ad6aae3d03ee3c6433d61df,17,5.081859340958606,17.647058823529413,34.5564705882353,10.602352941176472
768de2a4fc06aacecb9a586ccc30746a,13,14.864153311965813,0.0,34.05384615384615,17.00076923076923
76c47a299e4a8fe992316a85865acbe9,10,15.343268518518519,20.0,102.446,22.188
76d336555bb25f3165d2f0d6da719c40,1,11.495,0.0,165.0,11.76
76d5af76d0271110f9af36c92573f765,155,11.488301971326164,8.38709677419355,206.0941935483871,24.43264516129032
76d64c4aca3a7baf218bf93ef7fa768d,69,10.723512647611381,2.898550724637681,245.09855072463768,51.35492753623189
76de363de16dacc923eec8daf91df504,2,13.318443287037038,0.0,180.0,25.21
76ea5315acb3f5f7ade3cd261faf922a,15,8.683984567901234,6.666666666666667,72.47066666666666,14.934666666666665
77128dec4bec4878c37ab7d6169d6f26,1,11.992465277777777,0.0,6.5,8.72
7722b1df1b0e383e000397b2c11e3e19,144,8.58964369534465,2.7777777777777777,48.93472222222223,14.301944444444445
77530e9772f57a62c906e1c21538ab82,381,15.0941146592787,11.548556430446194,119.88608923884514,21.71839895013123
77714512e8d4dda9c234da8e3faf16e4,6,12.796510416666665,0.0,40.56666666666666,17.596666666666668
777a0c55737f34ffeb78010f7542ab41,6,4.23389274691358,0.0,75.41666666666667,12.638333333333334
778323240ce2830d68aab11794e00bfb,3,10.546203703703704,0.0,63.326666666666675,17.483333333333334
77a515caa36327151d1cc6c32a9f00e1,26,10.33738425925926,11.538461538461538,85.28423076923076,15.238076923076923
77e4abfd739aed9c46480f90f81c0eb4,18,10.008789223251028,0.0,207.61055555555555,19.734444444444446
77fccaae319668a8ab6cd0fd16aec48c,12,8.95499324845679,0.0,138.91666666666666,18.453333333333333
7813ea3ebd9411dc600b4dd01f7a97b9,9,13.03318544238683,11.11111111111111,177.7111111111111,16.287777777777777
7816cd9c5b1238e320545f5bf7eb80e8,1,10.901851851851852,0.0,489.0,22.76
781a66c0d89e30814d49fe8b5e14cd07,1,33.1228587962963,100.0,115.0,21.3
782f78b632a43875dd5b53e3e49c9564,2,9.88162037037037,0.0,48.67,16.11
784ba75dd9d20200c4caed3d7a77141a,22,13.33300505050505,9.090909090909092,370.10590909090905,27.273636363636363
78744a20ee2f80ba64f6804c25def2b8,6,18.961849922839505,16.666666666666664,452.5,58.975
78813699ffac347fe27dba345a5f1551,1,9.042847222222223,0.0,152.42,48.12
788e857f317e53de488d393e65a80f45,11,7.407333754208754,0.0,110.0,16.813636363636363
788f22bafdd7ab0e1e79f19db72f16a4,2,3.541741898148148,0.0,62.900000000000006,13.120000000000001
78a4d36f65a019172c6154468831a69f,7,15.5092791005291,14.285714285714285,220.78571428571428,31.914285714285715
78ba5933c21686d1c2f64669c8c459e7,2,6.5282175925925925,0.0,95.9,10.385000000000002
78c99c6dff4eeae5be99bf635ed21e3f,39,13.988194741215574,12.82051282051282,52.073846153846155,17.048461538461538
78ef7e885d17f35e2382a47aae8b8cce,3,8.66204861111111,0.0,129.33333333333334,21.813333333333333
7901646fdd36a55f564ffaf2dbccaaf7,27,9.877081189986281,14.814814814814813,439.1511111111111,23.02777777777778
791cfcfe22fe4a771ece27f90017da92,1,28.20550925925926,100.0,298.13,17.85
79565f7d5603b24ddf07ade262547f2f,7,13.240676256613757,28.57142857142857,49.42857142857143,14.015714285714285
7957cac1a02f45d0a4a7e45626382ec2,1,26.32175925925926,0.0,343.0,21.64
7963e546f34e098b578f9ad102494601,1,18.14728009259259,0.0,60.99,21.23
7994081388d55b9cf976c050653dd359,1,12.970185185185185,0.0,120.0,14.6
7994b065a7ffb14e71c6312cf87b9de2,7,8.704467592592593,0.0,64.71428571428571,20.62
79a679c36c08d606b3fd47ead9de109b,7,10.025785383597883,14.285714285714285,133.57142857142858,19.602857142857143
79b93a308a97792cf53ac75f46da00b5,1,22.515162037037037,0.0,99.9,16.14
79ebd9a61bac3eaf882805ed4ecfa12a,140,15.332816468253966,5.714285714285714,105.5935,28.19592857142857
79ed755314cfe6df0daef2c6cd3022cd,25,9.278411111111112,0.0,156.3,18.366400000000002
7a241947449cc45dbfda4f9d0798d9d0,66,12.756627560325478,6.0606060606060606,112.64636363636363,28.40878787878788
7a2d2949aea47fab95fd98d6c9f618b1,12,10.96522087191358,0.0,136.5825,17.603333333333335
7a425d299613df3e613bcf9d2eaf5c49,18,11.79452996399177,5.555555555555555,67.71111111111111,15.926111111111112
7a67c85e85bb2ce8582c35f2203ad736,1155,11.17094356261023,5.887445887445888,120.91661471861472,17.852666666666668
7a704e63bb29c446869efde5d57524c8,1,7.512939814814815,0.0,94.49,15.41
7a91bf945c6fae0779f1c61ce97fe45c,4,43.84916666666666,25.0,158.65,16.292499999999997
7a9c12e235c36247c3c81f50d6ea9cea,5,12.8360625,0.0,196.78000000000003,23.137999999999998
7aa4334be125fcdd2ba64b3180029f14,237,15.979772620721988,13.502109704641349,67.56518987341772,18.21759493670886
7aa538dd6e114e503a2e6154ea352253,5,8.87823611111111,0.0,203.33599999999998,20.384
7ab0dd5487bab2dc835337b244f689fb,1,5.7457060185185185,0.0,12.5,10.96
7ad32824caee82087b3e2e5f33b1bf32,180,11.489481738683127,12.777777777777777,122.32277777777777,19.320555555555554
7ad41305e96a6cab8294cd65891e9a86,2,11.66113425925926,0.0,90.0,28.8
7adbd3210a7b3cc2235e225eef33574d,3,10.077029320987654,0.0,43.96666666666667,24.319999999999997
7ade73f1b9b4e965f9009a4c3a7e2c15,27,9.679988425925925,0.0,67.97407407407408,16.275925925925925
7b07b3c7487f0ea825fc6df75abd658b,96,9.44808967496142,4.166666666666666,96.4528125,13.465520833333334
7b0df942f46435babab05d49b744b2c4,32,11.085880353009259,9.375,706.2696875,21.0046875
7b1222c3624aa89b9558b50a2594188c,22,17.665475063131314,13.636363636363635,459.2509090909091,20.798636363636362
7b3447b497e55af8c15fc7bd89d7b81a,1,13.094965277777778,0.0,49.9,20.75
7b3f6ce5c6c22e9b96e7581ebf0df6e1,1,10.947905092592592,0.0,29.8,12.69
7b7ed56ae755e2880f2b69632e839c1e,5,7.304652777777778,20.0,64.3,27.02
7b7f91e98f8c6def45a1407923304402,14,13.634766865079365,7.142857142857142,29.819285714285716,14.501428571428571
7b8e8ec35bad4b0ef7e3963650b0a87b,5,21.90199074074074,20.0,448.85599999999994,74.404
7b98de631987e26dd6d803490c43a13c,8,10.583616898148149,0.0,79.275,18.05375
7bac63f6603d382cc8d0832eb6c100a8,19,15.764658869395712,15.789473684210526,407.9973684210526,19.086842105263155
7bb8fac2913a6064ec412e583c6d8b4d,1,4.895717592592592,0.0,109.0,16.52
7bcd7c5f8631701474db233ccf1c094b,8,14.234526909722224,12.5,52.375,16.505
7c1fea10b5b006671d608b1d7c446ec4,14,16.23116898148148,7.142857142857142,30.257142857142856,16.010714285714286
7c4402417d51474d4d0cda9557340e40,1,7.122175925925926,0.0,119.9,27.69
7c4618c82226628831613e95e9c22f44,13,11.065274216524216,15.384615384615385,25.686923076923076,12.733846153846153
7c462184585ae80bd6e5774c62ce50f2,2,16.04199074074074,100.0,30.0,8.82
7c4adcc13272c0e26fa23aac642adb7b,2,17.025104166666665,50.0,67.5,15.315000000000001
7c51de0ab286204ce75ff42bf7c10d92,4,9.790217013888888,0.0,189.75,37.41
7c5b05cbdb5542049f38d90d7815b97d,23,7.815173611111112,4.3478260869565215,43.21608695652174,12.996521739130435
7c67e1448b00f6e969d365cea6b010ab,1355,22.392545647123136,9.59409594095941,137.690073800738,37.8130184501845
7c9130f5f3729edd32aa059141d92484,4,7.129021990740741,0.0,31.5,16.7875
7caa63f175b1cecbfaadd8b5ab9998c7,1,2.154710648148148,0.0,19.9,7.74
7cb946b1ad19faebe28c3e86c2794ec3,1,18.151435185185186,0.0,25.0,15.1
7cf4ea70955b00d6b3c22542598e2715,1,7.103148148148148,0.0,189.9,14.91
7d13fca15225358621be4086e1eb0964,571,15.692606558506844,11.908931698774081,196.91099824868652,14.883169877408058
7d294cf9a6a69dc6a0c3e540fff0e039,5,8.816810185185187,0.0,51.45,38.826
7d456afc660226829370f3173d14520c,89,9.030012094257179,5.617977528089887,91.21629213483146,16.41887640449438
7d484ca289afaac6bf5fc6a1e96d2226,2,12.156967592592594,50.0,91.6,32.61
7d76b645482be4a332374e8223836592,183,13.264018480570735,10.92896174863388,20.57781420765027,13.78158469945355
7d7866a99a8656a42c7ff6352a433410,5,4.886585648148148,0.0,29.577999999999996,11.898
7d7d2b7a51328016102d4528c411d630,7,10.281992394179895,14.285714285714285,131.25714285714284,25.72142857142857
7d81e74a4755b552267cd5e081563028,1,2.209490740740741,0.0,32.5,7.49
7d948535954aaf8c5d39db007f74372e,4,5.600842013888889,0.0,48.5,10.95
7daca0837f033a41a6f3428c18657533,7,14.333244047619049,28.57142857142857,175.56857142857143,24.02285714285714
7dc8c42cc750eeafea6c85712ffee9bf,50,8.662016898148147,4.0,128.1936,20.7082
7dc9a3355bae96dd82008b313d3a456c,1,12.486354166666667,0.0,899.0,50.62
7ddcbb64b5bc1ef36ca8c151f6ec77df,334,12.63763847305389,8.383233532934131,162.98101796407187,23.254760479041916
7dea6f73af847b42cc3985bd620f994d,2,5.594658564814814,0.0,162.0,28.085
7df1fc11cc5cbc518b39faa60cf5d67c,5,7.718787037037037,0.0,207.51999999999998,26.872000000000003
7e1fb0a3ebfb01ffb3a7dae98bf3238d,169,15.597190102454524,13.609467455621301,154.84928994082838,17.059704142011835
7e26c750b4cb9f6766f58265ff9ebe95,27,9.451914437585733,0.0,49.788888888888884,14.402962962962963
7e3f87d16fb353f408d467e74fbd8014,93,12.558290521704501,11.827956989247312,50.03322580645161,15.218064516129031
7e79d65b5c6f1f544b7daea036acf720,4,8.56722511574074,0.0,129.45,15.5225
7e93a43ef30c4f03f38b393420bc753a,322,11.335140901771338,5.590062111801243,515.4704658385093,18.60888198757764
7ea5bfa6c340f58f8e71fc1f0412b0d6,102,12.737575912309369,6.862745098039216,106.25892156862744,15.998529411764705
7ecd59e5e20407131822c1a68ac59c1f,29,17.430864463601534,13.793103448275861,50.576206896551724,20.269310344827588
7ecef8194babfec876ca720714327841,8,9.12423755787037,12.5,123.8125,15.47
7f02656561b680def9986c0795a8a080,1,14.175138888888888,0.0,42.0,11.85
7f152321c60a266edc53af1925ef96c1,20,23.469773148148146,30.0,195.99,27.606
7f2617c58d5d06806987308b45654351,23,12.284812298711756,8.695652173913043,158.9913043478261,14.194347826086956
7f35f9daf223da737b78738fbae4d977,5,7.866502314814815,0.0,50.4,20.202
7f40d06aa0b5f1aa4f41af8c0480e2ef,6,4.130244984567901,16.666666666666664,218.32333333333335,20.946666666666665
7f5e4d5efad7e44b91115dd1decb65f3,9,5.439356995884774,0.0,19.98888888888889,8.602222222222222
7f7b8245c336066a1f9933c359f11d77,43,7.916265342377261,2.3255813953488373,48.70604651162791,12.462093023255814
7fc87cc3e89b3d1d5cabdca32f8485aa,14,19.740683697089946,28.57142857142857,153.85,48.708571428571425
7fdb0720c8d7c9075538b365dc8c3a22,10,17.469016203703703,10.0,180.4,48.431
7fe21dd00d2f4943ae09525efa2fd674,2,7.602222222222222,0.0,84.9,9.605
7ff588a03c2aeae4fbd23f9ae64b760d,16,5.047222945601852,0.0,73.8875,13.82375
800214c63934acd05d47e84214db8ba8,3,11.791327160493827,0.0,66.56666666666668,16.903333333333332
804287717b9156fb7a787acd9af4fac1,1,9.156145833333333,0.0,18.8,15.1
8060d731897e33b5c5ae575ce1e209e1,5,7.804481481481481,0.0,39.9,18.29
808d4348b916efa08e766ebad39f61eb,20,7.961432870370371,5.0,35.6475,13.429499999999999
8090490573c6c0aa343a7231ebcb8c86,26,10.091355056980056,7.6923076923076925,148.88923076923078,16.419615384615383
809413606dbfe5deefd2db646693ef67,5,8.312050925925925,0.0,39.336,10.074
80ceebb4ee9b31afb6c6a916a574a1e2,1,20.866354166666667,100.0,6729.0,193.21
80cfd480be3eb6d6267139f5cb793555,1,14.254143518518518,0.0,99.9,26.44
80e6699fe29150b372a0c8a1ebf7dcc8,98,11.488784367913832,4.081632653061225,113.46591836734694,27.215816326530614
80f2cf9abf6b5a0e5c612b5eea6646e6,6,10.581170910493828,16.666666666666664,109.01333333333334,37.64
8132b9bd16876e1b0f8808d43825dd48,1,16.81113425925926,0.0,77.9,21.0
813348c996469b40f2e028d5429d3495,195,10.19760576923077,4.615384615384616,55.454,17.73179487179487
81336a0f57a33776419727a300249e90,18,17.594097222222224,22.22222222222222,75.10555555555555,15.433333333333334
8160255418d5aaa7dbdc9f4c64ebda44,424,16.77892969841894,17.92452830188679,109.35941037735849,18.224740566037735
817245bcc3badd82bbd222e0366951a6,44,11.013731849747474,2.272727272727273,121.4909090909091,15.89159090909091
81783131d2a97c8d44d406a4be81b5d9,9,7.282520576131688,11.11111111111111,84.64888888888888,12.572222222222223
817f85dbb65aa3e70831d90fe75cdf89,11,18.119800084175083,0.0,141.11545454545455,21.05636363636364
8185694b58b2ba6de20fd41ae608bbea,8,11.058253761574074,0.0,171.5375,28.78375
818d28f936e791926d33bcb6ee94ef79,4,12.943929398148148,0.0,27.9,15.67
81a1104df0f08b59c68aa5b03cfe398e,72,12.830092431841564,5.555555555555555,129.45805555555555,24.922916666666666
81ed90f07c0bacb7594940ba2ef676aa,2,16.095561342592593,0.0,111.95,16.78
81f89e42267213cb94da7ddc301651da,52,7.642944043803419,0.0,76.0576923076923,14.734230769230768
820c7c9eaf76d2b226b6c242bcf3f34d,1,17.76011574074074,0.0,559.0,18.0
820cc752a266cdc6c1a1e61dd4583330,15,13.962199074074075,13.333333333333334,186.85333333333332,18.398000000000003
821fb029fc6e495ca4f08a35d51e53a5,25,16.362201388888888,36.0,714.0648,54.622
822166ed1e47908f7cfb49946d03c726,108,13.872606631515774,0.9259259259259258,34.396574074074074,16.862222222222222
822b63912576852aea9a8436d72317b7,7,21.419275793650794,0.0,495.1328571428572,21.334285714285716
822bad9bc42b51213ba522fe87b7ab5d,18,26.65635223765432,27.77777777777778,286.6666666666667,29.296666666666667
827f8f69dfa529c561901c4f2e0f332f,104,13.232379473824787,8.653846153846153,32.77298076923077,15.34201923076923
82921991ff5b557b045605b8bbf08d49,1,4.079814814814815,0.0,18.9,18.23
82bd0703a4aefd6b599e5bfdaed378fb,23,12.244954710144928,4.3478260869565215,104.09913043478262,16.440434782608694
82cb9f452fe8334df74b22d37824b431,18,9.03501221707819,0.0,46.56666666666667,17.614444444444445
82e0a475a88cc9595229d8029273f045,79,15.259298816221284,6.329113924050633,136.05088607594936,18.587088607594936
830379336fad8c6f3b15a4a3ddb5c66e,4,6.126064814814815,0.0,67.0,42.595
83353a83fd769dfafa4f21a72b15e3e5,5,18.56,20.0,115.9,18.966
834f3294fba9f932f56edc879193f925,66,14.296499017957352,6.0606060606060606,604.6590909090909,65.15030303030304
834f8533b2ecb6598dd004ff3de7203a,45,15.047818672839506,17.77777777777778,96.09666666666665,20.584666666666667
835f0f7810c76831d6c7d24c7a646d4d,48,18.481009114583333,31.25,103.96250000000002,19.417708333333334
83645b1645cdee8953ee54c29ceed564,14,10.400109126984129,0.0,69.92142857142856,19.014285714285712
8378eb36b6b70c5734e83ad7b8cdc3b7,13,19.922323717948718,23.076923076923077,131.90769230769232,18.605384615384615
83a75eea11694e36e56dd0cb2240229a,3,4.093989197530864,0.0,162.33333333333334,14.156666666666666
83b08de96980757220871b31bf6cffca,7,13.087251984126985,28.57142857142857,186.31,64.88714285714285
83c465a786b06574376909b35ef6752a,3,5.269764660493827,0.0,93.8,16.353333333333335
83c8aafbefb034674a70de0eac5b8954,2,5.073425925925926,0.0,67.45,25.485
83deb69e889cf80f82be1dc6d5f2d486,42,15.740614803791887,4.761904761904762,127.6907142857143,21.753333333333334
83e197e95a1bbabc8c75e883ed016c47,54,10.488401277434843,1.8518518518518516,121.74425925925927,17.802407407407404
83f2b4881141ce3fcd4e985125d3279e,3,18.191948302469136,33.33333333333333,20.233333333333334,13.56
8444e55c1f13cd5c179851e5ca5ebd00,102,21.292399010530136,10.784313725490197,210.59764705882353,19.26186274509804
845e8036c3f7bf62099352f5ed910240,24,8.280536265432099,0.0,66.025,19.19333333333333
8476243f92442881ddd5b578975cf115,12,17.33558063271605,8.333333333333332,653.1666666666666,22.919166666666666
84c945f15571830c1a91a33978e94009,2,9.44066550925926,0.0,25.99,13.030000000000001
84deb808079d1be601c209c1e771b1cc,2,7.539299768518519,0.0,17.465,11.605
85044848b1b767db2a4a58526adef4b4,4,8.78732349537037,0.0,60.150000000000006,16.2275
850857dfac77488c307e2b1cbd84ab5a,1,2.9255555555555555,0.0,1599.0,39.72
850913d59ce317156b00f3705f1c3edb,30,13.462101080246914,16.666666666666664,72.76666666666667,17.296666666666667
850f4f8af5ea87287ac68de36e29107f,191,10.143654801725809,6.282722513089005,237.09617801047122,16.21649214659686
851773c885feb5e2da3b4f82bc2b17ce,10,16.660394675925925,20.0,58.529999999999994,25.183
855668e0971d4dfd7bef1b6a4133b41b,311,16.15309012891509,13.826366559485532,99.19363344051447,24.306559485530546
8581055ce74af1daba164fdbd55a40de,427,12.83171940206051,9.836065573770492,149.90918032786885,22.161030444964872
85cc55e048b6bcc90c75afe7f0e72f72,9,13.153153292181068,22.22222222222222,34.25333333333333,21.497777777777777
85d9eb9ddc5d00ca9336a2219c97bb13,512,14.738470594618056,3.515625,29.506328125,16.47005859375
85e7c62c1d6ea078c3897424f867a7c8,2,7.850451388888889,0.0,30.0,13.85
85ecf03781da592876b7844acc1b729f,2,15.553564814814814,50.0,125.5,21.95
8602a61d680a10a82cceeeda0d99ea3d,19,7.6927503654970755,5.263157894736842,43.52578947368421,13.311052631578947
8603f0038fe0e52fedd3382d266723de,10,21.26354513888889,0.0,235.5,49.012
8629a7efec1aab257e58cda559f03ba7,1,59.22667824074074,100.0,45.22,18.89
8629c241b3622ac12cd4118afdc8d394,13,15.116361289173788,7.6923076923076925,89.82000000000001,25.720000000000002
863d2ebcd347ce4922de7a0f9a5581d6,18,11.669832175925926,16.666666666666664,72.90888888888888,16.290000000000003
8648b1e89e9b349e32d3741b30ec737e,100,9.249412731481481,10.0,72.2875,14.2027
866558b3bccef2dbc6d29a2b5995016f,6,12.149984567901235,0.0,253.23333333333335,58.55833333333334
86bb7c4b535e49a541baf3266b1c95b1,16,20.137781394675926,18.75,510.15,20.30125
86bf77bdb52e615674772d5817c6212f,5,7.609092592592591,0.0,56.36,19.516
86ccac0b835037332a596a33b6949ee1,208,11.856614972845442,2.8846153846153846,76.41509615384615,18.776971153846155
86ff3eaef0267069cc891a2ed9d10a17,7,8.963817791005292,0.0,58.535714285714285,20.087142857142858
870d0118f7a9d85960f29ad89d5d989a,61,14.932304948391014,4.918032786885246,51.75737704918033,20.83327868852459
87142160b41353c4e5fca2360caf6f92,339,10.805449647656506,5.604719764011799,91.72855457227139,21.293008849557523
8759e7aedd644f487315e5860962f162,3,32.80336033950618,33.33333333333333,209.0,55.446666666666665
876182d1918783bbe15233febfbd4926,3,9.279259259259259,0.0,40.089999999999996,11.576666666666668
87b4428a334b8f676fd9a7f3bf544fb5,1,6.9279166666666665,0.0,29.99,18.99
87b740daf17b5d1be335a64164ec6842,11,18.169685395622896,9.090909090909092,1099.99,114.08545454545455
87d30a6a0cbf89356e49324971ab1d24,17,11.212977260348584,5.88235294117647,125.53705882352942,12.692941176470589
87d3c3aeb3ead335511b3ce315eb341e,15,6.565039351851851,6.666666666666667,49.95666666666666,14.247333333333334
87d73636a3acf123e842bb890a4db036,1,13.000717592592592,0.0,269.9,43.71
87e24fc7052259b1f7f607d61c10d8be,7,15.341284722222222,14.285714285714285,1010.5128571428571,30.665714285714284
87f3e35268860433e13d577825aada95,1,51.49710648148148,0.0,19.9,14.52
880ce4951cf857ab1d9e0b75c1d856f4,1,15.04616898148148,0.0,178.9,18.82
883dd81e82754ac2c65e9790a7db8c9a,5,7.172194444444445,0.0,63.9,14.992
88460e8ebdecbfecb5f9601833981930,300,18.26756948302469,19.666666666666664,104.40133333333334,16.46063333333333
888faa8bfb0b159c37de6d898b961c31,23,8.40657306763285,0.0,105.14347826086957,22.900000000000002
889009a0ed0bb52c87819941192931b8,1,12.207511574074074,0.0,89.9,33.08
88ae906ea2acf6971f26c3e8b7cb4357,3,15.088244598765433,33.33333333333333,82.0,14.003333333333332
88cd3681e0a2ba85e190f7d817629c4c,1,7.015775462962963,0.0,180.0,19.36
88cf19ec1fc2c58f161aee259d57142c,14,6.444143518518518,0.0,98.06928571428571,16.764999999999997
88ef59b51bdaa941d10a853429f2b6ce,2,6.199189814814815,0.0,126.45,20.9
891071be6ba827b591264c90c2ae8a63,90,13.207583976337448,16.666666666666664,41.815,13.263333333333334
8931a84a914b3fe9b1ddaa4d704947ca,32,13.04958767361111,15.625,145.884375,13.268437500000001
8936ba0de1073ee888cb3185ae5dc661,1,13.190671296296296,0.0,389.99,22.22
897060da8b9a21f655304d50fd935913,413,14.86209574813918,12.106537530266344,52.64046004842615,15.781646489104116
89757206b887aed36f3e18d858460fea,2,9.605752314814815,0.0,60.25,27.82
89a51f50b8095ea78d5768f34c13a76f,11,7.4841866582491585,0.0,61.559999999999995,16.099999999999998
89ad3263c0931c47f976d7c5778e60f6,6,6.547744984567902,0.0,94.7,21.923333333333332
89bc797e2e29667aa035d4368f9b7f92,19,15.062043737816763,15.789473684210526,20.652631578947368,12.528421052631579
89c127985a8b130cfa45c1d36764017a,6,10.99207561728395,0.0,222.44500000000002,17.836666666666666
89d9a386b0b6e5fc8403071b03f7206a,5,13.628557870370372,0.0,33.4,13.65
89dda63a3c907c468ec88c310ed91213,1,25.440254629629628,0.0,44.99,20.4
89de2d6f23e9746ff309705b23581faa,8,9.644796006944444,0.0,42.5,20.01
89f69225956f951295ca4c7fb1266553,12,9.75869212962963,8.333333333333332,86.77499999999999,23.117500000000003
8a130737016f838139d31878787a39c9,62,10.235345355436081,6.451612903225806,68.09725806451613,13.58532258064516
8a1ff5c35f6595a73fef4c7b96e4908a,2,10.34066550925926,0.0,799.0,142.39999999999998
8a207b6080964f3c1fc9d35bd6096ba4,3,21.59709490740741,33.33333333333333,184.5666666666667,58.78000000000001
8a2d12a90e92f012ce5226fc6592b653,18,9.35801440329218,0.0,88.59166666666667,18.831666666666667
8a32e327fe2c1b3511609d81aaf9f042,169,9.098777531229453,5.9171597633136095,36.10130177514793,13.241065088757395
8a40ae794fa3f9892cee24bd5af0488b,6,27.80233024691358,33.33333333333333,123.30833333333332,34.40166666666667
8a43128d7f9a3db592b866e6861a6cce,4,6.657034143518518,0.0,247.64999999999998,16.9725
8a432f4e5b471f8da497d7dc517666e2,106,7.961400462962962,6.60377358490566,71.27358490566037,18.538773584905663
8a87611c08849ffeeccab52aa798b6c7,6,8.858441358024692,0.0,97.98333333333333,18.841666666666665
8a8835a43bda99fd37310ad76c457510,3,6.612322530864198,0.0,74.78,11.4
8a9260f2b0340411d6d2a56bcf4f7378,9,9.192312242798355,11.11111111111111,139.55555555555554,15.66
8ab42aa58097fd4668d60cc648225d5f,26,11.153124554843306,0.0,100.64423076923077,22.83230769230769
8ae520247981aa06bc94abddf5f46d34,65,10.97949643874644,1.5384615384615385,251.09215384615385,22.236153846153844
8b11118053756a9a2932f447e11fc1b5,1,11.909560185185185,0.0,79.99,11.17
8b181ee5518df84f18f4e1a43fe07923,1,14.560891203703704,0.0,27.9,27.08
8b2492b7ff4468839593fafeed55bad9,45,14.963503086419754,11.11111111111111,81.3351111111111,15.026222222222222
8b28d096634035667e8263d57ba3368c,151,14.29172338729458,13.245033112582782,59.77019867549669,16.60754966887417
8b2d4ab22f42c5cfc338b846decfda60,9,12.676804269547326,0.0,50.888888888888886,20.59111111111111
8b321bb669392f5163d04c59e235e066,1005,12.61689872397273,10.248756218905472,17.17705472636816,13.854726368159204
8b655f0855926bcb49f5835d38dfddf6,5,5.609800925925926,20.0,217.9,14.662
8b87cd0d43d49b9bdf40f56229364d59,2,15.342019675925926,0.0,364.5,67.94
8b8cfc8305aa441e4239358c9f6f2485,15,12.536666666666667,13.333333333333334,792.8,81.24666666666667
8b9d6eec4a7eb7d0f9d579ce0b38324d,52,10.042015446937322,15.384615384615385,79.99134615384615,32.06346153846154
8bb48dc19fccaa8613b6229bf7f452a2,95,11.172459673489278,2.1052631578947367,44.11284210526316,19.55157894736842
8bd0e3abda539b9479c4b44a691be1ec,12,22.936135223765433,33.33333333333333,35.479166666666664,17.68916666666667
8bd0f31cf0a614c658f6763bd02dea69,35,10.124262235449736,2.857142857142857,127.29542857142857,27.65657142857143
8bdd8e3fd58bafa48af76b2c5fd71974,10,10.378738425925926,10.0,213.583,17.839
8c0de775f52fe41590b376a3b7c50f68,8,6.2137239583333335,0.0,74.35000000000001,14.09
8c16d1f32a54d92897cc437244442e1b,118,10.976750333490271,1.694915254237288,47.81864406779661,17.898898305084746
8c351ed7c326c62123318f4f3246e906,2,10.105011574074075,0.0,57.45,17.88
8c3b533c63cca56240f94f1e3a6b18ef,5,49.224266203703706,80.0,369.9,122.06400000000001
8c5e007d7bd5693fa1386ffefbc99f6c,24,11.912432484567901,0.0,42.87958333333333,15.762500000000001
8c91bfea4263b8fba54081460693e2a1,2,12.129247685185184,0.0,369.5,23.375
8c9348f33ae3dada25c99c99ade2af78,2,10.17058449074074,0.0,156.495,25.97
8ca1551acf9832a4cf467bbbac15851f,12,15.862967785493828,16.666666666666664,181.36666666666667,22.21166666666667
8ca5b19e0263150d2c57afdde2b3d011,4,5.376125578703704,0.0,45.150000000000006,11.02
8cb7c5ddf41f4d506eba76e9a4702a25,1,16.01363425925926,0.0,69.0,28.88
8cbac7e12637ed9cffa18c7875207478,81,13.53819973136717,4.938271604938271,36.49358024691358,20.255925925925926
8cc6a0e5738e61a87b03c78b2ba9db4b,24,16.687734857253087,8.333333333333332,553.0291666666667,20.995833333333334
8ccf3cf69651cc1d8a02c8bfaf3b8568,2,25.706637731481482,50.0,125.0,19.314999999999998
8cf21434553b02cbd37c0bbd07e041b0,1,11.212523148148149,0.0,49.99,23.22
8d46553a36e68f95350a200c12f8f2e2,11,17.23615951178451,0.0,60.0,14.291818181818183
8d79c8a04e42d722a75097ce5cbcf2ef,27,19.56749485596708,14.814814814814813,97.32666666666667,26.645555555555553
8d899e15a5925f097cca50faa49b15e3,10,7.504748842592592,60.0,64.5,15.098000000000003
8d92f3ea807b89465643c219455e7369,8,42.1159056712963,87.5,15.15,16.44625
8d956fec2e4337affcb520f56fd8cbfd,227,9.30171148433676,9.691629955947137,48.40616740088106,14.598458149779736
8daab2245ebdc277c51098d01c5ad8ef,16,10.034896556712964,6.25,100.286875,17.753125
8dd386be0767c330276ea6a3f96532d3,2,10.293009259259259,0.0,44.99,22.25
8de8fe3af4449ed695d2434c933ed73e,1,10.056851851851851,0.0,2090.0,65.35
8def3db7f272735afb2ecd03aeca09a7,2,2.659195601851852,0.0,98.0,16.82
8dfbc5ff27df12f6cef751d3b9554222,4,10.066796875,0.0,56.5,22.53
8e29d051f810eb22959ede205b462b9f,2,31.752569444444443,50.0,299.9,106.74000000000001
8e2b3afb420011ef0c88c9d5f11ea526,11,10.559795875420876,9.090909090909092,125.86363636363636,13.44818181818182
8e34331b7eedd03be4e5d965c1956225,5,13.948203703703703,20.0,29.0,13.088
8e4f041ff58e7845456d3482524014b3,2,24.080474537037034,50.0,66.9,24.295
8e670472e453ba34a379331513d6aab1,1,86.00116898148148,100.0,975.0,108.96
8e6cc767478edae941d9bd9eb778d77a,108,16.496237675754458,7.4074074074074066,54.901388888888896,20.085740740740743
8e6d7754bc7e0f22c96d255ebda59eba,129,14.082051751363768,12.4031007751938,109.35953488372093,13.06953488372093
8e8a7ce9f2f970dc00e2acf6f6e199f6,64,12.201920572916666,9.375,137.828125,17.9340625
8ea394aed8138685abe1eb9f25e1021d,2,11.29025462962963,0.0,670.0,38.8
8eb88b0acb3f90a717ad659221471fa7,2,12.252141203703705,0.0,59.9,20.435
8ec76bb0965af3f007692b26fa9d6623,1,11.309363425925927,0.0,1999.0,29.75
8ed8ea9a57c862f2c18c2fe41f601d56,19,8.578249878167641,0.0,201.67894736842106,38.47736842105263
8f0fbe2cd4d472157dc1cdef6edecaa9,2,7.662847222222222,0.0,35.94,11.44
8f119a0aee85c0c8fc534629734e94fd,81,9.895761459762232,6.172839506172839,44.183703703703706,13.172962962962963
8f2b51a30523cdecddc2f179f351c7d6,8,13.104777199074075,0.0,128.4875,18.541249999999998
8f2ce03f928b567e3d56181ae20ae952,172,14.378301639211886,14.534883720930234,123.33255813953488,21.840697674418603
8f54d64f28a993550aa7943f12572959,16,13.924188368055555,6.25,172.21875,23.60125
8f580d36c1e9d6fbce95283403c7d447,8,12.273006365740741,12.5,601.65625,22.51875
8f78f0903005064036736c7173a5c2ed,21,18.313836529982364,4.761904761904762,100.65238095238094,30.107142857142858
8fb67a334bacec338885b4e9e1708073,1,8.214791666666667,0.0,59.9,38.52
8fb791022c1fc8909664f48ab7dc636d,5,5.729247685185185,0.0,1623.99,72.67999999999999
8fbd63429be6d3e5e6d1a709b6464802,8,8.535163483796296,0.0,132.675,22.44625
8fbe2ee446b97e128471be4ce983dc0d,3,8.099621913580247,33.33333333333333,49.5,13.333333333333334
8fd3b4468f6425810648177996c14cbd,1,9.97412037037037,0.0,354.9,21.67
8fdca8e349553f99bc738833a62c8802,29,10.302422972541509,3.4482758620689653,34.115172413793104,13.133793103448276
8fe8786ee000001ab51d030dfd4a7bf1,5,15.866671296296298,0.0,451.0,40.288
8fec2e460530482132c436cfb5439925,5,32.48059259259259,60.0,93.692,16.03
8ff1a9df749e454105c55cda13e79143,14,12.379569279100528,0.0,100.04285714285716,19.800714285714285
8ff38bc3969e67c36c48343a07090f66,8,16.915497685185183,0.0,434.0,48.445
8fff28c4263ddec387f28d237fb42773,4,7.907699652777778,0.0,14.65,13.5075
900ba814c251a692506d7834c1218441,86,12.483181524547804,13.953488372093023,335.2677906976744,27.14453488372093
901b460cdce0c64e471230d7f2f9f3a3,5,15.51374537037037,0.0,380.8,21.712
902c99f1ac505c0d18778b61bcd636f7,3,4.851431327160494,0.0,41.156666666666666,27.27333333333333
903037660cf848a717166eb7a06d616e,59,11.60565069836786,15.254237288135593,134.49457627118645,18.37271186440678
90b36c5aeb728d5504a39f435bef0c5f,4,11.74271412037037,0.0,38.4725,23.5
90b57083da5d803237da74daec6dcb2b,2,7.904450231481482,0.0,103.45,17.155
910a922b426b7ff95eaee129ad6c0e1f,2,14.63134837962963,0.0,59.9,15.58
913fd0ebba70bb919f7254a02239173c,1,13.430914351851852,0.0,159.9,19.22
9140bd1d9de28b197dce077bdd687438,8,5.334270833333333,0.0,157.35875,23.0075
9140ef75cc8211c4035935e80e567204,1,12.179131944444444,0.0,49.9,22.28
91543f9849d68d023e17194926598543,6,10.96513888888889,0.0,139.0,44.428333333333335
916748bc99315c2d202898ae58b1617e,32,10.402569444444445,0.0,11.543750000000001,11.7846875
916c9de0b5ad957346eeeb12f332687e,27,8.174615483539094,0.0,197.64814814814815,17.695185185185185
918717417d88a9f9ae9735567e6c7682,4,8.146559606481482,0.0,86.42500000000001,10.88
918f6fbcf3ab724d805867303e593a1b,3,5.639139660493828,0.0,26.566666666666663,10.96
9198786624eaeb375793215cad26cfa6,9,12.382560442386831,0.0,94.93333333333334,22.033333333333335
91f0eec23d4a61d7d7caeefa3f0ad1ca,11,26.144559132996633,27.27272727272727,199.16363636363639,32.22363636363636
91f5779a8731baca4809fdeade81803f,6,16.374195601851852,0.0,328.57666666666665,24.271666666666665
91f848e9f4be368f4318775aac733370,70,10.34480357142857,2.857142857142857,80.98014285714285,17.055428571428575
9200e6ce317b67196b6b0bad4d4bd567,1,16.296388888888888,0.0,36.9,14.52
921323538c9f1c4e816f2720eac02bea,17,8.079127178649237,17.647058823529413,82.46117647058824,14.138823529411766
9261d76c62caaf0b24677c2ceb7f8f20,7,7.656248346560846,0.0,138.38571428571427,35.362857142857145
929f342384a6607afe143d789ade1316,4,4.4983478009259255,0.0,52.35,15.84
92c8bc6e8f925792247656fed09aad65,2,13.436047453703704,50.0,67.4,13.22
92d14edfb62ee5ae7fdff70b0f4e7233,13,7.015035612535613,0.0,24.76923076923077,12.742307692307692
92eb0f42c21942b6552362b9b114707d,358,13.478276950134493,7.5418994413407825,17.922932960893853,13.535279329608938
9315e491484b1b0081ca166fc164108d,1,7.280138888888889,0.0,29.99,30.41
933446e9a59dece7ae9175103820ca8f,1,24.027141203703703,0.0,64.99,22.38
934ed5cd1b9c1c7382d0a94a94b9e639,1,13.127384259259259,0.0,125.85,26.62
939e6227d6964a11a70aa91243e418f2,4,5.3417332175925925,0.0,106.25,15.8125
939f6e231201f26803cb5c3a3d2940b3,4,9.902161458333333,0.0,32.65,23.755000000000003
93b9a99027bd8bd6af682aff18dd19bf,20,11.368078125,0.0,95.8,22.5395
93bef6edaa84956e8e575016449b6351,1,9.925324074074075,0.0,115.0,14.56
93dc87703c046b603023e75222018b45,34,19.722657271241832,8.823529411764707,239.68676470588235,19.08794117647059
94144541854e298c2d976cb893b81343,76,12.354747807017544,3.9473684210526314,227.451052631579,18.807499999999997
941554c5757b73ba0e50aa7732310afc,4,7.5560937500000005,0.0,26.9225,14.665
94165aea8a35c3c21499cbcae239b16c,1,6.158113425925926,0.0,180.0,16.11
94231344608e603693b0a8891143f65d,3,12.531454475308642,0.0,240.66666666666666,34.059999999999995
9449f25aeaf531019b76999ea49a6949,9,13.614467592592593,22.22222222222222,219.95000000000002,18.943333333333335
9485a23c0430ba1d58d359391606fce6,4,13.413342013888888,25.0,207.725,13.74
94b9108d4b637ba65bb4f1e53cfcf8d8,8,16.451164641203704,12.5,29.37,12.39125
94c49f20a123aeb9360dbf80ff912bf6,3,14.152438271604938,0.0,92.58333333333333,20.513333333333335
94ca168e8bcb407ab85c5da308863027,5,12.487648148148148,0.0,44.86,17.472
94d76e96eedd976258cd3278ce56d5f2,1,7.032673611111111,0.0,385.61,68.56
94e93ce877be27a515118dbfd2c2be41,34,13.381931849128542,0.0,159.8994117647059,25.101764705882353
951e8cef368f09bb3f3d03c00ca4702c,69,9.187698604401504,8.695652173913043,57.874057971014494,19.713478260869564
9523fb39dd240aa958e040f8183d64f3,1,21.88304398148148,0.0,146.99,21.3
9535a841eecebed61a9fb1ac1cbb5597,2,9.502650462962963,0.0,392.45,16.715
9539213aa8e023c01937bef95dc006da,9,11.792710905349795,33.33333333333333,25.455555555555556,9.993333333333332
954e95f20808d7e5d11f0de292d078e0,4,10.917008101851852,0.0,39.695,29.794999999999998
9558aa23f77a9e0a0eca83540999f43b,1,20.871423611111112,0.0,39.0,14.52
955fee9216a65b617aa5c0531780ce60,1472,10.740379176731079,8.084239130434783,89.56298233695652,16.827289402173914
9596c870880d900012f2e8e6e30d06d7,23,13.437281099033816,4.3478260869565215,331.5369565217391,75.92869565217391
9599519be538b98748162a2b48248960,3,22.617453703703703,0.0,190.0,20.02
95b293867b5862941c9cd74f756a3c68,9,21.46414480452675,44.44444444444444,72.01111111111112,10.902222222222223
95cca791657aabeff15a07eb152d7841,1,3.7175,0.0,9.99,18.23
95e03ca3d4146e4011985981aeb959b9,190,12.354240740740742,3.1578947368421053,57.18505263157895,16.78578947368421
95ec4458365c4d11f452ccf538377619,31,5.755570116487455,3.225806451612903,60.21806451612903,14.086129032258064
95f83f51203c626648c875dd41874c7f,65,11.095884081196582,4.615384615384616,47.34861538461539,23.909846153846154
960945e1a9535cbc0cd6ddd35fbe7ae8,29,6.061004150702426,0.0,116.61137931034483,16.544827586206896
9616352088dcf83a7c06637f4ebf1c80,97,12.479685113592973,0.0,58.17628865979381,18.21340206185567
961dff0a659b4561334372337dd897d9,3,20.515949074074076,66.66666666666666,2432.3333333333335,30.91333333333333
9646c3513289980f17226a2fc4720dbd,76,12.624502314814816,7.894736842105263,39.00526315789474,15.629342105263158
96493fab2fbb13a14d0c0e8772eef5c3,64,13.393676396122686,6.25,296.390625,18.94109375
964ff64dc05b13811c6d0f41e0aa5f6b,1,6.680775462962963,0.0,180.0,24.06
966cb4760537b1404caedd472cc610a5,67,10.040945273631841,2.9850746268656714,685.4964179104478,22.45238805970149
9674754b5a0cb32b638cec001178f799,95,7.946671052631579,3.1578947368421053,52.0182105263158,12.591052631578949
96804ea39d96eb908e7c3afdb671bb9e,39,13.42224952516619,2.564102564102564,90.53205128205128,18.903846153846153
968268a686aa05d1f529fb07dff08130,12,9.403155864197531,0.0,389.77416666666664,16.962500000000002
968ee78631915a63fef426d6733d7422,2,15.264716435185186,0.0,225.0,35.835
96e5dc09087bad639b4ee193104ec2e5,2,7.808726851851851,0.0,50.95,26.27
96f7c797de9ca20efbe14545bed63eec,3,1.9462268518518517,0.0,46.20000000000001,12.79
972d0f9cf61b499a4812cf0bfa3ad3c4,86,18.16777279823428,11.627906976744185,91.98162790697674,24.427093023255814
973f21788dfab357250f69a8dcb7ddee,19,21.206091617933726,36.84210526315789,43.10526315789474,25.79105263157895
974cf2cb8f4b7add98709c30df02fe10,30,11.269405092592592,3.3333333333333335,89.82333333333332,16.573333333333334
97512d3fc193b2d1dfcdba0f9d1f0f8a,13,7.993189102564102,7.6923076923076925,112.22076923076924,26.273076923076925
977f9f63dd360c2a32ece2f93ad6d306,24,12.524404417438271,12.5,113.75291666666668,37.16041666666667
979e9f8b5b39dd243a2550c8b05aecf0,4,8.52640625,0.0,131.25,11.72
97e4a63591ca439a2b8b7efd20e6e19e,5,6.431298611111112,0.0,69.99,15.709999999999999
97e50a621f8e801f4baf69e08687c192,1,9.454490740740741,0.0,89.9,7.88
97e995629983723d11830a829bc2b246,5,17.008074074074074,0.0,99.9,19.874000000000002
9803a40e82e45418ab7fb84091af5231,18,15.70953253600823,0.0,237.70833333333334,28.479444444444443
980640c45d7a4635885491d077167e4d,14,7.608943452380951,7.142857142857142,71.735,17.312142857142856
98115075dd26cb8835946fc6086f5d30,4,4.25859375,0.0,108.74,14.06
984c273121e743dd14767befe6cb17f5,1,33.85025462962963,100.0,259.6,21.31
9853a239ab7b7ebbdc3a21248d5b8e1f,4,17.958078703703706,25.0,60.5,17.05
985c92cc412091f8529c12d7f23d3fef,12,7.550009645061729,8.333333333333332,114.04166666666667,19.844166666666666
989becdce12ebc39863c2bceab6f3ca1,15,13.739216820987654,13.333333333333334,420.1933333333333,54.30133333333333
98dac6635aee4995d501a3972e047414,190,8.496727095516569,4.736842105263158,21.66184210526316,12.52421052631579
98dddbc4601dd4443ca174359b237166,2,8.23082175925926,0.0,79.0,26.835
98e164d549402270247f3c96a1a158ef,2,8.833802083333333,0.0,81.35,12.36
98f52e1020fe788c10c0418de4393fec,1,9.267129629629629,0.0,21.6,15.1
99002261c568a84cce14d43fcffb43ea,36,16.837109374999997,8.333333333333332,113.55555555555556,30.56472222222222
9906e7aa42a3c067b7c9a564d01c4320,16,16.24080005787037,12.5,163.6875,31.037499999999998
994f04b3718c2bab35c2adfa8afecd2a,55,13.48990845959596,7.2727272727272725,59.81454545454546,13.72090909090909
9996ae921c50e8dff411ac69c0b4bb8b,3,16.56861111111111,0.0,9.9,14.556666666666667
999f6d9a1c7c81f43be44c6b7d076210,2,4.6904918981481485,0.0,14.0,11.415
99a25c39b28a74d1151c35c18d178292,6,2.230983796296296,0.0,28.99,7.46
99a54764c341d5dc80b4a8fac4eba3fb,66,7.078410669191919,22.727272727272727,54.22363636363636,19.67909090909091
99cd94252748d2bdde08e17858233602,2,3.0130844907407406,0.0,79.9,10.760000000000002
99eaacc9e6046db1c82b163c5f84869f,67,15.014922090934217,10.44776119402985,188.69074626865674,16.14417910447761
9a03a4e9eb0b947652fae4f6121a3f5e,7,13.86299107142857,14.285714285714285,213.85714285714286,26.46
9a1aea68d3efa00862ec88c0768037d0,8,13.29107494212963,0.0,163.65,24.06375
9a84ba99f5367fdbd4598363496f1ea2,15,10.512725308641974,0.0,148.22533333333334,27.671333333333333
9aa388272ee334b6ae07bc73706e254a,7,7.597832341269841,0.0,96.85714285714286,26.208571428571428
9ac4f14370b1e24ddc58be041b7f99df,5,9.02382175925926,0.0,62.902,24.427999999999997
9ac75591b69c3402684b6ce0310f22ee,1,2.984837962962963,100.0,60.5,9.17
9add47bf45ce8e8c7db6b9cf670b1e09,43,12.256529661929372,2.3255813953488373,107.12651162790699,25.18046511627907
9b00cad94ef3078faf6fba2e792c158f,1,19.39923611111111,0.0,354.9,18.92
9b00ed88b7fdb95d6ff76e27c1b52d16,50,9.049010879629629,6.0,31.3576,11.356
9b013e03b2ab786505a1d3b5c0756754,220,7.997937447390572,5.454545454545454,39.61159090909091,11.619454545454547
9b1585752613ec342d03bbab9997ec48,3,8.091628086419753,0.0,1416.3266666666666,33.35333333333333
9b1ab052f5fca308ba743ac789ebb2e1,2,10.214050925925925,0.0,147.04500000000002,15.995
9b1f656ca3060f8af17a50d8a024b533,2,16.34451388888889,50.0,20.5,23.84
9b522ba7eae9e1d04082f267144583cc,5,26.798921296296292,20.0,295.71999999999997,26.590000000000003
9b76ad3d04236f76bc71c59470305e13,3,4.845304783950618,0.0,131.5666666666667,20.643333333333334
9bade61a92bed55a25d2b67b9f4ed739,3,10.112179783950618,0.0,39.22666666666667,19.04
9baf5cb77970f539089d09a38bcec5c3,32,14.813060980902778,0.0,187.1775,16.614375
9bc484c87d79cd4874e05ca182658045,8,13.12238425925926,25.0,121.25,13.14
9bcdfa7b615b3abb9461d9e3ad9886ae,20,11.408699652777777,5.0,106.30350000000001,19.886000000000003
9bf11dfc0bec77e5a23028043c3c5a8f,1,31.544166666666666,100.0,115.0,17.06
9c068d10aca38e85c50202e17b4a7e88,17,16.52933142701525,17.647058823529413,156.40588235294118,26.466470588235296
9c0e69c7bf2619675bbadf47b43f655a,200,15.161132060185185,9.5,163.602,14.1171
9c1c0c36cd23c20897e473901a8fb149,7,5.780507605820105,0.0,77.85285714285715,24.58142857142857
9c3a1c416c765687bc79a04113269929,1,6.0855902777777775,0.0,74.9,58.9
9c3c24eca51c52b91c1de727d2a2ae06,6,10.611865354938272,0.0,51.25,18.94333333333333
9c4d31c7e46ab03a43fc06e3142afd4e,2,6.894334490740741,0.0,609.45,21.910000000000004
9c54608f0996c32ae4743089d915f845,3,12.21988811728395,0.0,64.93333333333334,36.64
9c57bc60cfad5ee62d35d3f1ce4593a1,1,37.03043981481481,100.0,180.0,15.43
9c690ceacd5c66731bf443ea810195cb,12,7.378122106481482,0.0,72.65,20.768333333333334
9c7fd21e0aa159b20da593371f08ff7c,8,6.7072540509259255,12.5,99.78750000000001,15.4375
9cad4b68bb993ee401a3c5aaa2bc26dd,7,16.36822255291005,14.285714285714285,92.75714285714287,16.29
9cea4682e16655f7da87f406902e989e,9,8.910434670781893,0.0,9.751111111111111,14.607777777777777
9cf787a239c1aa29dbd76f153dc13f9a,4,6.560300925925926,0.0,79.0,13.100000000000001
9d213f303afae4983637247556438ede,3,6.905385802469136,0.0,15.9,24.37
9d39404483343dd55c7ae254494d8388,10,14.386840277777779,10.0,29.32,14.107999999999999
9d489893ff6af05029671b785f54b998,6,7.366913580246913,16.666666666666664,49.78333333333333,17.09
9d4db00d65d7760644ac0c14edb5fd86,99,8.073691428170594,4.040404040404041,99.45161616161617,15.248383838383837
9d5604a1f112324ad6b2aa552122e0fb,17,12.085738017429193,0.0,24.794117647058822,20.02823529411765
9d5a9018aee56acb367ba9c3f05d1d6a,78,14.43177424620133,1.282051282051282,129.74333333333334,21.428333333333335
9d681c7e12db302cb261e721040dde65,14,9.021041666666667,0.0,56.114285714285714,19.505714285714284
9d69ba0a7a626a64dc5db08e529559cf,1,13.860972222222221,0.0,19.3,18.24
9d7a1d34a5052409006425275ba1c2b4,16,12.984201388888888,6.25,65.92625,17.315625
9da15f4a4ea758d9eeb49000dbe57e22,1,22.51039351851852,100.0,196.9,37.71
9da1ca0bef29ee170e541927a5aeabdc,6,16.803595679012343,33.33333333333333,247.39999999999998,21.271666666666665
9dc79dd988ac42f4d56c340d7048420a,4,6.5215046296296295,0.0,187.4,23.5825
9dd459b29a14bf89d47183cf2cd0e4c7,2,6.62347800925926,50.0,90.0,9.41
9dd59e43f0c9f0553244e8f9c2fb247e,10,13.135447916666667,10.0,35.63,15.181999999999999
9dda5bbacd45e18d6485fee649205d09,22,14.653299137205387,9.090909090909092,86.93636363636364,23.03318181818182
9de4643a8dbde634fe55621059d92273,81,15.001743541380886,6.172839506172839,216.79432098765432,21.260123456790122
9df5750209b83567ec144eb299d7d634,11,14.06586595117845,9.090909090909092,447.0,23.572727272727274
9e25199f6ef7e7c347120ff175652c3b,1,8.199456018518518,0.0,12.5,14.52
9e6229250fedbe05838fef417b74e7fb,77,11.88666366041366,3.896103896103896,168.34155844155845,23.830649350649352
9e6967d3cf386d284251784b18ccb485,11,7.787544191919192,9.090909090909092,47.060909090909085,12.475454545454545
9e7c5f4d7770eab65738cca38f9efccf,2,7.437210648148148,0.0,92.4,19.04
9e94fa26a70ede4d26226e918e8706a2,1,5.644328703703704,0.0,62.8,9.94
9e9b539eb2806acee3f5c28085c1db9f,3,24.787878086419752,33.33333333333333,322.3333333333333,24.156666666666666
9ed65337433adfbedefd23dd76eaa494,6,7.400858410493828,0.0,210.4333333333333,13.508333333333333
9ef932e837d8b7f392c0bfee9d359dc2,1,36.47038194444445,100.0,59.9,19.66
9f50216bfd01913736a55a11b55ea842,19,10.640924098440546,21.052631578947366,71.26315789473684,16.689473684210526
9f505651f4a6abe901a56cdc21508025,426,8.16848548078595,4.694835680751173,60.828262910798124,13.966549295774648
9fbd5666d8618fa571c4230fafa09bd6,1,13.122824074074074,0.0,79.9,16.81
9fc70243fb26800cba56e8f014797004,7,9.620205026455027,0.0,66.65714285714286,14.957142857142857
9fe7c6641c79970ab48185498f547c09,1,17.920046296296295,0.0,130.0,34.71
a00824eb9093d40e589b940ec45c4eb0,3,8.007125771604938,0.0,3133.3233333333333,126.49666666666667
a0415d9b25ede3c4b1e477e9916ffc03,9,8.927204218106997,0.0,393.79999999999995,20.54888888888889
a066df7361163e7ddc5d7452dd17448b,17,15.814748774509804,23.52941176470588,63.42941176470588,15.665882352941177
a06c8ff043abea0528ee44171e2140a2,8,3.8793865740740743,0.0,64.3125,11.55375
a080fc8a850289b27500f6b49cca2553,4,5.423171296296296,0.0,95.75,13.1425
a08692680c77d30a0b4280da5df01c5a,17,11.049002587145969,0.0,143.11764705882354,13.406470588235294
a09a13f18ed27932d08438aa6f12756e,1,8.917627314814816,0.0,29.9,16.11
a0a14e50070f3225b3eabba5b85da517,4,6.053330439814815,0.0,44.05,18.11
a0d7fbb07bb5ebc3b05980e750db56f3,4,17.37723090277778,0.0,212.2475,59.0475
a1040efe9ff4a6f93c28b0499eada8f5,1,17.278831018518517,0.0,1658.83,34.48
a1043bafd471dff536d0c462352beb48,752,13.586722905585107,5.585106382978723,132.06014627659573,41.36105053191489
a11a0e0ca67423425691db355cff69b0,2,5.527760416666666,50.0,224.45,14.040000000000001
a13580f0e8f782b7a543885a0ef99f08,10,25.048719907407406,20.0,130.49,25.878000000000004
a13aaf2d2886ab9fb30fb9a920160b8f,4,9.351059027777778,25.0,252.88,18.5775
a1474fd46fd3430168f7ec202da39408,14,15.817856316137567,14.285714285714285,196.60714285714286,47.215714285714284
a150c540f572d0fb53992264bc5c10b5,1,10.858275462962963,0.0,119.9,15.59
a1544b9ea0b2390e020537d4daa89049,8,10.917319155092592,0.0,105.15,13.41625
a154d7316f158bb42e6fa18bbe3afd3a,2,47.48453125,50.0,69.9,25.165
a17f621c590ea0fab3d5d883e1630ec6,78,11.659324103751187,6.41025641025641,34.332307692307694,14.030128205128204
a1bea7061f61f6fdd9a85a6325ba1033,9,4.491721965020576,11.11111111111111,90.10555555555555,11.103333333333333
a1bea9970d8f65b240555f99c2214f7f,1,9.306875,0.0,75.0,27.48
a20d8058c866dbaeca014d2cd20ac62e,2,23.55626736111111,50.0,597.0,22.45
a213f1bd6458f4a158f3746cb2514559,1,8.3459375,0.0,41.52,14.43
a218df5c097b0ca409cfaac1488cc7f6,4,11.561912615740741,0.0,32.6725,27.502499999999998
a21c11ec5c3f03e7cc9f9203bff9e1c6,4,8.954418402777778,0.0,96.25,22.72
a23266650e7c84bb93fbbba502137478,16,10.540355902777778,0.0,94.525,17.44
a254c682cc01e119f83530446f1df9a9,7,15.934608134920635,14.285714285714285,81.34285714285714,34.28857142857143
a2a41aedb70551d4a85aa04dc2fced48,2,8.864953703703703,0.0,26.395,13.47
a2b5b6105ea5942300631d2e76f4ffe0,16,8.46931495949074,12.5,205.418125,45.165625
a2b911e9ad40dc7d61c142a4683e2d85,1,12.782881944444444,0.0,85.9,34.4
a2deecd5398f5df4987110c80a1972a3,13,8.307628205128205,0.0,47.98538461538461,17.076153846153847
a2e874074c877c5a05abae80ad6e488f,42,19.191609071869486,4.761904761904762,175.11904761904762,26.317619047619047
a2fa0bdc798ee84cdb08281337cf4fb6,11,19.99129208754209,0.0,32.26,17.01
a3082f442524a1be452e3189e003b361,4,12.446550925925926,0.0,75.4,24.4125
a35124e2d763d7ca3fbe3b97d143200f,7,8.886656746031745,0.0,58.785714285714285,11.27
a353b1083c9863d756d9404695016d64,1,20.71329861111111,0.0,120.0,17.09
a35ef466c6fd6d052f5d241240d3c5e2,3,11.831080246913581,0.0,189.96666666666667,26.55
a369d693961cb93b61ca2cc518872a85,18,10.362204861111111,0.0,144.27777777777777,34.26611111111111
a36ac007a4d18f865c8d32c3b2402c2d,8,9.652709780092593,0.0,153.72375,20.14625
a36b125ac6d5fdbc7f50de85c9157bdc,25,12.929280092592593,12.0,71.74600000000001,14.955599999999999
a37c340b91cb0169e8b029db6440fba2,5,11.123074074074074,0.0,69.0,18.990000000000002
a3a38f4affed601eb87a97788c949667,260,12.492160211894587,4.615384615384616,101.13315384615385,19.941
a3b0df0065e264a91b7bbf5f844af5cd,2,13.619450231481482,0.0,93.345,16.03
a3b42d266fa8afc874b909422ce88582,6,3.5071296296296297,0.0,139.9,13.64
a3dd39f583bc80bd8c5901c95878921e,37,12.530534284284284,2.7027027027027026,124.53540540540541,21.73918918918919
a3e9a2c700480d9bb01fba070ba80a0e,143,13.146437775187776,9.79020979020979,93.5090909090909,20.063146853146854
a3f0b55de503387383c7b1de3ad7f678,26,10.481014512108262,3.8461538461538463,167.24615384615387,47.28230769230769
a3fa18b3f688ec0fca3eb8bfcbd2d5b3,2,14.268726851851852,0.0,23.9,18.23
a414555ce331b8c8aea4a9cb8395194d,8,7.642094907407407,0.0,181.36875,30.33
a416b6a846a11724393025641d4edd5e,176,12.603594933712122,12.5,141.64909090909092,16.679318181818182
a420f60ff1aa9acc80d0e42959f2b313,69,11.347290827965647,8.695652173913043,107.87391304347827,15.941594202898552
a425f92c199eb576938df686728acd20,18,17.3334966563786,0.0,61.46111111111111,16.299444444444443
a435b009cd956ea60748b5cfbddf2e24,3,30.40936342592593,66.66666666666666,120.39333333333333,15.07
a44fb5a447105f8469bdf16bf9159f25,19,14.242983065302143,26.31578947368421,195.0578947368421,30.87421052631579
a45314082d50d578a4721c9787ce09ab,2,5.23833912037037,0.0,212.45,14.510000000000002
a45765f8afb1e594b22bf9e974b46765,1,4.976712962962963,0.0,79.99,8.93
a478c7961d6a992065b24e63b366f90b,9,10.556203703703705,0.0,142.38888888888889,18.895555555555557
a49928bcdf77c55c6d6e05e09a9b4ca5,104,16.937956508190883,25.0,83.14326923076925,16.605
a4b6b9b992b46e9ef863637af96e04bc,8,18.636880787037036,12.5,661.625,26.23
a4b8d97cd5d3674eeff96abc99d8ed67,1,6.10394675925926,0.0,214.08,19.3
a4bd6e9adf39b63f43dc545d3ca1f53d,5,9.838613425925924,0.0,369.71799999999996,22.476
a4fc6eadaff1576af888509a53420f6a,1,28.985127314814815,0.0,100.86,20.76
a513150f33f99a06569e9cd5c4bb889b,2,9.656533564814815,0.0,338.5,17.125
a5259c149128e82c9d6d46e0c1c812bb,8,19.34989728009259,0.0,147.7825,54.85875
a53f60f05f822b5c621a50ff6a5cb362,6,13.007635030864199,0.0,69.23333333333333,21.521666666666665
a56a8043ebf66e42119618fb8cf232c6,1,10.828888888888889,0.0,83.0,23.73
a56e351445e5863fc8960640ba9190c7,4,9.26288773148148,25.0,190.23000000000002,16.265
a5a1bfcf728ab0e19182959cf0771ee4,24,13.616142939814814,8.333333333333332,75.54,14.495416666666666
a5bff0f43eb51f0cad7c37fac7244c8a,5,15.689243055555556,0.0,89.0,19.253999999999998
a5cba26a62b8b4d0145b68b841e62e7f,54,13.203352194787382,1.8518518518518516,267.3859259259259,24.94314814814815
a5dd1946fb63ada8bcaa0c9cd8f11e22,7,19.004900793650794,0.0,31.374285714285715,29.53
a5ff20ff766e7f50bd5066f33da14413,4,5.640086805555555,0.0,16.6475,10.895
a61cc04793308395a840807104365121,1,8.368773148148149,0.0,14.63,23.74
a63bfbaa882c8f4542891b4e2246cc7f,6,11.69019097222222,16.666666666666664,947.0,40.665
a64e44665225d19dfc0277eeeaaccc57,6,7.929162808641975,16.666666666666664,55.833333333333336,15.293333333333331
a663d9c3797e90eac99ff60939416a56,1,5.360590277777778,0.0,235.0,14.08
a673821011d0cec28146ea42f5ab767f,141,12.565776858418703,11.347517730496454,94.79432624113475,18.170496453900707
a67780aba9dd436e7ac0aa1f889e73ec,6,21.632880015432097,33.33333333333333,143.83333333333334,29.673333333333336
a69aa24cec11168e7e39a3fbc727e925,3,8.651388888888889,0.0,35.32333333333333,11.44
a6bd7d1ccdac48c6b33b28596b7eb122,15,15.621216049382717,13.333333333333334,911.274,42.519999999999996
a6fe7de3d16f6149ffe280349a8535a0,51,14.846080927741466,15.686274509803921,55.78235294117647,14.304705882352941
a70e9066dbfd10b6b97a3f54a1356762,4,18.28829861111111,0.0,429.0,77.85
a72c2f59332659e361d647515c698798,6,10.038487654320987,0.0,133.81666666666666,21.838333333333335
a72f15980dc3e9bfd1a49ac9b2f3af65,1,5.1416203703703705,0.0,89.9,18.73
a7a9b880c49781da66651ccf4ba9ac38,4,9.169887152777777,0.0,76.9,16.3675
a7b7354cc588f7566a848bcbb1ce3d96,2,11.876527777777778,0.0,39.9,12.535
a7c53f6b3b61adbdaa99dda97e8cbd56,1,6.837638888888889,0.0,99.0,11.3
a7c88262832dfc683781d6a421edefae,5,11.176726851851852,0.0,304.0,16.484
a7d0f8dd44f57ef6de7f7f02e3d82630,2,6.127939814814814,0.0,36.894999999999996,12.94
a7dc4098e4da6e41b426269d12ae7e91,3,5.982071759259259,0.0,172.66666666666666,12.15
a7ecf689b40a44361e259b28939023e4,1,10.922962962962963,0.0,389.0,21.91
a7f13822ceb966b076af67121f87b063,84,22.157743468915346,5.952380952380952,143.0677380952381,35.270714285714284
a806a4bb063ea7ca6d374eafa50a6058,6,12.33940586419753,0.0,49.06666666666666,18.478333333333335
a81466620e46a6970b22ef40379fdfc9,2,7.190133101851853,0.0,160.9,16.49
a8739afb32aaa45e01815ca76f76f54b,15,9.54413348765432,6.666666666666667,19.922,17.648666666666667
a888faf2d1baececa6baf9c3d603ee1f,54,17.909094864540467,14.814814814814813,325.27407407407406,20.517592592592592
a89e143d5211473ae18db9577ee34b64,1,9.211030092592592,0.0,70.0,9.94
a90a5da8b09e44264a177c0374a5ac87,3,9.380806327160494,0.0,24.900000000000002,24.2
a938325a4b357fd23a6a4d5bb126408e,25,13.119169907407409,4.0,129.24,22.432399999999998
a9415cf907dfa12f9ed18693244f5329,2,11.134502314814815,0.0,105.0,87.71
a99504ac23ed125aaf5302af6cc30af9,1,16.25554398148148,0.0,978.0,47.24
a9ae440659f48b7849df83e82734150b,1,13.342361111111112,0.0,285.0,27.02
a9b533a26e898b12e8b8d4c07279bf4d,4,15.162638888888889,0.0,29.9,17.865
aa17b35ce4de7b565be3249ba838944f,2,16.367667824074076,0.0,39.9,17.1
aa1eb17b9fdf6dfd546e25c45c7b9235,4,6.515587384259259,0.0,29.4975,9.067499999999999
aa2640d851ec322526f1295bbeb20092,2,3.9644328703703704,0.0,79.99,11.18
aa762680c40618316a896838866140ea,3,22.5642862654321,33.33333333333333,87.0,20.820000000000004
aa8af66c623d7d544dfe4bb85b5ebe3b,1,8.003946759259259,0.0,99.0,15.57
aac29b1b99776be73c3049939652091d,131,14.373473812553012,9.16030534351145,50.1042748091603,19.615419847328244
aac51c486b672a9850d59f3e84b1cf88,13,4.934210292022792,0.0,56.02153846153846,10.099230769230768
aadfe0417e61315688b6bd7043361e25,1,6.484421296296296,0.0,289.9,14.28
aae3bfea055532c57fb453ed3ec80b30,50,12.442886805555556,0.0,61.1584,15.985
aae5953b9edddf14749c0d65d60eb4b9,2,12.825434027777778,0.0,86.5,14.95
aae5e7b457a3c72ee230a47d98fceda5,7,12.341810515873016,0.0,86.39999999999999,20.110000000000003
aaed1309374718fdd995ee4c58c9dfcd,111,12.201750604771437,2.7027027027027026,84.19324324324324,20.849369369369366
aafe36600ce604f205b86b5084d3d767,131,12.440077484450098,4.580152671755725,70.62137404580153,18.48702290076336
ab27bbbad5239bc31a34709275a70db4,11,8.072671506734007,0.0,34.809090909090905,9.286363636363637
ab3e0c171fe84a7ba7de130f19cfb485,7,19.90822585978836,28.57142857142857,89.06428571428572,16.125714285714285
ab75b89cc49c9ab3160d0c91565a442a,1,9.102488425925927,0.0,18.99,0.75
ab91571efab27993ff2f6b36e38055c3,4,15.227343750000001,50.0,25.56,14.1725
ab9db4cf53b08b828b64dccaafc2d9f0,4,11.719855324074075,0.0,44.445,26.455
aba1721a889e04decc910aa13b768ef4,92,9.191300070450886,10.869565217391305,153.2967391304348,13.577934782608697
abbf6046bbdf1028606a5bc7f00c99e7,6,11.785158179012347,0.0,311.2083333333333,21.168333333333333
abc015ebac1d283a323ca9db35ede4b9,13,11.109822827635327,0.0,85.13846153846154,17.142307692307693
abcd2cb37d46c2c8fb1bf071c859fc5b,51,13.683934958242556,3.9215686274509802,94.45725490196078,25.578823529411764
abe021b01ba992245271b9aa422032df,2,17.93034722222222,0.0,3360.0,58.620000000000005
abe42c5d03695b4257b5c6cbf4e6784e,49,14.357426303854876,16.3265306122449,346.9387755102041,19.337755102040816
ac3508719a1d8f5b7614b798f70af136,101,9.45691453520352,2.9702970297029703,123.2291089108911,29.351683168316832
ac51cac5e20d69ff485a54746488ef48,3,16.31224922839506,0.0,233.33333333333334,19.566666666666666
ac6417315ae5da8f9a38ee11de6f7780,7,11.468726851851853,14.285714285714285,102.34285714285714,19.245714285714286
ac9b01377919cdbd2a1bbb8d5837c70b,1,9.7975,0.0,55.9,23.54
acadd4d36859671cb635527c6c977533,12,17.89122010030864,16.666666666666664,198.41666666666666,22.161666666666665
acb6c2ca5c82411c1fdb88d5fd5eb95e,11,9.944088804713804,0.0,37.625454545454545,14.691818181818183
acce39e832338debb07b02385cde5967,44,7.04824626473064,0.0,107.91136363636365,26.717272727272725
aced59e9b31ef866a94f9e7f29d8d418,67,9.67080379353234,7.462686567164178,108.48507462686567,15.631343283582089
acf974e4d5950ad143a247471b831eb9,12,13.873653549382716,0.0,35.31666666666667,27.485
ad14615bdd492b01b0d97922e87cb87f,1,13.583900462962964,0.0,8.25,10.96
ad273c9eb54ecb4532de4bf75bae9e4e,11,11.928710016835016,0.0,58.63636363636363,16.795454545454547
ad420dd0c4f92f8af951ac24b86d0cf5,46,14.698960094605475,6.521739130434782,102.28891304347826,19.850217391304348
ad75519a07f039025e83795a4418470f,9,9.059162808641975,0.0,33.56666666666667,12.86888888888889
ad781527c93d00d89a11eecd9dcad7c1,38,25.504659478557503,31.57894736842105,158.93763157894736,57.19710526315789
ad87df7699e83b8a91822a4a0b765c3a,6,9.560673225308642,0.0,51.65,13.229999999999999
ad8b531ae67582f096925cff5630d0d1,2,20.48488425925926,0.0,99.22500000000001,26.52
ad97a199236354e53fcd91a5a913e9a2,17,15.305991285403051,11.76470588235294,732.1676470588236,49.245294117647056
adbc26658d6c7b4b6219f9d934598091,92,17.181017512077293,15.217391304347828,128.3304347826087,20.49836956521739
adbe70ab2c97442046d393988c8d1d27,5,7.185418981481481,0.0,57.9,13.030000000000001
adcf50477d6a1f5d91bb9d54c4903cb5,31,24.512162485065712,16.129032258064516,31.67290322580645,19.863548387096774
ade45994b717ccee333492330fbf037b,10,8.410002314814815,0.0,719.6,28.363
aded58c8142dedc5494a81f948431fab,5,8.000819444444444,0.0,57.9,17.996
ae45ad30c2d2e5913094769690a239d2,2,19.199479166666666,0.0,125.9,15.63
ae45df84722b1d15c5f32b23a095746c,12,7.358047839506173,0.0,75.15249999999999,13.638333333333334
ae7ab174effdead6c241e547e4ca13f0,7,9.901106150793652,0.0,396.9428571428571,113.63714285714286
ae8bfdbf1c2a2a2dee92d799db0a31c6,8,8.8746875,0.0,42.49,18.2775
ae9690c6e8fee182c28c9ff8e11ca52c,1,4.4846875,0.0,47.4,12.41
aeb36d67f1414f234d42a29e27cf1f17,4,19.47006076388889,25.0,815.95,71.07499999999999
aec99834ab5d38ead22766ada8497e87,1,7.261747685185185,0.0,459.0,17.51
af3ef48d0e13835e529c29ac573c63e5,21,7.9285300925925934,4.761904761904762,66.93476190476191,22.261904761904763
af4a0e4cfe1d9c26b6712b1be25a72e5,26,12.817845441595441,7.6923076923076925,336.8453846153846,22.83153846153846
af7cdac9d9897cddead9c6b08976c642,6,15.225084876543212,16.666666666666664,90.58999999999999,25.078333333333333
afa6714acee029b2dfdf357e5579cc03,17,12.618579793028323,11.76470588235294,189.4564705882353,22.518823529411765
afe0067131b73e40875c9b6c10bd2e21,45,15.468515432098766,4.444444444444445,112.0111111111111,24.690888888888885
b00af24704019bd2e1b335e70ad11f7c,1,15.554780092592592,0.0,189.0,18.25
b01c2b7b8599b325103ebcddc67413e1,4,8.455002893518518,0.0,42.3625,18.1675
b026643914f651e8371425e5b8a1e780,1,10.419143518518519,0.0,27.9,15.1
b0398568231ba5e6734af1881671a317,4,13.211869212962963,0.0,164.1925,28.3375
b05b432bf68945d4d9783f9e3ca29ee8,2,5.414924768518519,0.0,112.4,13.045
b080809eaacb49e5ca07290981472431,11,10.537906144781145,0.0,38.54545454545455,13.036363636363633
b0b346d3a89f5eb4c2968af3f083cd43,9,23.350222479423866,44.44444444444444,52.111111111111114,17.855555555555554
b0f2a6122a90a93eb03e68653dd960e3,7,8.200831679894181,0.0,231.47142857142856,19.71142857142857
b1204cfda1d4948679db3cfc0d3cb95c,6,9.825545910493828,0.0,68.53333333333335,16.675
b127efdabeffb5d559349c7b172eb75d,10,9.848835648148148,10.0,30.85,11.277
b12cfd255810394b60caef18ae163547,2,15.839143518518519,0.0,280.0,83.07499999999999
b14db04aa7881970e83ffa9426897925,105,15.616071318342152,11.428571428571429,53.294285714285714,20.042857142857144
b16d3dadc47d4eb18be3d88bad0775ce,11,6.5302640993266,9.090909090909092,65.64545454545454,16.221818181818183
b17b679f4f5ce2e03ce6968c62648246,51,19.11136029411765,17.647058823529413,67.14078431372549,19.21921568627451
b18871c324516afa228a13e8f1ef0ae9,23,7.477408917069243,8.695652173913043,46.28695652173913,10.6
b18dc380845b24038cfc48006478f099,48,13.993235918209876,14.583333333333334,161.54083333333332,16.601458333333333
b19c48688808720822399ffa9f2dbe2f,1,6.303900462962963,0.0,959.99,24.82
b19f3ca2ea475913750f25a5c37c8d8f,19,18.389999390838206,31.57894736842105,219.69263157894736,52.76263157894737
b1a81260566c1bac3114a6d124413f27,54,8.556352023319617,1.8518518518518516,160.8275925925926,28.990925925925925
b1aaae6b66ad3c40f54b389d7ea4bee0,17,8.124083605664488,0.0,69.20588235294117,23.10235294117647
b1ac6ea7895bc3dd6f0f6f4abbdd2821,38,10.18083455165692,0.0,77.94736842105263,20.32526315789474
b1b3948701c5c72445495bd161b83a4c,14,23.403023313492064,64.28571428571429,1537.107142857143,28.910714285714285
b1fc4f64df5a0e8b6913ab38803c57a9,121,15.73235058922559,11.570247933884298,66.07223140495867,17.737603305785125
b1fecf4da1fa2689bccffa0121953643,20,10.688985532407408,0.0,183.48200000000003,19.854
b2479f944e1b90cf8a5de1bbfde284d6,129,15.440582023399367,14.728682170542637,36.174651162790695,17.11395348837209
b248792ac0b60ec3f93d80af1b4fae47,9,6.319003343621399,22.22222222222222,50.5,17.094444444444445
b26741d31a563d769b4af0465ab20c56,2,12.684010416666666,0.0,324.0,23.515
b274baf5bbd142410eb2958cf685d684,7,6.354259259259259,0.0,83.7,21.23857142857143
b29d3380981c51df13fc6fbe87e1763d,7,7.856157407407407,0.0,62.18571428571429,14.082857142857142
b2a6d334e2833acea353624840e25a0e,26,10.696551371082622,0.0,63.49923076923077,14.908076923076923
b2ac621f0d0322434d04a12b078b9369,30,14.670295524691358,10.0,319.18333333333334,26.046333333333333
b2ba3715d723d245138f291a6fe42594,350,13.970765972222221,8.571428571428571,140.86337142857144,17.9842
b2c97074649f92197d9387d9033dda5f,11,12.04682344276094,9.090909090909092,62.24636363636364,25.39727272727273
b2eecf5ea250510da76590ca79d60e5d,11,6.134214015151515,0.0,96.36363636363636,13.922727272727274
b2f4d63c7203f539a78252565ca32257,1,13.007511574074075,0.0,14.9,20.84
b32be1695eb7ec5f10f72d9610a12527,45,12.322987911522635,4.444444444444445,590.5555555555555,65.28177777777778
b335c59ab742f751a85db9c411a86739,31,16.838304211469534,6.451612903225806,80.45516129032258,17.578387096774193
b33aaadd1a8891d2dfef0c4c3bdf0371,17,13.492799564270154,11.76470588235294,88.47058823529412,21.12
b33e7c55446eabf8fe1a42d037ac7d6d,152,16.425508269371345,13.157894736842104,290.88927631578946,17.476184210526316
b347677812ea483b0f528eaf8cbc09b7,21,13.219165564373899,0.0,347.09476190476187,36.30238095238095
b372ee768ed69e46ca8cdbd267aa7a38,69,12.324170524691358,0.0,183.04347826086956,17.157101449275363
b37c4c02bda3161a7546a4e6d222d5b2,15,17.17511111111111,6.666666666666667,1605.0,27.506666666666668
b3809b8d4394588a47c8470ea331e135,1,5.049641203703704,0.0,89.0,7.88
b39d7fe263ef469605dbb32608aee0af,48,13.300397858796297,4.166666666666666,105.48333333333333,21.604791666666667
b3b17aab11f273023a5f22ca52e1eb70,13,17.222088675213676,15.384615384615385,526.9230769230769,36.565384615384616
b3e2faf2c1004d674f16a3aa3197f0e1,3,6.792133487654321,0.0,20.49,11.256666666666668
b3f19518fcec265b2e97af287725f981,8,10.66591724537037,0.0,55.614999999999995,15.61
b410bdd36d5db7a65dcd42b7ead933b8,42,9.202473820546738,2.380952380952381,175.45,22.638333333333335
b416191c9813d821a295cfabafff4161,2,19.298738425925926,0.0,58.9,16.17
b43d8b707f887a30f4675391098354a0,4,19.93375289351852,25.0,335.5,46.19
b44dbfbf62e52125f3c15d230569ea91,8,4.566316550925926,0.0,76.17125,11.211250000000001
b452cb0ae35044c4a53179c39f49fb06,2,16.722858796296297,0.0,31.849999999999998,19.145
b45d7ebfb7378630f1bcd74b6ff86ff7,3,29.70025077160494,0.0,299.9,22.813333333333333
b494891378bd8f4560abe576c52deacd,21,5.217683531746031,9.523809523809524,135.1904761904762,14.094285714285714
b499c00f28f4b7069ff6550af8c1348a,182,10.819418752543752,10.989010989010989,55.83615384615385,13.756043956043955
b4a476fbd28de64b1e347abf9089366a,35,11.858209986772486,8.571428571428571,127.97257142857143,22.744857142857143
b4b447d715f9ab302a188fb43d3e96b3,5,3.623861111111111,20.0,137.186,18.746000000000002
b4f8921fcc4ff77b66bea6dda43dcd51,20,7.627169560185185,5.0,569.7524999999999,73.418
b4ffb71f0cb1b1c3d63fad021ecf93e1,164,9.748157393292683,2.4390243902439024,40.4615243902439,15.254573170731707
b55638ad525e906c698fa2ce742c1742,12,22.67656732253086,16.666666666666664,91.23333333333333,24.239166666666666
b561927807645834b59ef0d16ba55a24,95,12.522224049707603,14.736842105263156,47.38936842105263,13.737263157894736
b566ab0ef88016e00422755e305103c6,5,13.048136574074073,20.0,241.6,44.044
b56828a9f9027f3c918c04ca720d9e3c,3,16.972858796296297,33.33333333333333,120.0,37.20333333333333
b56906f7fd1696e043f1bcce164c487b,42,13.57789489638448,4.761904761904762,51.1545238095238,20.165
b586cd24c010a13916af621b0325fbba,7,5.1057208994708985,0.0,158.42000000000002,37.712857142857146
b5abf4f36adc043117b4fca82c22984c,9,21.20098636831276,33.33333333333333,89.23333333333333,18.537777777777777
b5b800c4065bebf4d3442311c9857344,1,6.455601851851852,0.0,79.9,8.91
b5bb2b985208834bd5bd86c7a402bbad,2,11.335590277777778,0.0,310.53,19.33
b5d034ac251546e25afe9067f05c1539,1,12.577013888888889,0.0,69.9,15.37
b5dd7151a92ccaaa282cbe9681a05f44,1,13.437083333333334,0.0,85.0,18.7
b5e3e38609125694d2ea2417522a60b7,17,17.78087418300654,23.52941176470588,58.53176470588235,17.714117647058824
b5f0712d22a873b6797ab6cc65c3fcba,1,3.2610069444444445,0.0,12.99,8.29
b5f49fe968dff6b112861e6cd8e192ef,2,13.995439814814814,0.0,97.35000000000001,21.485
b64d51f0435e884e8de603b1655155ae,23,8.026424114331723,21.73913043478261,18.094782608695652,15.537391304347826
b67d6c666e8dce1d078c882825e12704,8,8.12638454861111,0.0,44.105,13.02375
b6d44737c043328708f6749c2dbe50bd,79,7.913105954055321,5.063291139240507,66.89367088607595,19.612784810126584
b6dc74ed30f124f95227bed4e43a3bed,10,17.64544560185185,10.0,38.75599999999999,16.433
b6e1504972665f739dec4facb9943775,14,11.147410714285714,7.142857142857142,106.03428571428572,16.134999999999998
b6f52e346160519c24a23af05410ad32,1,12.60994212962963,0.0,129.9,13.35
b74d1c09cb380e1d03a6f859c6f4224b,38,11.470774549220272,15.789473684210526,57.226578947368424,21.315
b76a1f8356322f12529c37b67d5c96c2,5,7.468219907407407,0.0,59.7,11.278
b76dba6c951ab00dc4edf0a1aa88037e,167,10.246473372699047,2.9940119760479043,15.241377245508982,13.664850299401198
b76f4d90e85657a240495c876313adc5,1,2.6615972222222224,0.0,299.0,19.3
b77a27b1864483e721dc831d5ba4afa0,1,8.473414351851853,0.0,20.9,14.52
b7ba853e9551f4558440881fd3e5c815,1,34.95599537037037,0.0,136.9,25.7
b7cc6c5e001441ae8cdd5c69a480cbe4,5,12.828016203703703,0.0,90.56,27.45
b7d5b4b87af9d42b601865d3f3810bff,1,8.628703703703703,0.0,350.0,20.69
b7e1750c1157341d2abd0251e07c186b,4,9.544210069444444,0.0,39.9,15.24
b7ed9fb14c8eadb37adb9c45d67ab0fb,11,13.357425294612794,0.0,51.45454545454545,20.15909090909091
b8114f2f589a6804810f04f99b36b498,11,5.398903619528619,0.0,127.23818181818181,26.582727272727276
b81e3a6c866a764974fe849821abeebd,11,5.752156986531987,0.0,76.01363636363637,19.714545454545455
b839e41795b7f3ad94cc2014a52f6796,36,6.920479038065844,2.7777777777777777,1189.6944444444443,25.58138888888889
b83cedfb587e7911540e3f576d6917ce,25,10.077923148148148,8.0,88.99799999999999,13.752
b8555308bfdb4ca1ed54325a58da9a97,28,10.288528852513227,7.142857142857142,108.82857142857144,20.815357142857145
b8578d2d823bd8e251f6fdd02b40902d,9,9.916325874485597,0.0,139.5111111111111,27.11111111111111
b8630e1121437d41cb08e3c749c2c2e2,12,11.137473958333333,16.666666666666664,582.3333333333334,28.84166666666667
b86a47b3366e3b5424a7b225781f4908,1,14.259398148148149,0.0,86.5,19.85
b87a7ea0c30fad2dd6781b74a0064859,9,15.243249742798355,33.33333333333333,57.266666666666666,13.594444444444443
b88e7c57cb2d8b973b7dd4a2bfa14b36,4,9.365081018518518,0.0,88.475,16.4425
b8a0adc91af209270c2c725168eb00fd,6,11.105634645061729,0.0,46.9,17.848333333333333
b8bc237ba3788b23da09c0f1f3a3288c,47,11.921712470449172,2.127659574468085,291.1853191489362,41.17978723404256
b8d890108a7a80e4f5d59eea9f362438,3,11.696026234567901,33.33333333333333,29.899999999999995,11.530000000000001
b906dd0e57f282c7089171b6ed07982e,2,6.987065972222222,0.0,87.5,17.875
b90e891671cffd9557f33a97dc523645,39,7.579306445868945,0.0,114.07692307692308,16.213076923076922
b92e3c8f9738272ff7c59e111e108d7c,70,16.306628306878306,2.857142857142857,117.587,34.48871428571429
b94cc9f10ddc85e4ba73a6f7974e7101,39,10.580454059829059,7.6923076923076925,649.9,26.215128205128206
b98b715fe9e276204e2a3464f48cd796,4,11.317511574074075,25.0,97.15,12.7325
b9a03475e6447e631b6799ec8274800f,11,10.671656144781146,0.0,122.64545454545454,26.816363636363636
b9c0ffa92f3ff9a5a3d45ef7213c0842,3,21.183537808641976,0.0,163.33333333333334,27.39
b9ca8e8baa5d4aa038394a700f63e69f,14,9.672949735449736,7.142857142857142,92.12642857142858,27.727142857142855
b9de031b671cd48b28fae9d828cbf2b4,1,9.232627314814815,0.0,155.32,43.37
b9ec22de23f18567de0e09d776ca0309,2,6.534861111111111,0.0,170.99,20.245
ba143b05f0110f0dc71ad71b4466ce92,84,10.277845982142857,15.476190476190476,71.41309523809524,15.603214285714287
ba5daa4041e1f15cdf34b76e3e18a450,15,5.692246141975308,0.0,53.78666666666667,10.17
ba6b4a237f92479743cf0ca06b67a9ac,8,12.598758680555555,12.5,100.23625,13.977500000000001
ba6b68b55fe8704377a7d43c8e5c0185,5,10.590298611111113,0.0,147.954,18.49
ba6ce6de456f6c11d08c17701ba5c26f,7,12.060459656084657,14.285714285714285,106.33571428571429,18.594285714285714
ba89796db68db180bd389de96b2ff3b6,2,8.601232638888888,0.0,154.9,21.73
ba8e85df286308fe68a2ce83a8f8b2d6,1,9.845416666666667,0.0,80.9,16.76
ba90964cff9b9e0e6f32b23b82465f7b,38,10.018161245126706,5.263157894736842,1163.4868421052631,34.5
baa49d93c8c8841e27400a300f5d74b2,6,12.282937885802468,16.666666666666664,41.06666666666666,14.67
bab0a8cd684e41ba6e2637dca0979d3b,1,13.315324074074073,0.0,269.9,19.14
babcc0ab201e4c60188427cae51a5b8b,1,8.19707175925926,0.0,79.0,14.13
bac44fa8e13424950488659b5f765c41,1,8.709305555555556,0.0,19.9,14.52
bac692d6c0ed08467878018e6cc9c26c,3,7.197361111111111,0.0,159.0,27.41
bacb1f0ed56ad24198f5810d2b3fe9a5,38,9.781034356725147,2.631578947368421,159.94868421052632,20.253947368421052
baeda7047354773262ba2405f97038ba,1,23.479270833333334,0.0,35.0,15.1
baf15155e37ef5492731459bdc05be8a,1,33.05329861111111,0.0,47.0,8.72
bafc5aa11e413978be29040f51342e70,9,13.440901491769546,11.11111111111111,186.61666666666667,16.657777777777778
bb135baca94c82fcb731335ad5b04a03,38,7.996843932748537,0.0,27.626315789473683,12.44421052631579
bb2afe2061d53c6968aa0cffa233a8ec,6,4.69764274691358,0.0,91.56666666666666,15.770000000000001
bb3dca718920a4d7ec3cc9ffb025108b,3,10.654934413580248,0.0,36.0,31.233333333333334
bb5bd94c8f59cc050072d2930c869cac,17,14.840234204793028,5.88235294117647,149.63941176470587,17.81
bb5d956dece964a06c12bceb66b923ae,2,10.383778935185186,0.0,639.18,25.07
bb7a14e229b1c95156719c3d9552eeee,10,11.600447916666667,10.0,276.02,28.740999999999996
bb7ad8a45c027be8ab075b8e465f8ca0,2,5.669924768518518,0.0,9.99,16.32
bba3293d6f5d5af2f415e004e8b93ae3,17,12.072742374727667,5.88235294117647,688.3588235294118,19.217058823529413
bba74270a87732727b5a3b4fd9ac1c39,40,9.283693287037037,0.0,149.115,18.5935
bba8d0c234a52b87b3957037a215d1a4,1,23.839618055555555,0.0,120.0,19.53
bbad7e518d7af88a0897397ffdca1979,84,15.275709738756612,22.61904761904762,52.69428571428571,15.653809523809525
bbaff50f3b708fda865918715276cd87,16,8.590279224537037,12.5,28.10625,12.629375
bbd3acfe6de99892e73940d3fdceaf68,2,3.2957581018518516,0.0,34.5,12.275
bbe87dce25ba8b38bb61cc7210a3f10b,2,6.258229166666666,0.0,143.5,34.195
bbf4a892cac7b82422baa711dffb8997,1,3.0054398148148147,0.0,70.0,35.34
bbf9ad41dca6603e614efcdad7aab8c4,14,13.931492228835978,0.0,560.4285714285714,55.44714285714286
bc07d855eac23aab5ac8a120f21d16b2,12,12.699539930555554,16.666666666666664,100.21833333333332,17.061666666666667
bc2ac6b95e1accce9858528ee566c17e,22,4.882892992424242,0.0,92.95454545454545,10.661818181818182
bc302730ea8cf49b5c74f579febb5bbf,11,11.243857323232323,9.090909090909092,240.0818181818182,26.297272727272727
bc30de0d71bd6260b936a026b5cf7200,3,12.237530864197531,0.0,130.79,30.16
bc39d8938f90a3a2b98193723ed59774,2,4.553125,0.0,153.4,11.155
bc47d5d1490df2b36add65d733eafaba,22,13.23846696127946,9.090909090909092,42.26363636363636,16.91181818181818
bc503e244f187939d10c92a5c8e378ce,13,9.832486645299145,7.6923076923076925,33.10076923076923,13.339230769230769
bc8c8d665ec4664d286be0d521722b19,1,8.033923611111112,100.0,22.5,8.32
bca9230d3bbb4efa51872bf605a2f1ad,5,7.055643518518518,20.0,23.514,10.126000000000001
bcc9dd23e2a8bd8267cf92b19304a1b9,3,22.54966049382716,66.66666666666666,67.59666666666668,14.476666666666667
bccf933e006e9b94a6184af782963e77,46,11.57500251610306,2.1739130434782608,90.49434782608695,19.227608695652176
bcd2d7510d58e293f20fad6438c1b314,1,33.19689814814815,100.0,23.9,15.56
bce6a5ecf98e99fd2a8868b15c51f04b,15,11.243800925925926,20.0,230.99333333333334,16.106666666666666
bd0389da23d89b726abf911cccc54596,90,13.493771219135803,7.777777777777778,83.024,18.403444444444442
bd0a1b0aadca9a83d9304f7e8ff5fbd5,4,5.896536458333333,0.0,37.65,13.6475
bd149ed516d4c5d418d5781f8e18919f,9,8.932146347736627,0.0,46.0,15.77111111111111
bd15ee794d5e640d9dd71b665b2ab15b,12,14.46503375771605,16.666666666666664,31.23333333333333,18.2775
bd1d49a326abfa9b1036772e40445430,13,11.991891915954415,7.6923076923076925,49.05384615384616,14.5
bd23da7354813347129d751591d1a6e2,87,9.830312899106003,4.597701149425287,111.54712643678161,15.91448275862069
bd43e172d599bed47a85da877172ca8c,1,12.473587962962963,0.0,23.92,18.27
bd4431c1a8dfa744b59e1e2a8bc99b9e,7,7.122043650793651,0.0,115.64285714285714,29.155714285714286
bd4889b5e9133b35b66e42a8665cea5c,42,10.212597552910053,0.0,149.33095238095237,23.443809523809524
bd4ff04377f974574f7f0bf9d6ce7dde,4,21.992728587962965,25.0,41.24,12.535
bd65d163ded559eb90a10cd09fec178f,2,4.471331018518518,0.0,9.9,9.34
bd697db56ff8e7c9cd1abeb7f72029b2,21,10.883916997354497,0.0,136.65666666666667,15.673333333333332
bdae679a9b282249bc23b9b69dae9a99,12,8.194706790123456,0.0,55.262499999999996,15.735833333333332
bdb3edbaee43a761e2d4f258dc08f348,5,11.946273148148148,20.0,51.9,13.772
bdf0d02d36a1d839d0c39c4a887cdd49,7,7.988988095238095,0.0,17.142857142857142,13.707142857142857
be1e9e378700cecaa4ebf71433d7915c,2,48.17583912037037,100.0,59.94500000000001,18.81
be3b4b0f050a6aa1b2d901c4b77e979f,8,7.576799768518518,0.0,72.27499999999999,19.44
be67f78487e2cecb0d55bc769709e4f5,1,10.03462962962963,0.0,102.0,23.64
be7a093e5b4d147b36b72bb1f9e415e5,1,5.3288773148148145,0.0,60.9,22.36
be8e909810184b9b19e886129149d8e5,15,15.356016203703705,20.0,41.99,14.415333333333333
be9a160a9011f627c3e121d076c1ec7b,5,14.817761574074074,0.0,411.0,35.024
beadbee30901a7f61d031b6b686095ad,68,13.541908700980391,23.52941176470588,64.32323529411764,13.78735294117647
bec568278124768c474ee90971ca94d1,2,3.4400520833333337,0.0,109.95,14.58
bede56095ba33c42038fb85f707b8a42,2,12.575914351851853,0.0,1986.95,105.435
bee36b4f9a2b9fdcaff6ec05df202ed0,1,13.397164351851853,0.0,16.9,10.96
bf00385a5f7fc1ef39a13c2e9ee50a5f,28,5.772894758597884,0.0,30.55,11.923214285714286
bf0045791395e66460eb04749c68672a,2,14.245839120370372,0.0,59.9,17.725
bf100ecb7997df312b285358fb32f92c,21,9.660422178130512,0.0,94.85238095238095,16.433809523809526
bf3c6d2a28b2b5501e6c15448982dcc9,43,10.611320790267012,2.3255813953488373,92.01162790697674,16.084883720930232
bf84056e679dbe9c69929847a40e338f,38,12.35544864766082,7.894736842105263,50.47578947368421,11.539473684210526
bf961104a38e01b9062ee026bb657dee,4,9.057149884259259,0.0,146.39,19.975
bfd27a966d91cfaafdb25d076585f0da,115,12.371912238325281,5.217391304347826,167.17391304347825,22.925304347826085
bfd938b22bc99bce1ae60dc602889f52,6,11.246290509259259,0.0,103.90000000000002,16.745
bff9deb0ec77d437f3305a79cf25529e,5,6.972201388888888,0.0,32.39,16.157999999999998
c003204e1ab016dfa150abc119207b24,200,9.686840162037036,6.5,124.52145,23.57085
c00396cbdd2e088fe4281baa5920aef1,3,12.10460648148148,0.0,277.47,24.48
c004e5ea15737026cecaee0447e00b75,1,33.83170138888889,100.0,2350.0,105.12
c0098efcf800861dcae589affca31408,9,11.417037037037037,11.11111111111111,132.14222222222222,20.82888888888889
c013e57c075a06e5b5c48ee03c525719,45,9.355028806584363,8.88888888888889,43.81222222222222,19.04688888888889
c026ef0d72e9132d9fa112308090c8dc,1,11.181145833333334,0.0,520.0,37.72
c03121937e54a93fcc1825c3098bbb6e,7,11.15910052910053,0.0,149.0,22.134285714285713
c04d70d515d15a7e3db3a73320598566,4,7.230824652777779,0.0,39.55,14.155
c0563dd588b775f2e37747ef6ad6c92c,28,10.860574156746031,10.714285714285714,132.04285714285714,14.195714285714285
c092292535a57dacd95a8765f5518f87,1,8.097824074074074,0.0,125.0,18.98
c0aff2da32c17759d30b22fb0af6649d,5,7.814456018518518,0.0,37.760000000000005,16.706
c0e0b73d039eb9a99b6ce4cb7a429cd3,1,4.986238425925926,0.0,29.88,7.68
c0e6839516f5398edc34adf5f1d53d1a,1,5.102037037037037,0.0,34.92,14.12
c0f3eea2e14555b6faeea3dd58c1b1c3,1,5.6671875,0.0,79.99,15.66
c0f783394e37cd9c9d7f5f81141450fa,6,13.170179398148148,0.0,41.56666666666666,14.558333333333332
c113b8df1fc375bc3d73d29c1b1144d1,5,6.676039351851853,0.0,66.6,13.574000000000002
c12b92bf1c350f3e6bf88d3596219c86,17,10.78250408496732,5.88235294117647,282.8694117647059,26.121176470588235
c12d7463a579237ffb9248bd7cff378b,1,11.243993055555556,0.0,25.9,8.72
c13ef0cfbe42f190780f621ce81f2234,1,28.063055555555554,100.0,390.0,61.28
c13fb473e7cb8b83ccd543c094df0608,2,12.762152777777779,0.0,27.4,14.36
c1552b1dab6e6f760950368ae61fb600,2,5.066215277777777,0.0,26.9,7.445
c157bdeedcbc9a8e3c8bf0d87ff24428,10,12.821667824074074,0.0,51.427,20.869999999999997
c161d1327ebc3a156c09582ab2f59f6c,2,3.5126793981481486,0.0,17.995,7.78
c18309219e789960add0b2255ca4b091,1,14.187407407407408,0.0,9.9,14.1
c1849d4d32d7a6cecd5aa471809d3135,3,5.419305555555556,0.0,129.66,13.910000000000002
c1d1ebb4745cc43cb6f05e9c8a705c9a,1,26.52927083333333,100.0,12.5,19.21
c1dde11f12d05c478f5de2d7319ad3b2,1,3.2347337962962963,0.0,12.5,7.39
c1ed9e3daf6154542826a6996af0fb8c,16,18.098057725694446,31.25,47.34375,18.285625
c1f12f926d0ba950578b4fa41115cbb6,4,25.440807291666665,25.0,119.9,19.24
c240c4061717ac1806ae6ee72be3533b,1,6.056956018518519,0.0,59.9,13.99
c24173065483e421f9e5e7f599de101d,9,15.815204475308642,11.11111111111111,41.54555555555556,13.033333333333333
c26a2be5b53b7db6b276280da212a779,18,13.558947402263374,0.0,415.6666666666667,44.825
c26ba52cf8d2f34915f2f6b7ffa0a3f3,3,7.716890432098765,0.0,35.82333333333333,12.916666666666666
c273175f7c6c80fb02f051e2fc6d0d72,14,10.586340112433861,7.142857142857142,84.87357142857142,18.23
c286ec035ee04ba81c97508f0b5df544,1,14.242025462962962,0.0,294.0,50.67
c2bda99904207edd1834f03e0022b007,1,12.421550925925926,0.0,39.9,7.78
c2d70ce2c5d0a2eb75e78668236e6dc8,15,8.098435956790123,0.0,164.72666666666666,15.267999999999999
c31eff8334d6b3047ed34bebd4d62c36,121,12.768233566727885,14.049586776859504,107.36867768595042,19.49785123966942
c3251e13f1bbda6c74e37c160f991e19,2,13.26116898148148,0.0,218.89999999999998,37.64
c32fc744b9160ac853450488e3cfea93,2,15.516493055555555,0.0,32.9,7.0249999999999995
c33847515fa6305ce6feb1e818569f13,128,9.561364474826389,4.6875,121.248828125,34.175078125
c33a5c3c983090c8b78a28e65052a20d,8,11.570222800925926,0.0,69.9,16.01625
c353f8fc0ce8344999f17d578eb69a5e,2,9.96112847222222,0.0,87.99,18.295
c35672b10ad50968f567ea3f4b91e877,22,10.144695391414142,4.545454545454546,52.29863636363636,16.58090909090909
c35affa65afd250151285c5917fc1c8a,8,17.26103443287037,12.5,597.49,80.605
c360e4787614ed31ac7a2f95d3b22dc6,1,12.66162037037037,0.0,188.9,30.05
c37b2059d4f90d4feead554e5246565e,16,20.022840711805554,43.75,52.45625,13.87375
c3867b4666c7d76867627c2f7fb22e21,241,15.219363906177962,11.20331950207469,143.84605809128632,19.474273858921162
c394e193cda3b4225ff2094d32184849,11,13.63089436026936,0.0,284.99,16.14181818181818
c398bc00a606d33758afd91f4e64fd15,2,3.7029050925925926,0.0,75.0,7.75
c3aad7dc65449ae90a5e9c3c6c1e78e0,6,7.48622299382716,0.0,85.0,21.72666666666667
c3acdfac4e3e97ff87529454fbc03642,12,11.161102430555557,8.333333333333332,1399.0,22.439999999999998
c3cfdc648177fdbbbb35635a37472c53,307,9.690750919893835,2.2801302931596092,140.22208469055374,19.803355048859935
c3e1abd72a42fe690fcd89cf5720fe29,13,4.309395477207977,0.0,138.35461538461539,12.997692307692308
c3e2398fcc7e581cda2e546557bf6968,1,11.835428240740741,0.0,14.9,15.23
c3ee2331a724e6fc02c4b698b57a73f3,3,6.240069444444444,0.0,449.0,46.96
c3f5668699a1b04c0fa61ecea1e2bff6,3,12.12863811728395,0.0,135.93666666666667,35.70666666666667
c3fe93ba3085f92855c97e57f38c8c05,6,13.222635030864197,0.0,36.5,16.363333333333333
c42fd8e4d47dfb18ce5222f2dd7752f9,11,34.291219486531986,45.45454545454545,42.45363636363636,14.694545454545455
c43d924a0f1688ee9fae0efcd6f539d4,1,21.502858796296298,0.0,29.9,15.11
c447f8dd3ed213f291d65ef074a268eb,8,12.454298321759259,0.0,81.875,15.27875
c458e2045a8aa8964f8879af03fdcce6,9,15.368130144032923,0.0,54.99,21.865555555555556
c4af86330efa7a2620772227d2d670c9,4,15.150208333333333,0.0,1349.0,91.24
c4d51195486dc781531876a7d00453d8,17,23.733787445533768,29.411764705882355,674.6458823529412,33.49235294117647
c4f7fee5b0db50e87766f5a4d1b1b758,5,11.528446759259259,0.0,552.406,30.538
c4fabeea6e569d42d02993bb1f4f1cbc,11,21.726757154882154,9.090909090909092,78.11818181818182,25.201818181818183
c4fb51fb1c5b7c07bc5e67be6e7e8f6e,16,15.85341652199074,12.5,97.99375,34.919375
c500367424994318b9e779ff1ae9a330,9,16.712573302469135,11.11111111111111,482.9333333333333,34.66555555555556
c510bc1718f0f2961eaa42a23330681a,12,6.957580054012346,0.0,845.0833333333334,59.20416666666667
c522be04e020c1e7b79f3acff36513d5,6,15.649359567901234,33.33333333333333,108.32333333333334,15.08
c52c644cc0dc85121207a27013efc6af,2,7.146863425925926,0.0,198.9,141.58
c53bcd3be457a342a97e39e5a9f0be22,5,12.383395833333333,0.0,101.9,37.218
c54679b132454625907c773d273d4126,8,6.140862268518519,0.0,129.0,13.491249999999999
c5e60e39c0f42b8e827daa13cff74afa,8,3.3866304976851853,12.5,16.75,11.137500000000001
c5ebe6598748b0aeaa61cfb820478b92,3,4.9036535493827165,0.0,99.0,13.39
c5f7e746b7e6d07def6c0dae9903279b,11,5.3981186868686875,0.0,129.9090909090909,20.901818181818182
c5f7feb04a6a1fb3596322bfc3cf1917,11,10.024396043771043,9.090909090909092,156.4181818181818,30.714545454545455
c60b801f2d52c7f7f91de00870882a75,39,16.103873160018995,20.51282051282051,289.65384615384613,17.90871794871795
c611f4ce9ce875bcc063fa97fd4d7d12,1,4.072800925925926,100.0,319.0,13.25
c6218512d16fcac0af02fe92691cf274,8,14.866530671296296,12.5,84.25,24.330000000000002
c6381b1321d7d97717a5bb4ed5b77882,3,4.495408950617284,0.0,22.0,11.336666666666666
c6381d2d013342748761e906d45aff76,28,16.966397156084657,0.0,72.96357142857143,20.40285714285714
c64a2aec32cc408a8a4c6d7c46017f91,9,21.510210905349794,0.0,357.94444444444446,45.18555555555556
c66dccfb3f109511246da627dd5a2498,44,11.345025252525254,4.545454545454546,276.87613636363636,21.471363636363638
c679fb69a36e1d8349e8c50a217b4d58,17,10.436830746187365,17.647058823529413,107.39294117647059,22.83588235294118
c68fb906c8f4b4b946d8386bfa6e5467,48,11.158594714506172,2.083333333333333,94.6075,18.592708333333334
c6a7539d424a8402232c2228d7a03c5e,15,13.75304398148148,6.666666666666667,40.5,26.254666666666665
c6bda72e4dbf5c5866b13cb1810c6d03,59,10.208053005335843,3.389830508474576,238.29457627118646,19.26677966101695
c70a353f02429c00775a46a75fb787da,6,6.758491512345679,0.0,40.333333333333336,15.823333333333332
c70c1b0d8ca86052f45a432a38b73958,336,7.6691412794863325,8.035714285714286,108.00342261904763,11.611339285714285
c714262700f93defc16bf17a51a4cb23,4,10.20859375,0.0,105.45,17.3825
c716e0b86ed568878475b60fbb6323ad,1,7.47505787037037,0.0,35.0,15.23
c7246702dc991a06d788120dc7544391,1,20.98670138888889,0.0,54.86,17.66
c72de06d72748d1a0dfb2125be43ba63,22,9.705412457912457,0.0,796.4545454545455,55.053636363636365
c731d18cea9bf687ffee82a241c25b11,26,7.650308493589743,0.0,140.84615384615384,23.486538461538462
c747d5b92c7648417faea95d36d763e8,1,12.949432870370371,0.0,139.0,85.75
c74f14c1e26cf1bd5bd34b6a1e274426,1,24.23091435185185,0.0,39.0,16.79
c76d418370990614e89e956c7a7567d9,2,10.554403935185185,0.0,152.62,32.265
c79151301b9d90985d1fa52879213105,7,8.649183201058202,0.0,38.15714285714285,16.62
c794dab4928dd97beb41d05514441e86,16,13.794497974537038,12.5,82.025,14.511875
c7a0a13cbcf29d5ce51c8f80afdc0b89,9,10.247235082304526,0.0,53.67555555555556,19.413333333333334
c7b7db6c8f3c64a7cc1afa634db21d50,1,33.21452546296296,100.0,1489.0,22.86
c7bb64409aa480bb7d0335faaaf3d242,4,5.879091435185185,0.0,24.4,16.89
c7c7b2682c648339a0e9846bb1023a39,3,8.459675925925927,0.0,56.0,10.56
c7dcd301ecfe5ab7f778ac172cf74be7,3,25.347723765432097,0.0,135.93,16.8
c7fdb77fdbff3c41981bc52f787e959e,11,17.778820496632996,18.181818181818183,59.86181818181819,15.152727272727274
c8025364abeecb115431bf95c11a747f,2,7.962546296296296,50.0,464.0,21.64
c8143b3069f6746a77421b5ce30a450c,1,24.404675925925925,0.0,142.47,43.41
c826c40d7b19f62a09e2d7c5e7295ee2,365,13.195016837899542,9.04109589041096,122.33709589041096,14.914054794520549
c840d3fdbba0790404fdae73d253b253,14,11.619641203703704,0.0,323.02,25.689285714285713
c8417879a15366a17c30af34c798c332,35,9.486715939153438,8.571428571428571,49.56285714285715,13.09
c84592044b180dec206770c38603814b,14,12.918706183862435,0.0,35.13857142857143,14.930714285714286
c8467937e403e76a8ee9f0ab13f6f5ef,33,16.679165614478112,12.121212121212121,56.17545454545454,17.846969696969698
c847e075301870dd144a116762eaff9a,42,16.810005787037035,9.523809523809524,363.0666666666667,26.016190476190477
c864036feaab8c1659f65ea4faebe1da,58,12.280721982758621,3.4482758620689653,180.2448275862069,31.820172413793102
c8660dcf9ba70575f45d80fe28c27713,7,11.137800925925925,14.285714285714285,47.857142857142854,14.855714285714285
c8665a4dd081a2c436b1cd921079d0d9,1,4.243194444444445,0.0,79.39,14.14
c8771b1a10bb99bb34d3c459c5cffb53,1,6.815891203703703,0.0,64.9,31.2
c878515173c84a492ebe50d6b493230b,10,15.808011574074076,20.0,111.88399999999999,18.92
c87abc38c8ed3240861729e1aeadf221,1,10.748113425925926,0.0,133.0,15.68
c89cf7c468a48af70aada384e722f9e2,14,14.189191468253968,7.142857142857142,53.214285714285715,16.143571428571427
c8b0e2b0a7095e5d8219575d5e7e1181,85,10.063569852941177,7.0588235294117645,143.1789411764706,17.49564705882353
c8b3445d737de6befde0c88ede534a5e,36,11.377567193930041,2.7777777777777777,87.47333333333333,18.104166666666668
c8c1bea22194a4eefa2dc9a9fa89f536,13,8.50494123931624,0.0,97.38461538461539,22.517692307692307
c8cc60ffd415254af5d9b9f34f32c369,9,4.984198816872428,0.0,80.24444444444445,21.558888888888887
c8e135e7b21ecbc36c1153a29d2f5a06,7,8.14822585978836,0.0,166.5,14.56857142857143
c963a25b8671419c6ce9eebe8fd03218,1,6.8539814814814815,0.0,49.0,19.32
c97aa4ee7420f937da13b7f9e2228b99,1,10.80730324074074,0.0,29.9,6.66
c990d6cf976a5718aaedc539f383ab88,9,21.001264146090534,44.44444444444444,20.344444444444445,12.816666666666666
c9a06ece156bb057372c68718ec8909b,11,11.487320075757577,0.0,349.90909090909093,39.36000000000001
c9aafcd0621b2207c10e32c649cada4d,47,9.011922773837668,8.51063829787234,56.83531914893617,17.389148936170212
c9c7905cffc4ef9ff9f113554423e671,139,11.062386923794298,11.510791366906476,76.67035971223022,15.176474820143886
c9d2ba8dde44a275ae06475ed1d2fafc,1,8.417430555555555,0.0,28.79,14.52
c9e5ad1f6647f5dbd1172adf6ae3cada,4,9.245217013888889,0.0,64.7575,15.2375
ca3bd7cd9f149df75950150d010fe4a2,135,13.791865569272977,2.2222222222222223,68.54422222222222,24.58437037037037
ca4b77513ac2040591b0d8fae6958380,15,7.591638888888889,20.0,118.16333333333334,13.411333333333335
ca5832c6960267b71041f74bb39e8b12,1,45.16071759259259,100.0,79.9,17.81
ca77545ca4d2dfd1431bf61334e2fa3c,10,13.283905092592594,0.0,76.0,21.371000000000002
ca7c6bd577e559472af1c699de9e764e,8,4.270792824074074,0.0,18.5,8.8525
caa9bc43a9fe8cf9c564ddd8a03cc4a6,14,9.10769427910053,7.142857142857142,57.419285714285714,16.705000000000002
cab85505710c7cb9b720bceb52b01cee,204,10.18005049473493,2.450980392156863,54.53235294117647,13.859754901960784
cac4c8e7b1ca6252d8f20b2fc1a2e4af,82,19.899524333785006,23.170731707317074,50.34378048780487,18.664756097560975
cac4e0bc1a3269fa2b6ea5e763f6115b,3,12.094972993827161,0.0,19.293333333333333,16.713333333333335
cac63f48c38cd7d002a7e846dcd99a23,10,7.2265243055555555,0.0,87.4,14.062000000000001
cac876b37d3abcd6bd76caca30277996,33,12.067220468574634,15.151515151515152,67.56878787878787,22.09151515151515
cad10cc982ab6a391570c211b995c17c,1,4.2977893518518515,0.0,47.4,12.79
cad9969167c09b48ae6f1d123f7fa68d,1,3.389236111111111,0.0,24.0,13.51
cb0b3bcf14e0a709df412a99424a59d7,2,22.21970486111111,0.0,230.0,23.715
cb162c8eef257253782d245c08d9097c,1,10.642743055555556,0.0,34.99,14.13
cb32766839f443db85c82a43c4a6c19e,2,19.473778935185187,0.0,117.0,15.755
cb3dd9ce66268c7a3ca7241ac70ab58c,50,13.811846064814816,6.0,55.766400000000004,16.407
cb41bfbcbda0aea354a834ab222f9a59,11,37.56390677609428,36.36363636363637,344.72727272727275,78.06
cb4a705d00e100b9732d0ca34817d441,2,24.12673611111111,0.0,499.0,41.28
cb5df0dcb9e280b1780e9d589889f2c7,12,20.691591435185185,16.666666666666664,134.57333333333335,37.82666666666666
cb5ff1b9715e99589f3e0c7a6afab9e3,4,6.08377025462963,0.0,21.25,13.5075
cb6c9f5888a7a090c75beaf615925792,11,10.160455597643098,9.090909090909092,70.8990909090909,20.825454545454548
cb810bd318f51b3dc3c753944d61a1fa,1,12.295810185185186,0.0,1750.0,39.02
cb8bcce248bb1fb274ba762d8b971456,67,12.572458022388059,1.4925373134328357,136.60298507462687,17.91179104477612
cb9fb4ca75d7ba8437480e8dde64fe98,10,9.250421296296297,0.0,53.214,17.342
cbbd5ae8f53de5f5097cd8217b529e24,1,20.768761574074073,0.0,175.9,32.26
cbd996ad3c1b7dc71fd0e5f5df9087e2,189,12.841035726533411,8.465608465608465,43.47883597883598,14.666349206349206
cbf09e831b0c11f6f23ffb51004db972,10,5.281611111111111,0.0,153.52,28.02
cc1f04647be106ba74e62b21f358af25,1,13.295810185185186,0.0,11.9,8.29
cc3d14116804f7209f3884f6367f1152,30,13.041336805555554,3.3333333333333335,182.59333333333333,19.426333333333332
cc419e0650a3c5ba77189a1882b7556a,1719,11.539753288410575,5.991855730075625,58.80800465386852,14.453769633507854
cc5a78bbad32776dc4e3af205218368c,38,7.63766904239766,2.631578947368421,112.34684210526314,34.320263157894736
cc63f0dd2acba93ffed4fe9f8e0321fa,63,9.015471597589654,0.0,112.64619047619048,22.221746031746033
cc80e2f693fa6e2408f47ccf62413fc1,2,14.152598379629628,0.0,210.0,44.315
cca3071e3e9bb7d12640c9fbe2301306,817,14.24264624133007,5.385556915544676,77.15441860465117,17.32361077111383
ccada0ef508e698917a6eab263375905,3,9.912824074074074,0.0,57.6,19.72
ccb83a794700270fde70898fe9ff368b,12,16.59214988425926,16.666666666666664,921.8333333333334,143.64416666666668
ccbd753e6863fe7314dc6c0ca5a074e7,1,11.860879629629629,0.0,495.0,101.56
ccc4bbb5f32a6ab2b7066a4130f114e3,189,15.853247415735842,7.4074074074074066,385.8556613756614,27.3789417989418
cce6ab8d1682639fe45ab70234f1665f,64,15.456308955439814,4.6875,38.1671875,17.76390625
ccf8813e5a7d6c84d865cd38bfc2b130,26,11.43051549145299,7.6923076923076925,101.36538461538461,15.991923076923078
cd06602b43d8800bd0afad514919d35c,52,11.95675013354701,3.8461538461538463,49.14057692307692,14.087307692307691
cd2169d9f31ff6fbb9ca3373b0c9e354,1,15.16494212962963,0.0,569.0,56.33
cd233f8bfa30ebfd651f47ee7d054951,1,9.33625,0.0,79.9,18.66
cd3d09fbe6e3e9ff0c0ac0c300e93ae7,12,11.708241705246913,8.333333333333332,54.25333333333333,19.099166666666665
cd52a8efd71af3336b14b5039b951cc1,2,11.198726851851852,0.0,55.9,17.15
cd68562d3f44870c08922d380acae552,129,16.78016392118863,20.155038759689923,140.46279069767442,16.745426356589146
cd6efc47efaabf134f8bdb654e10b4f1,32,8.499921513310186,9.375,129.9546875,18.7065625
cd843d4cf8ef32827de0396605163ba3,5,16.075208333333332,0.0,383.0,139.512
cda598c48d7c614bc1cad7d8ff6f0010,18,8.133234310699589,0.0,62.14444444444445,16.755555555555556
ce20a2ec1514c25e16f2b5b39bc818f0,7,14.636984126984126,42.857142857142854,41.0,29.861428571428572
ce248b21cb2adc36282ede306b7660e5,65,15.604850071225071,10.76923076923077,208.6183076923077,29.154
ce27a3cc3c8cc1ea79d11e561e9bebb6,151,10.078763643610497,1.9867549668874174,62.68509933774835,14.269337748344372
ce33c6211beaa8fef4cae8b52db39862,1,18.732430555555556,0.0,49.0,14.52
ce3ad9de960102d0677a81f5d0bb7b2d,1,4.042291666666666,0.0,158.0,16.21
ce4755084bc097113867e6454f8f5e52,1,6.389606481481482,0.0,18.9,12.79
ce616e1913288884e7742faac9d981db,22,7.6400873316498314,4.545454545454546,15.15,11.825
ce69a8021d18961dd2a40269b7c2c293,19,10.203286427875245,10.526315789473683,253.57894736842104,24.792105263157897
ce7d1888639e6fb06b2749cbfdac1ff7,84,14.191560433201058,8.333333333333332,140.4034523809524,36.698214285714286
cea729054f157f5870bdd321a958d994,26,7.258142806267807,3.8461538461538463,95.46538461538461,13.443076923076923
ceaec5548eefc6e23e6607c5435102e7,206,12.918996932308522,5.825242718446602,249.8940776699029,29.978398058252427
cecd97bc34ed8330bd4cd15713eda670,1,7.138460648148148,0.0,57.99,18.51
cee48807215b30a12ca2ca10ffb5f250,40,23.413385416666664,15.0,180.30575000000002,22.83225
cf1313c6e2c01c2f4b014f97db4bcd2b,5,8.240326388888889,20.0,63.14000000000001,16.259999999999998
cf2384dd2f1dddea3f838efed0945e65,16,14.251440248842593,0.0,131.34375,27.09
cf654707ed6a99f112c7ec3d6f314b8b,4,4.274947916666667,0.0,189.0,8.385
cf8ab1616079e2793aa29d524df01bb1,6,26.407038966049384,16.666666666666664,1599.0,72.92666666666666
cfa5ab0e4d3fc212fd0b3410e7081c62,20,14.077226851851853,0.0,239.0405,50.774
cfb1a033743668a192316f3c6d1d2671,179,11.871563599213738,10.614525139664805,70.44435754189945,18.777430167597764
cfd7ddab722b902f7ac5b5f3ba6d723d,13,6.172175035612535,0.0,260.38692307692304,51.77538461538462
cfe94489ddd337d1e29e12f2a7205d10,24,7.769785397376544,20.833333333333336,99.0,12.3675
d03698c2efd04a549382afa6623e27fb,21,15.604987323633157,4.761904761904762,422.16523809523807,37.102380952380955
d05ae8f7a5bd1d2a690a44cd079e4e27,80,11.235804832175926,8.75,165.55,14.270625
d06d019f72a04e5497a0b64190af170c,17,8.503113425925925,5.88235294117647,142.1135294117647,13.26529411764706
d0d70d21e2234dd7cd3cf63fe414148a,9,8.988106995884774,0.0,66.48888888888888,40.73222222222222
d101c6da914ae3d53f7bee42283f2fe2,16,13.837443576388889,6.25,81.0875,16.259375
d12c926d74ceff0a90a21184466ce161,97,8.551404519854906,1.0309278350515463,39.69360824742268,12.63298969072165
d13e50eaa47b4cbe9eb81465865d8cfc,68,4.972586465141612,20.588235294117645,104.01544117647059,12.272058823529411
d149de2f383552baea37a7198c2296ce,3,4.890138888888889,0.0,106.90000000000002,11.223333333333334
d1582f4043306e6b91afa6a8a884f898,9,12.108569958847736,11.11111111111111,110.0,14.657777777777776
d17f467e4bf608a510c20d82f4ba3b6b,11,12.06053451178451,18.181818181818183,269.43454545454546,46.13909090909091
d180e07dc1e58c31c3f0cd599dc4d945,1,7.997523148148148,0.0,58.8,14.16
d197aa8fbc64087f61984deef05f6227,7,7.261005291005291,0.0,74.1557142857143,15.937142857142858
d1a5cc844736958c11b8efab9a2b4c87,1,30.294270833333332,100.0,237.6,16.41
d1aa1ec0839dcab73a6161130eb1f94a,1,35.02212962962963,100.0,119.9,16.14
d1b65fc7debc3361ea86b5f14c68d2e2,40,9.065716435185184,5.0,285.32925,35.253750000000004
d1b9d4be4b6f9ebd85f8acd6745ba612,11,10.813234427609428,0.0,104.94090909090909,17.652727272727272
d1c281d3ae149232351cd8c8cc885f0d,239,12.459742610026344,8.786610878661087,112.27451882845189,22.510753138075312
d1c7fa84e48cfa21a0e595167c1c500e,12,11.879826388888889,0.0,96.33583333333333,26.77916666666667
d1ef48b38baca7e831711c4a0aeb398f,34,9.788525326797386,11.76470588235294,42.327352941176464,19.19529411764706
d20b021d3efdf267a402c402a48ea64b,102,16.661318877087872,17.647058823529413,38.45392156862745,14.75450980392157
d23019c84ffae2d5ef2270367b8605fc,39,11.277978395061728,2.564102564102564,748.8487179487179,70.50615384615384
d2374cbcbb3ca4ab1086534108cc3ab7,620,14.297114882019116,5.32258064516129,33.75164516129033,15.232596774193548
d2572f31e9023e9850ef986a636ff9bf,1,10.130671296296295,0.0,279.0,26.69
d25aa0aaacb370e912f8cf6efeba38b3,21,8.97365520282187,4.761904761904762,126.59285714285713,34.032380952380954
d263fa444c1504a75cbca5cc465f592a,1,9.542453703703703,0.0,399.0,45.07
d26aa40b90272d4843d63be7c1462c8d,2,4.590243055555556,0.0,76.45,12.26
d297f1055de2956aedfd3b04113dce3e,1,3.8065277777777777,0.0,54.3,7.64
d29ba1220fb8634fa3a107e54497b8a4,9,6.488707561728395,0.0,80.5488888888889,20.324444444444442
d2df77822373f19934e87694d8640767,2,22.154542824074074,0.0,77.95,20.25
d2e753bb80b7d4faa77483ed00edc8ca,15,12.741619598765432,6.666666666666667,88.04666666666667,30.282666666666668
d2f3e277560ed4c6361284429b00f037,7,8.06350033068783,0.0,45.792857142857144,19.15857142857143
d32e3909cfb714fb2a6cb092c85b9c5f,11,22.16738846801347,27.27272727272727,257.08181818181816,22.818181818181817
d354c38a7182125a748cb10474fe963b,19,13.120668859649124,5.263157894736842,78.96526315789474,15.440526315789475
d3674f271c91f824f82d24d92011f669,20,13.77093576388889,10.0,85.91499999999999,19.176
d36b07fd3c5088e477a72d1fccfe29d4,1,13.235810185185185,0.0,328.9,10.96
d379f449f2a3b271bc01c0782020f705,29,13.576246008939975,3.4482758620689653,152.5193103448276,37.12896551724138
d3891911c2feae53c52fea2bd14054e5,2,4.062760416666666,0.0,70.5,12.995000000000001
d3dcf0604eabf0224fbd5948b5e02f69,9,17.632256944444446,33.33333333333333,322.4777777777778,18.345555555555553
d3e7d37c0df9aef383f3f2a15b0dddfb,1,13.07738425925926,0.0,161.0,40.34
d3f39f05462b79a4562d35893a28f159,37,12.122399587087086,13.513513513513514,63.87567567567568,14.323513513513515
d4828feed4cda2cd9d6b37899a95a71e,1,13.50712962962963,0.0,39.9,22.21
d4910f1cdcfdabd48d6b316e395d4a23,12,6.035258487654321,8.333333333333332,95.57333333333334,17.92
d4a5e99e0dd915df64ba55a7fbd583fd,6,13.158838734567901,0.0,10.858333333333334,14.1
d4d99b60c4c94cd35acd502cec65dc8d,1,19.08181712962963,0.0,72.9,14.39
d4e12e7884759a14fa0f5f896c791cae,32,8.332578125,6.25,43.75,13.7396875
d4e4b5192cba4e0e66eb12a9d347239d,11,13.376001683501682,0.0,39.26363636363636,17.59090909090909
d4f117125b59ce73c3302f88ee40c458,17,7.728728894335511,0.0,46.07588235294117,12.665882352941177
d4f91e8be86b38da2ee35bc489645a9d,1,17.22824074074074,0.0,49.99,11.17
d4ffeb15b67e81ff9af2b4252d99fb7e,12,8.978477044753086,0.0,116.7,27.034166666666664
d50d79cb34e38265a8649c383dcffd48,70,13.15979861111111,7.142857142857142,185.8917142857143,27.603714285714286
d51e0a403fe2e689ece6c73359d96e12,25,12.963107407407408,8.0,295.2,25.902800000000003
d52cbce9845184537284a23c3bc3da0e,4,10.566354166666667,0.0,18.75,15.945
d558ebe531605a1285ab2b1bc3256dfb,3,9.418445216049383,0.0,236.33333333333334,24.41
d566c37fa119d5e66c4e9052e83ee4ea,73,5.8279721588026385,4.10958904109589,70.48904109589041,13.413972602739726
d57e18d5f73c7ccb7f7339b61166898d,63,9.040871546149324,3.1746031746031744,50.598412698412695,14.65857142857143
d58d521f3789def2e7a22715e0badd93,2,4.854195601851852,0.0,32.99,9.11
d594982fd877af63ace38ea1fca27c76,7,8.089442791005292,0.0,31.005714285714284,13.237142857142857
d598f929fc44e1e38678e7f47250ec04,1,11.235752314814814,0.0,69.9,37.4
d5b9a084373da994a6e37f732169a853,7,17.875863095238095,28.57142857142857,252.71428571428572,25.184285714285714
d5ba419e26d246a0719437cf37d9b46d,34,9.784910811546842,11.76470588235294,115.04411764705883,14.83235294117647
d5c530f4884a75ae0dba9c148718d278,8,8.279427083333333,12.5,31.61625,17.90125
d624126b9206f595fb3fbb6ba03b28a8,28,10.129005042989418,3.571428571428571,257.1,20.34642857142857
d63c73efd41eb002280e7ec831424edb,2,6.290329861111111,0.0,2799.0,84.29499999999999
d63f306de130e0391d38a792541723b8,1,3.3584722222222223,0.0,49.0,7.6
d650b663c3b5f6fb392b6326366efa9a,57,9.836265432098765,7.017543859649122,321.6824561403509,14.949298245614035
d66c11a9572221d92fbb8c4897db5f9b,16,8.548737702546296,0.0,48.535,24.23875
d66c305afaec317ebee552073a674429,44,10.057621001683502,2.272727272727273,93.78613636363637,25.2025
d673a59aac7a70d8b01e6902bf090a11,84,13.790570023148147,9.523809523809524,46.535000000000004,18.93595238095238
d6ab728cf30867cf3f1a2e216ae2f9b7,14,11.288458167989418,0.0,143.0,16.55857142857143
d6b1ce66b035a475f00c017792ff9769,108,10.171494770233197,7.4074074074074066,113.67962962962963,18.874814814814815
d6b664fa0667064c6d76394e7848d790,6,17.545335648148146,16.666666666666664,1013.3333333333334,54.056666666666665
d6cd01c59123df02fc226eadbadb5f89,1,18.50306712962963,0.0,69.9,16.25
d71d863e5ef30d94e440c11be17dcd8f,30,19.68345833333333,10.0,308.22999999999996,22.439666666666668
d73cbd89533ce8b041a9190241453ac8,3,12.21965663580247,0.0,89.56666666666668,16.863333333333333
d7485b33791774c36108f8c69602d48d,10,8.889136574074074,10.0,39.982,21.932
d7827b2af99326a03b0ed9c7a24db0d3,1,13.849085648148149,0.0,1455.0,101.7
d79e8478eed9999493990b44955fb22e,5,8.199113425925926,20.0,144.378,16.144
d7ab82074b5f1dfba46db123df101bff,3,5.662210648148148,0.0,12.89,15.1
d7b2377bae6ace1b11fc69a11900ac36,3,19.543175154320988,33.33333333333333,79.9,14.173333333333334
d7d517afce974cd491b8d52bb5b5b1fc,1,13.544733796296295,0.0,89.99,18.73
d7f1cfc638473be93baedbfd02208016,1,12.67605324074074,0.0,30.0,17.14
d85efbc8eff2b7adf524e2820569adc8,1,2.9467476851851853,0.0,55.0,8.29
d8b8f2cf9ff6ba0389072541cb42498c,1,12.159155092592593,0.0,149.0,20.01
d8bf0fc082fd4a77fc2e5679b6c00133,1,7.092939814814815,0.0,139.9,9.14
d8c7ba53e7e38711eaef8c2849d6d2e1,22,8.109704335016835,0.0,54.13045454545454,27.157727272727275
d8cf3b6a2151949f930d0252b180ec42,19,7.284440789473684,0.0,32.82631578947369,21.393684210526317
d8d9567d0bfb0bc7eb845a205ba42657,4,13.52205150462963,50.0,18.65,14.9275
d8dd176509baa37f359644d082bf7f7b,2,30.358559027777776,100.0,99.0,15.95
d90fe2229fee1a5da999ccd0c06c1667,3,9.816265432098765,0.0,150.0,22.30333333333333
d91fb3b7d041e83b64a00a3edfb37e4f,525,11.286405930335096,6.2857142857142865,76.05026666666666,17.25344761904762
d921b68bf747894be13a97ae52b0f386,77,9.97529761904762,1.2987012987012987,203.1922077922078,22.8312987012987
d93844a9c55ba7ce353388bcf849ea56,14,16.205006613756613,14.285714285714285,193.46428571428572,37.215714285714284
d93919c944be9cff128f6c9cb899eacb,33,22.92127034231201,18.181818181818183,80.80909090909091,29.009393939393938
d93b8458c6fe139d85cfa5eadbf55bd2,1,5.977627314814815,0.0,19.9,14.1
d9442042130b7fe579d1295f9f4a248f,22,11.436601957070707,4.545454545454546,35.098181818181814,15.403636363636364
d94a40fd42351c259927028d163af842,109,13.691236196058444,3.669724770642202,125.45688073394494,30.71165137614679
d94ba08b99bedd6a5f6c875ecc4a6fac,9,11.722884516460905,0.0,59.900000000000006,17.955555555555556
d97df38225e5abadaff1e72cb72b823c,28,12.152008101851852,17.857142857142858,63.42857142857143,17.9125
d98eec89afa3380e14463da2aabaea72,183,8.535790325844971,2.185792349726776,38.07939890710382,17.79661202185792
d9a84e1403de8da0c3aa531d6d108ba6,58,7.471924489144317,5.172413793103448,23.88448275862069,12.480172413793104
d9b00a97818674c7f8d8b1ef0e689679,1,2.203148148148148,0.0,69.9,9.18
d9bd94811c3338dceb4181f3dbc0c73e,61,7.769682187310261,11.475409836065573,113.29540983606559,12.640819672131148
d9c349beabc06aa6ff1c6d68b5e9e22e,1,21.02513888888889,0.0,168.1,37.55
d9cb0052a666de5308b32f32ad5f1b1c,3,13.012816358024692,0.0,77.3,12.863333333333335
d9cd369bffa979d1634f8e1318bf2f1b,3,11.24925925925926,0.0,226.0,22.27
d9d43faf741ceaa8da52fdbb81d9e0e3,6,9.54569637345679,0.0,26.833333333333332,29.131666666666664
d9e7e7778b32987280a6f2cb9a39c57d,13,18.99755965099715,30.76923076923077,55.57692307692308,20.299230769230768
d9e8c084b68fe958861d8f2c21202e6b,12,11.166696566358025,0.0,254.16666666666666,15.155000000000001
da03c298e3999e9d828591fc2179d109,5,9.086875000000001,0.0,157.54000000000002,10.956
da20530872245d6cd9d2f5725613c430,3,9.430412808641975,0.0,104.98666666666668,26.419999999999998
da2782c804606d2a5d8e1760dbb3e7ec,1,32.77846064814815,100.0,89.0,14.37
da3fede3469bf49b7293ce3fc45b294d,1,11.242916666666666,0.0,44.9,12.79
da6a60cc8cc724fe51be021ff8be779c,13,7.7056160968660965,0.0,56.060769230769225,19.676153846153845
da7039f29f90ce5b4846ffc0fcc93beb,18,8.862591306584362,5.555555555555555,69.94999999999999,13.580555555555556
da8622b14eb17ae2831f4ac5b9dab84a,1548,11.169686722413628,7.299741602067184,103.24087209302326,16.07875322997416
dace965ca58120f92f8d742a9fa1864b,8,8.051372974537037,0.0,180.25,16.471249999999998
daeb5653dd96c1b11860f72209795012,39,11.44094076448243,7.6923076923076925,47.797435897435896,15.09974358974359
daf565f087a52def0fd5c5825b3661bc,9,9.307821502057614,11.11111111111111,90.43333333333334,34.214444444444446
db1f0f7c7e5e87f40b62226f020bb297,3,9.605447530864199,0.0,19.669999999999998,21.573333333333334
db2956745b3a8e9f3785c99f34b5d25e,46,14.345947061191625,10.869565217391305,179.58695652173913,20.592608695652174
db4350fd57ae30082dec7acbaacc17f9,145,10.869059067688378,4.137931034482759,22.788413793103445,14.239310344827585
db46ca7bce82b11f7e247539271fc390,16,8.149848090277779,0.0,58.373125,13.493125
db6a4d4b5f1f5f98820ce6ce2619e2de,1,3.113460648148148,0.0,135.99,12.16
db7ed69a53aa9fb1c01930ba54a88bbe,1,3.9548032407407407,0.0,109.0,11.78
dbb9b48c841a0e39e21f98e1a6b2ec3e,118,9.954499470338984,4.23728813559322,60.90550847457627,13.401779661016949
dbbcfe2c8d026742134ac3e28ccde274,4,8.287314814814815,0.0,77.14750000000001,13.594999999999999
dbc22125167c298ef99da25668e1011f,417,11.405500294209078,2.3980815347721824,78.72690647482015,18.674892086330935
dbc51f5e45d654ecc16cb68e6817ecea,1,17.74240740740741,0.0,199.99,18.14
dbd66278cbfe1aa1000f90a217ca4695,99,9.060559062850729,6.0606060606060606,49.78686868686869,15.594646464646464
dbdd0ec73a4817971d962698f2fea022,16,12.651514756944445,6.25,399.0,111.925
dbec9a0a7efeff029d4d9dce7dc4cc95,3,11.927997685185185,0.0,390.0,39.53
dc120d932ddf9d4dfb6fd68beefda622,1,14.64236111111111,0.0,130.0,14.44
dc317f341ab0e22f39acbd9dbf9b4a1f,58,12.163011653895275,5.172413793103448,327.38620689655176,61.75396551724138
dc4a0fc896dc34b0d5bfec8438291c80,242,13.81114736378941,6.6115702479338845,97.75198347107438,18.562314049586778
dc50afafdfa325eadc890c7fa42a8f4e,4,6.205685763888889,0.0,106.05000000000001,14.32
dc64d75cc406bb0697be983831430e60,4,10.212702546296295,0.0,203.25,23.1375
dc7192adf8ba09569261f4a8d576afe0,8,6.3252575231481485,0.0,114.625,20.17875
dc8798cbf453b7e0f98745e396cc5616,43,13.68819175279931,6.976744186046512,40.30232558139535,12.23139534883721
dcb7367a92f5ffb89f1e2152ed260285,1,10.07724537037037,0.0,79.9,18.44
dcf3755cefcdc158ad0b7bdde51e871b,3,13.252658179012345,0.0,89.90000000000002,29.776666666666667
dd264199fc8b687ad029de7de6d760e6,1,18.080567129629628,0.0,87.9,20.7
dd2bdf855a9172734fbc3744021ae9b9,110,15.247500736531986,5.454545454545454,96.42727272727272,18.109181818181817
dd39ad39b5d3df33037e141c72497ba6,2,8.673096064814814,0.0,67.9,14.524999999999999
dd4d95ba2d15c071e6c695e2ef6ce169,4,14.406846064814815,50.0,437.0,53.6025
dd533b429f380718b70ad9922c294bae,43,16.80776754952627,11.627906976744185,52.20651162790698,25.37906976744186
dd5450b022b2d00a2145a66331e1aef6,1,7.1822337962962965,0.0,59.0,22.34
dd55f1bb788714a40e7954c3be6df745,37,18.751437374874875,16.216216216216218,190.31783783783783,17.82216216216216
dd58ee93286b0821565574c570e9e1dc,2,12.036979166666667,0.0,1474.0,37.655
dd7ddc04e1b6c2c614352b383efe2d36,142,14.815091451486696,14.788732394366196,64.4268309859155,20.257535211267605
dd88d13bea9e4c2bf47daf224f8141e5,1,5.675613425925926,0.0,458.0,29.38
dd8a29ce82d5c705ba932d81494600a5,2,8.930642361111111,0.0,102.875,13.75
dd9661d3cda1e6feb237f0c4d8b26f2e,1,18.197858796296295,0.0,174.0,16.98
dda37071807e404c5bb2a1590c66326f,1,16.582835648148148,0.0,199.99,19.28
ddd51ae8cda92f3995a51fc0f0f3eec7,25,7.034957407407408,0.0,33.708,11.0768
dde698c6d0bd24834c586e5111c2bba7,1,7.692013888888889,0.0,155.9,19.19
de09d00cfc265b8804c7df34075a68fa,3,6.152604166666666,0.0,261.3333333333333,14.656666666666666
de0c78824586e9a5f5f04fd84e25df39,16,6.352893518518519,0.0,155.58125,13.033125
de23c3b98a88888289c6f5cc1209054a,178,10.772300834893883,8.98876404494382,145.69477528089888,14.86623595505618
de66a66f2dd06bb9ec37aa96987466a3,8,14.724639756944445,0.0,44.165,14.4575
de722cd6dad950a92b7d4f82673f8833,377,12.76760370615974,3.978779840848806,146.2236074270557,25.597586206896548
de9727ca376d1be6ec121b110aa7954c,11,11.274775883838384,9.090909090909092,90.70909090909092,17.985454545454544
debe6615cd90cc0c2eac2b8988e1f628,5,11.604266203703705,0.0,55.7,19.106
dedcab67899479e4ea5dcc4eba47f587,2,5.555057870370371,0.0,42.0,10.82
dee656f0f566ed1aa85bd137c943f08f,94,12.480772754137117,5.319148936170213,66.08595744680851,17.77648936170213
df0f42bc4c2142eacf0eaf2cffd0cfbb,16,14.285758101851851,0.0,103.375,18.278125
df47da4ae86fa4db890d05aaf24e21d8,5,7.044877314814815,0.0,62.1,15.436000000000002
df560393f3a51e74553ab94004ba5c87,27,18.07669495884774,7.4074074074074066,127.0288888888889,21.115185185185187
df56d7b40d437f88407c5f78b63bc328,25,12.269970833333334,4.0,111.6512,18.4088
df683dfda87bf71ac3fc63063fba369d,1,189.86315972222224,100.0,39.9,16.05
df91910b6a03bb2e3358fa6a35e32f6f,13,9.194750712250713,0.0,161.0153846153846,27.924615384615382
dfa0c4c6229ab200a4a1336b4d7128ff,86,9.643763727390182,3.488372093023256,55.54767441860466,20.54779069767442
dfc475d54e1b6dbeeb7d7d9bdaa63827,20,12.990609953703705,5.0,85.4185,20.688
dfc5fb7259bb2b599ca565e6e9448f0f,34,14.346329316448802,5.88235294117647,180.13617647058823,21.216176470588238
e00d85ce20ea50c1224c66ca5050527d,1,2.049375,0.0,149.0,8.3
e0482f2c769468c3bbcd8a01e09d98c5,1,5.906377314814815,0.0,189.0,45.4
e0487761face83d64fcada2408959a36,2,3.5394791666666667,0.0,24.625,7.4350000000000005
e067ad2c1c0b48758eb1b5228bcf7a68,61,14.490808477534912,8.19672131147541,82.66475409836066,16.481311475409836
e06f09ec0a4aca210779cf1cfc63cf19,31,15.057558617084828,6.451612903225806,170.30612903225807,20.061935483870965
e0878efa0e0b7e5313ac0b43bc04c081,28,18.215729580026455,17.857142857142858,179.47857142857143,18.46892857142857
e09887ca8c7bf8a4621ce481820414ef,3,42.05988811728395,33.33333333333333,26.656666666666666,14.866666666666665
e0a366315b1b726b6c7832d664c0f530,51,7.462383578431373,3.9215686274509802,145.09980392156862,14.609411764705882
e0a3c37054ade6478d923a6efc10f308,2,7.835486111111111,0.0,109.9,17.59
e0b162a693bc7f9eab00f783a31d60ea,1,11.088877314814814,0.0,20.0,29.69
e0eabded302882513ced4ea3eb0c7059,8,11.449202835648148,0.0,122.30000000000001,17.34875
e1643dff33666ca629e3644c02738179,3,4.555775462962963,0.0,56.666666666666664,9.77
e1b12447a7563944843191754aeb5562,10,16.06223726851852,30.0,47.246,12.667
e1bed63d68ac36fe1f3061befe196af5,1,8.606180555555556,0.0,199.0,18.0
e1c76f339ebd5460999f25a2aa8c92c5,1,29.84170138888889,0.0,899.9,28.8
e1dc0754bada9ee4cfe9713f22f61292,12,8.281831597222222,0.0,73.75,22.064999999999998
e21a1e8be4715b0fcfd5385643bc49c4,23,16.574562701288244,0.0,29.291304347826085,19.761304347826087
e24d3429d294b2eb200b064ebb035879,22,7.71035563973064,4.545454545454546,85.39,16.914545454545454
e24fc9fcd865784fb25705606fe3dfe7,55,12.645286826599326,7.2727272727272725,232.14545454545456,18.412909090909093
e250d617a0ad591ba9bd663e584a895d,20,8.09330787037037,0.0,45.206,15.0395
e256a62e0ac58c0edfba09966142d561,14,8.297404927248676,0.0,105.29357142857144,23.96
e26901d5ab434ce92fd9b5c256820a4e,215,9.298153585271319,2.3255813953488373,53.96046511627907,13.395953488372093
e2a1ac9bf33e5549a2a4f834e70df2f8,5,12.335252314814815,0.0,2999.89,40.222
e2aee0892199b1d92530e371abd825bf,39,14.986155033238365,12.82051282051282,138.27615384615385,64.51564102564103
e2c92f9c1c7746d899d18f2e158bbff7,12,9.151562499999999,0.0,136.82500000000002,26.2
e333046ce6517bd8bb510291d44f0130,74,10.002230355355355,5.405405405405405,98.21621621621621,19.34216216216216
e38db885400cd35c71dfd162f2c1dbcf,32,12.689117476851852,12.5,64.5875,20.9609375
e3a386fc36e22064434e1fa256f6a9fa,17,10.55469975490196,17.647058823529413,46.699999999999996,14.897058823529411
e3b4998c7a498169dc7bce44e6bb6277,1,18.740069444444444,0.0,6735.0,194.31
e3d3b3efac954a60d61be70b7e05b49b,3,11.115142746913582,0.0,427.34999999999997,41.26
e3dd723429d1b23614b7fa85e2c7a853,8,13.411779513888888,25.0,58.881249999999994,15.82125
e3e290b38963293022cdcd6db8328103,3,9.766523919753086,0.0,45.23333333333333,15.446666666666667
e433f5fd4050e3352b5d83522b7fe24b,1,7.448333333333333,0.0,548.06,48.71
e439f7176d763f92de325271111b2fd5,6,9.92680362654321,0.0,220.15,37.800000000000004
e45edf75f568ed2f93f78d060e246e25,7,12.007012235449736,14.285714285714285,23.471428571428568,16.274285714285714
e48b04bf1aa1ef711caebeb7aede6180,25,10.544004166666666,0.0,127.48400000000001,25.8252
e48cc16ab70bfa09e1401740dce0b3d7,17,14.658911356209149,11.76470588235294,63.813529411764705,19.194117647058825
e49c26c3edfa46d227d5121a6b6e4d37,35,11.653800595238096,0.0,103.55285714285714,32.60885714285714
e4ebd3f87bf70440014f07ddda7fbe03,7,17.889925595238093,14.285714285714285,95.92857142857143,16.537142857142857
e4f121bf6ef8b9a1d4d3e65dd0473fab,2,21.336834490740742,50.0,35.0,18.23
e4fc40017a6d22c46a14ac2e17f87c3e,1,10.291921296296296,0.0,129.0,41.29
e503f22be6a4f456d9851920a5d9c670,2,5.669965277777777,0.0,99.45,16.22
e504a4e2efaa45cbff7e268a2c58c956,11,12.567527356902358,27.27272727272727,98.9909090909091,21.89090909090909
e51f22821f0c12a16ad5c020cdcd55e9,4,10.324129050925926,0.0,224.6775,24.5325
e53d5b9b29d1218281f4a907ada18626,5,6.857546296296296,0.0,70.134,26.65
e546117ed9cafbc40239c0c78635c584,2,6.369074074074074,0.0,228.0,14.17
e5475dcab1e07b63d7f6e902d8f5eda8,19,9.57444018031189,5.263157894736842,115.36842105263158,13.222105263157895
e5545d4d4473876ea78c5bcebca365c3,1,5.198229166666667,0.0,44.5,12.97
e560e4022d8f7aebf155db95946c5c0f,2,10.134334490740741,0.0,390.0,45.105000000000004
e5899683388855d3dabe8913bbe365de,3,7.7213618827160495,0.0,150.96,26.993333333333336
e58a5b390e28abc0b216cfb0e07d27d7,7,7.598201058201058,0.0,146.0857142857143,20.66142857142857
e595809a6c31ec4314fd06ef198c244d,1,15.85357638888889,0.0,39.0,18.23
e59aa562b9f8076dd550fcddf0e73491,82,13.709238510614272,8.536585365853659,374.5890243902439,26.342317073170733
e59e489e2ea74bd409b798b5daf49de3,5,14.799812500000002,0.0,99.0,17.352
e59e575a175fadcadf8479e191770425,1,5.350474537037037,0.0,199.9,50.98
e5a3438891c0bfdb9394643f95273d8e,247,15.375952401034638,18.218623481781375,30.56663967611336,13.282348178137651
e5a38146df062edaf55c38afa99e42dc,124,12.23224602374552,8.870967741935484,123.15233870967741,15.205967741935483
e5bd51692380fd8cabb19b756b95e714,2,33.66361689814815,100.0,39.9,12.975
e5c84227854980f1db19a58958c551d9,4,10.187983217592592,0.0,18.2025,17.2075
e5cbe890e679490127e9a390b46bbd20,2,5.923854166666667,0.0,454.495,14.36
e5d4b2b0c3bca22085f7a19a28de0c42,4,12.684464699074073,25.0,51.45,15.94
e5def42655b7490edac5a56fe8e9e603,1,5.83462962962963,0.0,129.9,11.52
e5e33c0d8e7e002f398f5dc4cbbb338f,27,11.95087791495199,11.11111111111111,240.55185185185184,27.62777777777778
e5f9e61ceb5f523cc966e0f34095032f,4,20.252138310185185,25.0,559.5,28.86
e601b04acf48b4576e73ddca9481f0dc,16,7.197291666666667,0.0,30.74625,13.1875
e603cf3fec55f8697c9059638d6c8eb5,10,6.657634259259259,0.0,27.0,17.299
e627629ba868740e287800f1a9be81c2,11,6.900215698653199,0.0,30.64545454545454,9.96
e62b2d6ac10570a035a30bafcf01d263,71,14.706772463484612,15.492957746478872,75.21676056338029,14.578591549295774
e63e8bfa530fb16910dd6956e592bb81,42,9.344903273809523,4.761904761904762,30.54285714285714,15.366904761904761
e644cbadf7eeb30d0d29f335ce7d52ec,9,6.943683127572016,0.0,85.43444444444444,17.90222222222222
e64882b4ef12aee8d0faca4db5b681f4,2,25.008819444444445,0.0,115.0,21.61
e64d65bc8dbec2accda90c58de5d1246,12,13.493086419753086,33.33333333333333,139.9,18.43
e64ddbe1cbcf4f2fc3092b7c481f3f9d,1,5.512708333333333,0.0,20.9,7.39
e6a69c4a27dfdd98ffe5aa757ad744bc,23,10.26631793478261,0.0,22.109130434782607,11.992608695652173
e70053bf73d1b5863932e53a9fa47496,7,13.455330687830687,0.0,575.0,19.082857142857144
e72b4feb7abe210c52aa667abc25a3a2,2,4.149236111111111,0.0,19.1,8.72
e732329483fd5f27367dd997b47f598a,1,12.152314814814815,0.0,109.9,34.57
e73bf2cea7fe4b0b4d287a7568ed1099,5,4.831981481481482,0.0,147.54000000000002,20.026000000000003
e76ecc7e9a1a1e3c6df9d2a8261c423d,1,12.457060185185185,0.0,20.0,14.1
e7d5b006eb624f13074497221eb37807,63,10.946910089653144,3.1746031746031744,55.22111111111111,11.76968253968254
e7df4cd29ab5abab70fb0783ddb53987,24,10.348889371141976,16.666666666666664,400.3625,17.22375
e7f3bf1ecd8526eb7f3b18059e6716e5,18,8.862104552469136,0.0,76.78,14.487222222222222
e819bcfade7b5d88a27325eb6cfd62c5,11,8.968803661616162,9.090909090909092,18.44545454545454,12.304545454545455
e81e1f9c3e762e620f3fb60a51499e16,18,30.89604102366255,11.11111111111111,248.11055555555555,28.52777777777778
e82de6494d91d3c4c54450f59b227a94,3,18.68153549382716,33.33333333333333,39.63333333333333,12.933333333333332
e83c76265fc54bf41eac728805e4da77,8,32.602546296296296,12.5,29.662499999999998,12.39875
e83e93b71371817b11d78a63ff156aee,3,18.48874614197531,0.0,95.33333333333333,29.12666666666667
e84ad2127668df3aafc6b73531a0beb8,23,9.707826590177135,4.3478260869565215,42.91304347826087,12.466521739130435
e88165a185134e13fdfc85d4fa654db8,2,9.153582175925926,50.0,54.0,20.61
e882b2a25a10b9c057cc49695f222c19,58,9.458802681992339,0.0,880.3024137931035,49.2451724137931
e883aa812c37a7413226856f4579fe91,29,9.995614224137931,3.4482758620689653,141.2793103448276,15.77103448275862
e88c9b79e592e370d6bd852eeefbf057,9,8.4257137345679,0.0,27.985555555555557,15.79
e88f7a2995ba184710d339c5c4bf2e30,2,10.833229166666667,0.0,125.8,17.955
e89c4adbe7b1d0819dbb636e16461cf1,25,14.787526388888889,12.0,127.25200000000001,18.194000000000003
e8a85b5f3df47be0984c55fd4064dbb4,14,10.408761574074074,14.285714285714285,53.07142857142857,15.927857142857144
e8b3a3a38279a82f0e5d006d5e5b7d2c,85,16.894898420479304,4.705882352941177,138.38117647058823,19.362470588235293
e8b4225284fbb02d16f200513f1f395d,30,10.22229050925926,10.0,187.954,42.466
e8dba4d70f7f2b20e775d09cae01142d,9,8.808996913580248,11.11111111111111,95.10111111111111,19.608888888888888
e8f6dc8e6a1dcde89d20e3995c8d90b3,44,12.729811395202022,6.8181818181818175,48.83500000000001,45.836363636363636
e8ff5a6ceb895583033fc2a0f314e3c2,1,3.1886111111111113,0.0,139.89,19.08
e908c0f3646e8b60375734a350d95d71,1,27.108946759259258,0.0,2951.0,58.53
e94b64dc6979b302a5a5be1662c83bb6,2,9.009612268518518,0.0,153.445,15.870000000000001
e9511df20ccd82658a30c37b7fb343af,30,9.655261188271604,0.0,69.88666666666667,24.216666666666665
e96498ed8daaa3e9c23f7a62da76591c,34,15.198311887254901,14.705882352941178,282.9144117647059,20.973529411764705
e9729944ba65dc3ce425e0c5a22ae7b2,4,10.139742476851852,25.0,229.175,15.4325
e9779976487b77c6d4ac45f75ec7afe9,738,9.849296302569508,7.452574525745257,57.22180216802168,13.525216802168023
e9874ae10b2d60d43917b6bbfa13a599,1,6.675798611111111,0.0,199.0,23.1
e99e927c81e3f51739c94fcdfca9f10f,24,13.993323206018518,16.666666666666664,108.24374999999999,26.628333333333334
e9b6c33b71b67737693b4cfa68341c8d,1,11.771851851851851,0.0,119.9,21.49
e9bc59e7b60fc3063eb2290deda4cced,260,14.569640357905982,12.692307692307692,129.01419230769233,17.456653846153845
e9c2dc0dd4ac38448289be644ac94f42,3,5.392226080246914,0.0,39.46333333333333,18.74
e9c6969d40e6a3d2d0f90013165c2b98,10,9.087366898148149,0.0,523.9979999999999,24.2
e9d99831abad74458942f21e16f33f92,149,12.633741688416604,10.06711409395973,33.036778523489936,13.37973154362416
e9e446d01bd10a97a8ffcfc4a3a20cb2,3,5.304830246913579,0.0,17.05,7.39
ea00f977a203ff88adf7057cb7806998,18,5.417617669753087,11.11111111111111,21.20722222222222,9.793888888888889
ea1776927851da2532aa70d6a32c095a,2,8.655138888888889,0.0,141.95,19.09
ea3ebea5317b0efbc663ecc8ce5e9bc2,3,9.390617283950617,0.0,99.90000000000002,19.216666666666665
ea4e9ce63a2134743b4a92777437fcdd,4,9.196814236111111,0.0,79.15,16.425
ea566164622c6b439516ab18062c42cd,52,14.229441773504274,23.076923076923077,198.2580769230769,16.51076923076923
ea65d8b58316a6f2362f2a9e4b3e86ad,16,10.165203993055556,0.0,128.8375,14.42625
ea67327e24487bdfac5fbfa37ea124df,34,8.646847766884532,2.941176470588235,183.82882352941178,27.355882352941176
ea6b12bf9ffe2bac34602ec631d97a47,9,16.563964763374486,0.0,116.36666666666666,17.209999999999997
ea846a0e7ad98a741783e886d89dfa44,3,11.23332175925926,0.0,45.666666666666664,18.419999999999998
ea8482cd71df3c1969d7b9473ff13abc,1188,13.315562346068711,10.353535353535353,30.889528619528622,14.555446127946126
eaaa46e98c9e61f6764dd1d7a2ab8b3e,1,11.097199074074075,0.0,98.0,27.64
ead2bab70821ea148476ae9bc08548ac,9,7.322022890946503,0.0,45.78888888888889,12.91111111111111
eae9af4811c294c56795d70e715b7337,1,2.8439467592592593,0.0,15.9,11.11
eaf6d55068dea77334e8477d3878d89e,3,6.129313271604939,0.0,17.0,11.003333333333332
eb1bf309f4f6af9a97e9ddac3fdbeabe,1,8.489652777777778,0.0,22.3,8.88
eb3071b9f0b0ddaa2df5ea130f09f26b,11,8.616855008417508,9.090909090909092,566.3636363636364,52.85636363636363
eb4a59a06b3948e851a7d7a830bcbc42,1,11.078020833333333,0.0,32.0,21.15
eb4df17aed01d918c65f0f8d650900c0,11,12.899521254208754,27.27272727272727,339.98818181818183,16.87181818181818
eb5b6204dde3a6e03b5f1bb8479f055b,21,10.567783289241623,4.761904761904762,21.53333333333333,13.10142857142857
eb72802c83dc7547529c9546d1a9b8ef,8,6.2112832754629625,0.0,132.99,14.713750000000001
eb9267cccc90f1b49c8d2f9887c7dd97,1,7.810868055555556,0.0,319.9,26.37
eb9cd5b35d95206585e2185318cb5c61,3,16.94048611111111,33.33333333333333,183.33333333333334,20.516666666666666
eba88037e1dca898cd02881f67ced679,6,11.49054012345679,16.666666666666664,139.68333333333334,15.578333333333333
ebd1417732defaf66c50b5a800eb293e,1,6.121712962962963,0.0,309.0,16.33
ebd2d60905fb58271facef5596b620d3,85,12.877629221132898,3.5294117647058822,90.74141176470589,19.26329411764706
ebe3dabc4955c9b0d695e7bda38bf5c3,1,23.45189814814815,100.0,55.0,11.89
ebef8d8c92b4fd3226e5d407bbff21ac,3,40.11726851851852,33.33333333333333,84.56666666666668,16.12
ec21206b7894c503788a684a7bc822a6,1,8.111898148148148,0.0,75.0,17.78
ec2e006556300a79a5a91e4876ab3a56,6,13.50111689814815,50.0,12.9,8.055
ec4608a1f76453166bb312b2968aeaf4,29,14.118924808429119,20.689655172413794,33.40724137931034,30.846551724137928
ec5c1d94df153d473b37f880977ae58e,3,11.67219135802469,0.0,66.55666666666667,28.02333333333333
ec80e49e69745ab6c14f984bf2149423,12,12.847035108024691,16.666666666666664,309.0833333333333,15.6925
ec8463980a4e0ea9f8517aea1ed0c419,8,13.354114583333335,75.0,29.9,14.844999999999999
ec8879960bd2221d5c32f8e12f7da711,35,16.495119378306878,17.142857142857142,113.07142857142857,22.821714285714286
ec933281fb017b5020d06df29c3f77e8,8,9.476841724537037,0.0,179.0,28.85625
ecccfa2bb93b34a3bf033cc5d1dcdc69,16,35.13316116898148,25.0,70.05312500000001,13.279375
ececbfcff9804a2d6b40f589df8eef2b,103,13.07182926555196,9.70873786407767,65.18592233009709,17.80883495145631
ed4311e67debd72b8610a5347a743087,26,8.01346688034188,7.6923076923076925,139.84615384615384,27.185
ed46f1eb4a638113deb2a1137b5f22e9,4,7.358561921296296,0.0,867.5,54.17
ed49da7cadefc454d6a67de249eab240,1,7.191886574074074,0.0,21.5,8.72
ed4acab38528488b65a9a9c603ff024a,40,9.192540360873695,2.5,318.98625000000004,15.257750000000001
ed859002ad59dbf8cf3602696a6c3000,11,22.08494212962963,0.0,187.62727272727273,20.494545454545456
ed8cb7b190ceb6067227478e48cf8dde,17,7.24697848583878,5.88235294117647,33.73529411764706,14.277058823529412
ed9eef5be0992d413d251fadba1a410d,9,10.35042824074074,0.0,44.9,15.915555555555557
edb1ef5e36e0c8cd84eb3c9b003e486d,174,11.709806034482758,7.471264367816093,454.8557471264368,22.33471264367816
edb58a1390adf273840030a3d6253829,1,5.503541666666667,0.0,39.9,18.38
edb65fe661681b1c0de8bd47c8655855,1,14.114236111111111,0.0,69.0,15.24
edc518ba25576a0188a0e8f2c3af186f,8,6.722728587962963,0.0,205.92374999999998,32.769999999999996
edd066cd02126d7800f9b66e980e9931,6,11.897121913580248,16.666666666666664,164.61666666666665,31.03833333333333
eddd1991bd6d9309995a480c39b95137,2,14.754149305555556,0.0,300.5,35.775000000000006
ede0c03645598cdfc63ca8237acbe73d,47,18.401936071710008,34.04255319148936,50.045744680851065,15.070212765957447
ede2977fbaf3738583170735ca403f6c,1,14.979814814814814,0.0,289.9,37.35
edf3fabebcc20f7463cc9c53da932ea8,1,21.082037037037036,100.0,219.9,24.12
edf96ef93ed595084bbcbd9224bd2894,28,13.671427331349207,10.714285714285714,134.17857142857142,21.742142857142856
ee27a8f15b1dded4d213a468ba4eb391,1,11.955023148148149,0.0,6499.0,227.66
ee2fbacc2fc3794e656cc4d933d59ce7,3,6.7134375,0.0,154.99,17.91
eeb6de78f79159600292e314a77cbd18,83,12.113948153726016,3.614457831325301,524.2269879518071,36.09698795180723
eebb3372362aa9a46975164bed19a7e7,4,52.582190393518516,50.0,73.99,14.6625
eec3469d83e142f9a104886655338c37,4,9.977416087962963,0.0,46.425000000000004,13.685
eed78ac17f7f795a19a709745f00cd4e,56,9.831139839616402,0.0,77.66964285714286,15.113214285714287
ef0ace09169ac090589d85746e3e036f,139,12.556171063149481,7.913669064748201,115.86618705035973,16.542302158273383
ef2fbc2b607d8492bcffe657a4645434,21,6.999620260141094,9.523809523809524,43.852380952380955,16.838571428571427
ef30892870c278497523264be1be2241,9,8.079983281893004,0.0,87.02222222222223,12.148888888888887
ef506c96320abeedfb894c34db06f478,332,13.33943067408523,8.734939759036145,28.78463855421687,15.338253012048193
ef728fa1f17436c91ed1ccd03dcf9631,4,4.545859375,0.0,32.175,14.53
ef990a83bbea832f36ebe81376335aa8,44,16.851660090488217,25.0,105.5134090909091,20.787499999999998
ef9952469137ff190bacafe117f51537,5,10.250847222222223,0.0,200.53199999999998,16.788
efb628aa07c8ca93d7db0d85b91a4f5a,1,25.588310185185186,100.0,204.0,58.1
efcd8d2104f1a05d028af7bad20d974b,50,10.232507407407407,2.0,47.6958,16.8062
efff9341f3f8f5237b44ff67ed36a7bf,5,11.931902777777777,0.0,174.598,19.932
f00e21b1e91a79653163b7fd8f293ff1,31,12.971604316009559,3.225806451612903,125.80935483870968,18.418387096774193
f00f5b35d0abcacbdd863672f4bb2c1a,1,12.155833333333334,0.0,299.0,14.43
f021c962aaba8ef6eb527a9c2c8394d1,5,8.171310185185185,0.0,879.7,27.074
f049a72cf58fd31b11f8919cade515e7,4,3.9809953703703704,0.0,34.6875,8.06
f0837c8d71434931d9e38e7b79234797,23,11.724380032206119,4.3478260869565215,149.86521739130436,26.19391304347826
f08a5b9dd6767129688d001acafc21e5,18,19.10467399691358,22.22222222222222,781.6461111111112,27.561666666666664
f08c008c8a8d31417763738a1788a2a8,21,19.12531525573192,14.285714285714285,57.71047619047619,18.67047619047619
f09b760d23495ac9a7e00d29b769007c,1,24.0575,0.0,21.9,17.19
f0b47fbbc6dee9aafe415a6e33051b3f,85,10.350161492374728,9.411764705882353,44.31670588235294,15.540941176470588
f0e103c63864d5405b958d984b6e94c9,11,8.819280303030304,0.0,86.51818181818182,13.610000000000001
f0ec78809fe0bc3edb11c9fe5b97b059,2,9.34699074074074,0.0,31.299999999999997,11.829999999999998
f114dca2828bf718548db175ebe2cfcd,1,10.483483796296296,0.0,139.0,13.99
f1198c871e0171278b63f40d112caeec,2,11.401388888888889,0.0,237.9,41.135
f125f3a310c2e5f822d116147de1e474,22,14.03916245791246,9.090909090909092,125.51818181818182,13.085909090909091
f12d3c2a14729ae461b920c11fe20fdc,11,4.866111111111111,0.0,33.13181818181818,8.624545454545455
f12ff17ad8bbf01ec5c33b17e506649b,28,13.791368220899471,10.714285714285714,217.89285714285714,22.424285714285713
f18112da765e0971ca5d510dec322bdd,2,17.898136574074073,0.0,163.9,41.475
f181738b150df1f37cb0bd72e705b193,37,9.138639889889891,10.81081081081081,149.45135135135135,29.81216216216216
f19516b9ff26bfeb091b30108db4ddbd,3,10.648128858024691,0.0,54.23333333333333,18.84
f1b854361f4e15d5851b494df66f22b2,4,7.6084606481481485,0.0,292.2,76.61
f1b93673502375d491780bb49d615dbc,10,12.992782407407407,20.0,263.893,32.035000000000004
f1c1ac3f3efc07e659c035008e615e66,9,12.648045267489712,0.0,254.99555555555557,23.857777777777777
f1ce5fdecd64935c28b9ff932751d0dc,2,10.23626736111111,0.0,79.0,11.265
f1ed6bd0a9b11b581f16c851c6a5a527,18,21.104895833333334,5.555555555555555,90.15388888888889,20.767222222222223
f1fd5ab1181f827ffad998c1a5de7d74,15,9.45754938271605,0.0,469.73266666666666,55.464666666666666
f1fdf2d13186575751aa25876536d85c,1,6.141400462962963,0.0,26.3,8.29
f205b1a3ca9a34e0f8a228bae6e4c7b3,8,8.596142939814815,0.0,136.0,49.6125
f214d28e8d8e3ef068748498ccc2f813,57,10.173526843729695,7.017543859649122,37.7619298245614,13.779122807017544
f22a247b79dd22ecd91dc8e3b2a1b07c,8,18.033972800925927,25.0,54.9925,16.8625
f2336e113377dd21c744d9c4fc8293a9,4,20.24722511574074,0.0,890.75,49.769999999999996
f235413f677777a0738ff215d0184901,2,6.278344907407408,0.0,595.99,27.915
f25e239052084705e17a982bc600ab2a,8,12.39517505787037,0.0,922.5,50.685
f262cbc1c910c83959f849465454ddd3,204,8.951072871278141,9.313725490196079,49.9993137254902,12.03450980392157
f266295f49a28eee21f413e0cbb0521d,2,12.08870949074074,0.0,74.9,14.07
f26d70155c2b6326fcfa1780c8c684e4,1,8.901666666666667,0.0,202.89,16.17
f27e33c6d29b5138fa9967bcd445b6d5,98,12.444732024754346,10.204081632653061,90.69693877551019,16.264795918367348
f3041c2e75ec683697a6a5ea82192210,1,4.528425925925926,0.0,145.0,24.0
f307937c1bb287c3efc2a514b94b0d1d,1,12.577673611111111,0.0,189.99,26.61
f326006815956455b2859abd58fe7e39,30,15.518171682098766,0.0,104.90533333333333,22.200666666666667
f3295428338a40977a03f555246a70f4,7,14.829621362433864,28.57142857142857,92.14,17.771428571428572
f3511c85f59f8dec53d140501ee8e7a8,1,1.9164930555555555,0.0,69.9,8.11
f356c348fbc8df6a882823e21f5ce8b7,2,7.22974537037037,0.0,97.59,15.235
f35b3c613c4f7b2275f4185d0a3c59ec,9,12.80266975308642,22.22222222222222,449.69444444444446,18.56
f35becee938e982bd615edf8ef12bcfb,6,7.9204591049382715,0.0,24.765,13.036666666666667
f3862c2188522d89860c38a3ea8b550d,1,5.868530092592593,0.0,15.5,12.79
f3975e8a41157005d4bcbb358678cd9b,2,8.65745949074074,0.0,89.4,41.989999999999995
f3b80352b986ab4d1057a4b724be19d0,91,10.605887896825397,0.0,107.85824175824176,23.365494505494503
f3c38ab652836d21de61fb8314b69182,15,8.208585648148148,6.666666666666667,105.4,16.506
f3da5b2ff499efb8d4a6d371d175d7dd,82,11.274847702122855,13.414634146341465,43.18158536585366,13.410975609756099
f410c8873029fcc3809b9df6d0b28914,2,7.698258101851852,0.0,144.9,18.65
f419677537694f0462a91990df6ca44f,6,14.250243055555556,16.666666666666664,36.75,13.13
f41ce2e25237f9092cd8e6e7516c7a2f,27,8.657997685185185,0.0,72.66296296296296,11.997037037037037
f435898e493ba0356019a0b1cb8b55b1,12,10.680035686728395,0.0,54.14666666666667,19.243333333333336
f43827dd686be3a4a80e00aa299990fb,2,21.39116898148148,0.0,47.77,15.1
f44b6f775a2b390380e0e30b5c9d3eee,10,8.694234953703704,0.0,293.0,25.824
f44bdc12aa39f5271f0b95f66cd4c289,7,10.519596560846562,14.285714285714285,51.07142857142857,10.652857142857142
f45122a9ab94eb4f3f8953578bc0c560,197,12.486274734442565,7.1065989847715745,110.48060913705584,16.6456345177665
f457c46070d02cadd8a68551231220dd,230,14.452987067230273,6.521739130434782,81.73173913043478,15.872652173913044
f46490624488d3ff7ce78613913a7711,87,10.08549622179651,11.494252873563218,65.4132183908046,19.46448275862069
f4a04f7be452aa3bb31760bf00055dd0,18,9.141429398148148,5.555555555555555,72.89444444444445,13.43611111111111
f4aba7c0bca51484c30ab7bdc34bcdd1,115,10.892263586956522,6.956521739130435,25.66869565217391,13.17591304347826
f4c4daa86e30c7e5a553a8d518ac03a5,18,16.640676440329216,5.555555555555555,332.46166666666664,18.899444444444445
f4ce8ca9fa7157e3b33f536ac9a4487d,4,6.975619212962963,0.0,102.4,24.3825
f4db9b37944bcb8873e6b456ee190bbf,22,13.29969539141414,9.090909090909092,154.99,22.734545454545454
f524ad65d7e0f1daab730ef2d2e86196,2,24.899224537037036,100.0,289.0,15.75
f52c2422904463fdd7741f99045fecb6,13,5.532022792022792,7.6923076923076925,43.676153846153845,13.616153846153846
f593898ec748b7a8cb81fc04edafd98a,22,18.028862584175084,18.181818181818183,117.63818181818182,31.105000000000004
f5a590cf36251cf1162ea35bef76fe84,118,11.821742879001883,10.16949152542373,434.17610169491525,35.03542372881356
f5b44895715ddfe3087dc414f30268f3,19,12.497305677387915,5.263157894736842,19.936842105263157,14.50736842105263
f5b84683a9bf9e1df748cf40f601b39c,1,6.706354166666666,0.0,83.9,9.07
f5f1f2c5f923f36ad79ea1d07185ddc9,11,12.88534196127946,9.090909090909092,137.9790909090909,15.793636363636363
f5f2ab9bdb6b30c14c61be68c5ed37da,18,13.4501858281893,11.11111111111111,118.59333333333335,18.881666666666668
f5f46307a4d15880ca14fab4ad9dfc9b,10,12.918791666666667,10.0,142.294,23.137999999999998
f5fea3ffed6c2e889bab72705557c63a,1,28.703055555555554,100.0,345.0,123.8
f6122bc84774df1b372bdb3bb88ddb9f,3,15.619992283950616,33.33333333333333,1599.9566666666667,24.830000000000002
f615fe7efbef0f4f08fd3086bc7a3e60,23,7.495673309178743,8.695652173913043,89.62478260869565,16.074347826086957
f61c63d13f7cd800549d5acdd390ae72,26,11.74718482905983,7.6923076923076925,118.16538461538462,16.515
f626e15b7314c267e4429010866f70e9,7,9.50479332010582,0.0,27.65,17.924285714285713
f62d7bb4a613ec758a03342d46b580b2,32,13.872097077546297,12.5,770.78125,66.4246875
f63d8f293af3a6454377546bd9dd19ff,28,18.260358796296295,21.428571428571427,62.565,17.683214285714286
f650a9708fa1bab22bdd8d3a818cc415,4,15.323486689814816,0.0,104.01,17.86
f664f98bfda2eaf266a23ff144e7a872,2,2.6854803240740743,0.0,76.995,3.9050000000000002
f67efa3f0b6761102a7f8c6b7b571f5d,32,9.829373191550927,0.0,162.14625,26.2965625
f680f85bee2d253556ac91be391d2c82,54,10.347424554183814,1.8518518518518516,95.99851851851852,16.544814814814814
f682e0f848abafc6f41e0d4e868c66ef,2,19.699797453703702,50.0,134.99,17.01
f7315bb81aea4ddca2d39e249a801c98,2,10.214172453703704,50.0,189.9,25.14
f7496d659ca9fdaf323c0aae84176632,26,12.465313835470086,7.6923076923076925,186.06423076923076,30.93307692307692
f76a3b1349b6df1ee875d1f3fa4340f0,24,17.022680362654324,37.5,173.36625,24.50791666666667
f7720c4fa8e3aba4546301ab80ea1f1b,77,9.924344185906687,3.896103896103896,26.539610389610388,17.107012987012986
f783a638e9c6af4a7d0dbfde811e7a81,5,17.646319444444444,20.0,169.95999999999998,30.619999999999997
f789d2c4f2c2eb38fc4373e7a4b35264,49,10.903803854875282,4.081632653061225,99.27020408163264,17.73469387755102
f7ba60f8c3f99e7ee4042fdef03b70c4,229,13.124415534530165,16.593886462882097,297.2489082969432,18.855633187772924
f7c31656c19db6275a8acadca289f426,1,13.381388888888889,0.0,61.56,16.19
f7ccf836d21b2fb1de37564105216cc1,73,11.043061897513951,9.58904109589041,37.64931506849315,15.177260273972603
f805b96fa705ba7995a221f1749dc141,7,12.984732142857142,0.0,392.0628571428571,34.63285714285714
f80edd2c5aaa505cc4b0a3b219abf4b8,125,12.15315824074074,6.4,70.844,23.48096
f8201cab383e484733266d1906e2fdfa,10,13.045797453703704,20.0,88.9,25.583
f84a00e60c73a49e7e851c9bdca3a5bb,97,11.270389222985871,10.309278350515463,60.30144329896907,19.90824742268041
f84fa566034f5e8e880a07ec624c56af,100,11.47134224537037,12.0,49.939099999999996,12.1042
f88adb15807168d3c43d71021090ce4a,3,6.365833333333334,0.0,162.93333333333334,17.419999999999998
f8d5c7085db9a4ad2b8c1ffbeb2798c8,6,12.526377314814814,0.0,43.833333333333336,16.735
f8db351d8c4c4c22c6835c19a46f01b0,714,9.914259048526818,5.88235294117647,70.1436974789916,17.373137254901962
f8e2c1b59cd4225a3e4fd0d013a76b93,3,10.426342592592592,0.0,73.26666666666667,14.876666666666667
f8f35af4634605e6693c17cc3ffff5a8,1,10.140243055555555,0.0,90.0,16.39
f90f77ef2799a27f80d90c425ca944f7,1,7.389560185185185,0.0,70.0,19.46
f918546be4bec7104d117789ba758b2b,23,11.928280998389695,17.391304347826086,64.47826086956522,15.093478260869563
f9244d45189d3a3605499abddeade7d5,20,15.176920717592594,0.0,754.072,41.036
f92d8c817434bd2d84d4e9c61322b7fa,5,8.32550462962963,20.0,34.968,10.154
f97e2b0650c2068227e1d366140eb62f,21,14.118763227513227,4.761904761904762,174.0,48.18952380952381
f9903dd0f812c7e771fcad47b6fff231,15,13.250454475308642,0.0,112.32333333333334,27.775333333333332
f9bbdd976532d50b7816d285a22bd01e,2,14.890231481481482,0.0,134.0,15.184999999999999
f9d010e39375d9c91dce3f40b73a2f84,5,18.845645833333332,40.0,242.4,27.627999999999997
f9ec7093df3a7b346b7bcf7864069ca3,9,6.317723765432099,11.11111111111111,57.6888888888889,13.214444444444446
f9eedec3129e8cc6b6429c42d0808c5b,2,6.757737268518518,0.0,394.9,21.675
f9f68daa2af419d38f745478bcb3da1a,1,11.757013888888888,0.0,11.2,18.0
fa14641f57b655e933124a9ea49cd7a5,7,6.980003306878307,0.0,51.41857142857142,11.865714285714287
fa1a9dec3a9940c072684a46728bf1fc,60,14.58622762345679,0.0,111.23333333333333,20.0285
fa1c13f2614d7b5c4749cbc52fecda94,579,13.341870562272117,10.189982728842832,329.7359930915371,17.126701208981004
fa3a0b5aabb344b9a92e3524b0202123,7,11.636570767195767,14.285714285714285,255.57142857142858,23.487142857142857
fa40cc5b934574b62717c68f3d678b6d,337,11.200961884547754,5.934718100890208,47.18243323442136,13.30127596439169
fa5fdc4e4bb6bd1009ad0e4ac4096562,1,7.057268518518518,0.0,161.99,32.86
fa74b2f3287d296e9fbd2cc80f2d1cf1,5,30.38007407407407,40.0,254.898,15.236
fa8d335d68129e464e60c1826a683e96,1,22.21934027777778,0.0,139.9,34.78
fac1a9017ade7bdc94058fc1c969f355,10,7.564819444444444,0.0,201.084,21.207
fac35d150712afb921ec59ac5f39bb11,6,10.682179783950616,0.0,116.0,17.44
fad44952713764836814be105382aee5,32,10.79425925925926,3.125,160.28125,15.87125
fadb07c842a2aef5d5a676b85f220e71,7,6.430039682539683,0.0,56.964285714285715,24.517142857142858
fb3cfbc8a86f5d7fbb4d36b8df63f60d,15,7.461125,0.0,67.15333333333334,14.517333333333333
fb503a924a0b9db19d83dd0ac6dbef8c,1,6.547800925925926,0.0,13.9,17.92
fb8904a8ea99f8831b64ce27db2c1765,2,11.159346064814816,50.0,139.0,12.18
fb89df7f89fd1b8f03fa2acca1ba7364,25,15.548353240740742,8.0,88.8,18.6972
fbc14c0cf93505ef89f64665ffa4a7b5,18,12.070780606995886,5.555555555555555,679.3233333333333,29.50611111111111
fc0b214b59a83615fea981c6424a02ae,1,4.384398148148148,0.0,159.9,12.14
fc38b5dceee1a730fad8853453437fbd,5,7.9680231481481485,0.0,23.84,11.762
fc4751cfe3b279c419615b9b00c1abb4,1,8.010011574074074,0.0,453.7,17.35
fc59392d66ef99377e50356ee4f3b4e1,5,7.950819444444446,0.0,103.998,17.394
fc5a0d7a310a7a41abf86a458585ff2b,1,13.929652777777777,0.0,117.9,19.07
fc6295add6f51a0936407ead70c1001d,4,13.800219907407408,0.0,40.0,17.63
fc906263ca5083d09dce42fe02247800,117,9.348499525166192,0.0,37.75982905982906,15.857948717948718
fc908879b9ca1bd65419e54e50432d38,4,8.675014467592593,0.0,29.799999999999997,13.17
fcb5ace8bcc92f75707dc0f01a27d269,70,10.425272817460316,2.857142857142857,114.41928571428572,12.935571428571428
fcba71d4d5db057f43249145e4eb1e27,3,18.623179012345677,0.0,164.85,17.906666666666666
fcdd820084f17e9982427971e4e9d47f,27,11.072314814814815,7.4074074074074066,177.1848148148148,32.657407407407405
fce62094ffe6a4009188ec44e681dfdd,11,18.97176872895623,45.45454545454545,269.97272727272724,43.902727272727276
fcf16b7a8697e559f0123190bb30177d,7,15.83217757936508,57.14285714285714,150.4,71.39571428571428
fd312b6bf05efac6c3772d5b52205d8a,4,6.378287037037037,0.0,29.674999999999997,11.405
fd386aa7bed2af3c7035c65506c9b4a3,76,8.330300469054581,10.526315789473683,30.31776315789474,13.316052631578946
fd435faa3c0422b60440ea3480d0e77c,1,9.468483796296296,0.0,749.0,133.87
fdaaf5bfda82b7b80535610c831b8d09,15,11.031408950617283,20.0,172.59333333333333,17.294666666666668
fdb9095204a334cd8872252ffec6f2db,61,8.870835610200364,4.918032786885246,133.70491803278688,18.57983606557377
fde0cc9ea29c8ccfc0a2c22256a58c71,35,8.711281084656084,2.857142857142857,112.05714285714286,28.550571428571427
fdf736c18c589ed030e058312203e1b2,1,5.490983796296296,0.0,30.0,14.51
fe19dce63ae80346207c6c55713d1023,1,7.0012384259259255,0.0,49.9,21.82
fe1b067411b8c5066e962aa146ccee03,8,8.78437210648148,0.0,105.9725,17.8875
fe1bbc5feda5c8979a8a1b3b2512d5a6,10,11.625980324074074,10.0,72.47200000000001,13.753
fe2032dab1a61af8794248c8196565c9,305,10.600771782027929,8.524590163934425,215.37609836065576,15.44554098360656
fe26f3ecb51a15e6d8335cd92da42562,7,10.683282076719577,14.285714285714285,386.9942857142857,37.51285714285715
fe49ee029e61e789a1f3a5525f57ba8d,16,10.416166811342592,6.25,154.605625,13.59125
fe4cd9461203cee790d36792420b310f,3,14.347658179012347,0.0,130.38333333333333,18.126666666666665
fe701d88b67eaca109dffd464d1be9f9,10,12.424614583333334,10.0,135.9,21.902
fe8055980a4ff7f64ed889c2b5926929,3,6.485983796296296,0.0,65.56666666666668,17.76
fe87f472055fbcf1d7e691c00b1560dc,6,6.001875000000001,16.666666666666664,180.96666666666667,21.69333333333333
fe9d9cf8631285d5982c6e2cf27fb114,1,4.90292824074074,0.0,69.9,23.64
feb793c88d836c3a75efa4b5a3465d70,1,5.986342592592592,0.0,466.0,64.17
febab0275244b9a49a623f0bd613ca2f,126,8.174898589065256,3.968253968253968,56.308095238095234,23.06738095238095
fec6275253471ace26d209bbaa64cd0f,10,13.27862384259259,0.0,284.0,35.567
fec8cd45395b3cb0c2b173d7739706a1,4,10.44833912037037,0.0,320.0,24.235
fedaedd3ca31d56ab33e92035e4b361c,1,8.62082175925926,0.0,39.9,10.96
fedf2c1386e137f296b3bbf3b635e69d,5,10.687655092592593,0.0,26.348000000000003,15.831999999999999
ff063b022a9a0aab91bad2c9088760b7,96,9.401329571759259,3.125,125.796875,20.6746875
ff1e15b778c700abdd4d239b81ac466d,7,7.551547619047619,0.0,59.18571428571429,16.408571428571427
ff1fb4c404b2efe68b03350a8dc24122,49,9.905753023431595,14.285714285714285,138.18367346938774,18.28469387755102
ff314fa6033cc68ec451c47aee2d6ba4,2,10.687337962962962,0.0,268.95,16.22
ff4e2d38692ce827b1a4f4b8196e680d,11,9.210698653198653,0.0,47.17272727272727,13.661818181818182
ff4ea69c2a729e83e63c7579e4ef8170,8,11.463975694444445,0.0,796.0,19.9775
ff69aa92bb6b1bf9b8b7a51c2ed9cf8b,20,11.462290509259258,25.0,1097.04,87.72
ff82e8873fba613f2261a9acc896fd84,4,9.54111400462963,0.0,31.15,14.7325
ffa6adafb71b807dc13159e26431354c,17,9.852557189542482,0.0,147.11176470588236,30.381176470588237
ffad1e7127fb622cb64a900751590acd,15,8.469956790123456,0.0,58.95333333333333,13.768666666666666
ffc470761de7d0232558ba5e786e57b7,30,10.081843364197532,6.666666666666667,50.971000000000004,14.036333333333333
ffdd9f82b9a447f6f8d4b91554cc7dd3,20,10.32411284722222,0.0,105.05999999999999,36.373000000000005
ffeee66ac5d5a62fe688b9d26f83f534,14,18.074880952380955,14.285714285714285,131.41857142857143,29.977857142857143
fffd5413c0700ac820c7069d66d98c89,58,13.744652977330778,13.793103448275861,147.1551724137931,44.6603448275862
ffff564a4f9085cd26170f4732393726,8,12.49623263888889,0.0,44.875,14.41875
